Method,Class,RiskName,RiskValue,FocusS,Seed,ExpectedPayoff,WorstCaseQ5,SCShare,Converged,Rounds,RuntimeSec
Proposed IT2-W-FBRI,Proposed,alpha,0,0,42,0.741137178652318,0.731260491660897,8.94770901959793e-05,1,41,0.0064544
Proposed IT2-W-FBRI,Proposed,alpha,0,5,42,0.740890843806061,0.730964414389636,1.67056657996154e-05,1,46,0.0097058
Proposed IT2-W-FBRI,Proposed,alpha,0,10,42,0.740891425227206,0.730964700352588,1.39726111308824e-05,1,46,0.009116
Proposed IT2-W-FBRI,Proposed,alpha,0,15,42,0.742510986540804,0.732884770111314,2.66572993875613e-05,1,44,0.0100794
Proposed IT2-W-FBRI,Proposed,alpha,0,20,42,0.780860458938929,0.776624136738076,2.57580656912057e-05,1,44,0.0086848
Proposed IT2-W-FBRI,Proposed,alpha,0,40,42,0.816155980158744,0.808096007205482,1.21092496787896e-05,1,46,0.0097993
Proposed IT2-W-FBRI,Proposed,alpha,0.1,0,42,0.742570531369178,0.733041516386201,0.00151740961509688,1,41,0.0056423
Proposed IT2-W-FBRI,Proposed,alpha,0.1,5,42,0.740891384518415,0.730965033459294,1.86250980460373e-05,1,46,0.0074434
Proposed IT2-W-FBRI,Proposed,alpha,0.1,10,42,0.740892138148782,0.730965610050607,1.58602797024947e-05,1,46,0.0074441
Proposed IT2-W-FBRI,Proposed,alpha,0.1,15,42,0.746590244857405,0.737689384069952,3.04376493586671e-05,1,44,0.0073358
Proposed IT2-W-FBRI,Proposed,alpha,0.1,20,42,0.789065508768709,0.784676359770177,2.94989246615505e-05,1,44,0.0069898
Proposed IT2-W-FBRI,Proposed,alpha,0.1,40,42,0.81615813482257,0.808097203641258,1.39203732009161e-05,1,46,0.0075375
Proposed IT2-W-FBRI,Proposed,alpha,0.2,0,42,0.758365734634069,0.733648754547999,0.0601391380736286,1,52,0.0068233
Proposed IT2-W-FBRI,Proposed,alpha,0.2,5,42,0.740891863424806,0.730965627728431,2.06917429815385e-05,1,45,0.0076056
Proposed IT2-W-FBRI,Proposed,alpha,0.2,10,42,0.74089835906107,0.730973061797073,1.7946892094428e-05,1,45,0.0075549
Proposed IT2-W-FBRI,Proposed,alpha,0.2,15,42,0.755044630029802,0.748562277743792,3.46500145607392e-05,1,44,0.0094375
Proposed IT2-W-FBRI,Proposed,alpha,0.2,20,42,0.797466519708127,0.792630085232451,3.3688092855546e-05,1,44,0.0072564
Proposed IT2-W-FBRI,Proposed,alpha,0.2,40,42,0.816159848007069,0.808098072711541,1.59602616921162e-05,1,46,0.0076651
Proposed IT2-W-FBRI,Proposed,alpha,0.3,0,42,0.821578694340311,0.577751580022203,0.576249883025871,1,48,0.0064632
Proposed IT2-W-FBRI,Proposed,alpha,0.3,5,42,0.740892348753772,0.730966253857994,2.28978853278534e-05,1,44,0.0075501
Proposed IT2-W-FBRI,Proposed,alpha,0.3,10,42,0.740989685966804,0.731081447469154,2.02286511159745e-05,1,45,0.0077258
Proposed IT2-W-FBRI,Proposed,alpha,0.3,15,42,0.76747723268019,0.762595013336259,3.93219269001433e-05,1,43,0.007406
Proposed IT2-W-FBRI,Proposed,alpha,0.3,20,42,0.805416545821089,0.799714029886322,3.83583149921515e-05,1,43,0.0083878
Proposed IT2-W-FBRI,Proposed,alpha,0.3,40,42,0.816161229281284,0.808098685770384,1.82442668398857e-05,1,46,0.0077001
Proposed IT2-W-FBRI,Proposed,alpha,0.4,0,42,0.826235235636681,0.516284922208288,0.719867340991445,1,42,0.0059164
Proposed IT2-W-FBRI,Proposed,alpha,0.4,5,42,0.74089413085581,0.730968431974595,2.52324423718635e-05,1,44,0.0074719
Proposed IT2-W-FBRI,Proposed,alpha,0.4,10,42,0.742288303334628,0.732620693705681,3.24459330948871e-05,1,44,0.0074996
Proposed IT2-W-FBRI,Proposed,alpha,0.4,15,42,0.782631022277696,0.77837665535483,4.44511222289815e-05,1,43,0.0072748
Proposed IT2-W-FBRI,Proposed,alpha,0.4,20,42,0.811621409233794,0.804968806924723,4.35124796500795e-05,1,43,0.0072635
Proposed IT2-W-FBRI,Proposed,alpha,0.4,40,42,0.816162362726454,0.808099097013797,2.0787690148277e-05,1,45,0.0075612
Proposed IT2-W-FBRI,Proposed,alpha,0.5,0,42,0.82668639778104,0.469608353464829,0.817368393163335,1,42,0.0056755
Proposed IT2-W-FBRI,Proposed,alpha,0.5,5,42,0.740961321285579,0.731048188706892,2.76950193035726e-05,1,43,0.0071695
Proposed IT2-W-FBRI,Proposed,alpha,0.5,10,42,0.752608691363784,0.7455171928829,5.18328907102544e-05,1,42,0.0068012
Proposed IT2-W-FBRI,Proposed,alpha,0.5,15,42,0.798623175223444,0.793752262557758,5.00575479038017e-05,1,42,0.006691
Proposed IT2-W-FBRI,Proposed,alpha,0.5,20,42,0.814850229940915,0.807211420636198,3.44188297148476e-05,1,44,0.0072175
Proposed IT2-W-FBRI,Proposed,alpha,0.5,40,42,0.81616331259121,0.808099349463455,2.35920204892202e-05,1,45,0.0074597
Proposed IT2-W-FBRI,Proposed,alpha,0.6,0,42,0.826392057591823,0.432552579637735,0.891987787220159,1,42,0.0074326
Proposed IT2-W-FBRI,Proposed,alpha,0.6,5,42,0.744027784184014,0.734675391071586,4.32568010178037e-05,1,42,0.0070516
Proposed IT2-W-FBRI,Proposed,alpha,0.6,10,42,0.779167948417752,0.774892725442405,4.03914290691212e-05,1,43,0.0083719
Proposed IT2-W-FBRI,Proposed,alpha,0.6,15,42,0.811092191443077,0.804577894652469,5.6122525129258e-05,1,42,0.0070317
Proposed IT2-W-FBRI,Proposed,alpha,0.6,20,42,0.815865334660634,0.807898816570795,2.71138514664249e-05,1,44,0.0071334
Proposed IT2-W-FBRI,Proposed,alpha,0.6,40,42,0.816164127748933,0.808099474529517,2.66658347067457e-05,1,44,0.0072858
Proposed IT2-W-FBRI,Proposed,alpha,0.7,0,42,0.826001069079439,0.406356704235207,0.943559731729133,1,42,0.0074842
Proposed IT2-W-FBRI,Proposed,alpha,0.7,5,42,0.782889614607101,0.778720538854482,0.00132275630376374,1,42,0.0073337
Proposed IT2-W-FBRI,Proposed,alpha,0.7,10,42,0.807420265299728,0.801416416619988,5.76652120033735e-05,1,42,0.007099
Proposed IT2-W-FBRI,Proposed,alpha,0.7,15,42,0.815496820533872,0.807650071594884,3.11273196560225e-05,1,43,0.0076201
Proposed IT2-W-FBRI,Proposed,alpha,0.7,20,42,0.816102086145522,0.808057345406441,3.04026790782484e-05,1,44,0.0095983
Proposed IT2-W-FBRI,Proposed,alpha,0.7,40,42,0.81616484547538,0.808099498549063,3.00008232876223e-05,1,44,0.0077638
Proposed IT2-W-FBRI,Proposed,alpha,0.8,0,42,0.825715556015672,0.390944878387485,0.973683090411013,1,43,0.008345
Proposed IT2-W-FBRI,Proposed,alpha,0.8,5,42,0.82301277676771,0.687933276652239,0.33458375795758,1,42,0.0100975
Proposed IT2-W-FBRI,Proposed,alpha,0.8,10,42,0.816355977831689,0.807497691006869,0.0220698744437356,1,42,0.0102844
Proposed IT2-W-FBRI,Proposed,alpha,0.8,15,42,0.816144509214375,0.808146937245533,0.00149244404038002,1,43,0.0096221
Proposed IT2-W-FBRI,Proposed,alpha,0.8,20,42,0.816160178290184,0.808065129356334,0.000272730653185244,1,43,0.0095684
Proposed IT2-W-FBRI,Proposed,alpha,0.8,40,42,0.816165985250412,0.80809734699802,5.00198345289317e-05,1,43,0.0074333
Proposed IT2-W-FBRI,Proposed,alpha,0.85,0,42,0.82562371142324,0.386296785144689,0.982582533623599,1,43,0.0059946
Proposed IT2-W-FBRI,Proposed,alpha,0.85,5,42,0.82661871880101,0.571397311202079,0.604053136725258,1,42,0.0092586
Proposed IT2-W-FBRI,Proposed,alpha,0.85,10,42,0.821706437972627,0.734707743374239,0.221140616843498,1,42,0.0072723
Proposed IT2-W-FBRI,Proposed,alpha,0.85,15,42,0.817904651066525,0.794698066926992,0.0613635848859518,1,42,0.0112755
Proposed IT2-W-FBRI,Proposed,alpha,0.85,20,42,0.816730182583404,0.808698689579018,0.0193908043535717,1,42,0.0070692
Proposed IT2-W-FBRI,Proposed,alpha,0.85,40,42,0.816249869270042,0.808316337429399,0.00284578664235166,1,43,0.0071461
Proposed IT2-W-FBRI,Proposed,alpha,0.9,0,42,0.825559464858401,0.383061822175042,0.988625360264009,1,43,0.0057236
Proposed IT2-W-FBRI,Proposed,alpha,0.9,5,42,0.826718665992567,0.459791039427172,0.837588494718528,1,42,0.0068619
Proposed IT2-W-FBRI,Proposed,alpha,0.9,10,42,0.826704495405817,0.569324425110493,0.608811487930875,1,42,0.0067455
Proposed IT2-W-FBRI,Proposed,alpha,0.9,15,42,0.825336400409119,0.644327553584641,0.441426922249947,1,42,0.0068451
Proposed IT2-W-FBRI,Proposed,alpha,0.9,20,42,0.823876667636219,0.688454587881466,0.335716956769465,1,42,0.0070354
Proposed IT2-W-FBRI,Proposed,alpha,0.9,40,42,0.821207859405826,0.745026688646954,0.194693404181358,1,42,0.0117288
Proposed IT2-W-FBRI,Proposed,alpha,1,0,42,0.825487418043055,0.379429516202862,0.995244075895371,1,43,0.0058018
Proposed IT2-W-FBRI,Proposed,alpha,1,5,42,0.825487418043055,0.379429516202862,0.995244075895371,1,43,0.0102626
Proposed IT2-W-FBRI,Proposed,alpha,1,10,42,0.825487418043055,0.379429516202862,0.995244075895371,1,43,0.0074122
Proposed IT2-W-FBRI,Proposed,alpha,1,15,42,0.825487418043055,0.379429516202862,0.995244075895371,1,43,0.0077595
Proposed IT2-W-FBRI,Proposed,alpha,1,20,42,0.825487418043055,0.379429516202862,0.995244075895371,1,43,0.0071882
Proposed IT2-W-FBRI,Proposed,alpha,1,40,42,0.825487418043055,0.379429516202862,0.995244075895371,1,43,0.0073908
Isobe-APP,Convergence SOTA,none,NaN,NaN,42,0.825442834588501,0.376853067344815,0.999952604051967,1,42,0.0041653
RQE,Robust SOTA,rqe_tau,0.5,NaN,42,0.788835918640423,0.623901371420338,0.387079009704162,1,23,0.2354556
RQE,Robust SOTA,rqe_tau,1,NaN,42,0.788858440382311,0.62382645060958,0.387301729845702,1,23,0.2270732
RQE,Robust SOTA,rqe_tau,2,NaN,42,0.788903851839452,0.623674946080243,0.387751753161038,1,23,0.2336475
RQE,Robust SOTA,rqe_tau,5,NaN,42,0.789042689321502,0.623208079331812,0.389135510165119,1,23,0.2519596
RQE,Robust SOTA,rqe_tau,10,NaN,42,0.789280181333119,0.622396330604513,0.39153077557716,1,23,0.2351402
RQE,Robust SOTA,rqe_tau,20,NaN,42,0.789757026692299,0.62071665002975,0.396447004690457,1,24,0.2758685
RQE,Robust SOTA,rqe_tau,50,NaN,42,0.790810637454917,0.616662497380019,0.408046575209918,1,24,0.307161
MF-RQE,Robust SOTA,mfrqe_tau,0.5,NaN,42,0.778517098519607,0.648543947677132,0.305679700496965,1,22,0.2337345
MF-RQE,Robust SOTA,mfrqe_tau,1,NaN,42,0.777806106186017,0.649557321174963,0.30159767495099,1,22,0.2431414
MF-RQE,Robust SOTA,mfrqe_tau,2,NaN,42,0.776407455972638,0.651500655971075,0.293680068763852,1,22,0.2796997
MF-RQE,Robust SOTA,mfrqe_tau,5,NaN,42,0.772756464256917,0.656262321334146,0.273686363205582,1,21,0.2242805
MF-RQE,Robust SOTA,mfrqe_tau,10,NaN,42,0.76921626886633,0.660492447594889,0.255170663561366,1,20,0.2115451
MF-RQE,Robust SOTA,mfrqe_tau,20,NaN,42,0.767302187799407,0.662636077660613,0.245498098235752,1,19,0.2321608
MF-RQE,Robust SOTA,mfrqe_tau,50,NaN,42,0.766979250380709,0.662988626813362,0.243887842033785,1,19,0.2096925
CVaR-game,Robust SOTA,cvar_alpha,0.05,NaN,42,0.740891201721192,0.730963178515555,1.14996634136185e-05,1,28,0.089788
CVaR-game,Robust SOTA,cvar_alpha,0.1,NaN,42,0.740891201721192,0.730963178515555,1.14996634136185e-05,1,28,0.0934181
CVaR-game,Robust SOTA,cvar_alpha,0.2,NaN,42,0.740891201721192,0.730963178515555,1.14996634136185e-05,1,28,0.0905852
CVaR-game,Robust SOTA,cvar_alpha,0.3,NaN,42,0.740891201721192,0.730963178515555,1.14996634136185e-05,1,28,0.0985634
CVaR-game,Robust SOTA,cvar_alpha,0.5,NaN,42,0.825440293414442,0.376841855147799,0.999965501009759,1,28,0.0912566
CVaR-game,Robust SOTA,cvar_alpha,0.7,NaN,42,0.825440293414442,0.376841855147799,0.999965501009759,1,28,0.102207
CVaR-game,Robust SOTA,cvar_alpha,0.9,NaN,42,0.825440293414442,0.376841855147799,0.999965501009759,1,28,0.094042
DRNE-VI,Robust SOTA,drne_alpha,0.1,NaN,42,0.823069620191526,0.529619211339714,0.68314808412777,0,300,0.0070472
DRNE-VI,Robust SOTA,drne_alpha,0.3,NaN,42,0.821469226113682,0.55956520686799,0.614740028810854,0,300,0.0063926
DRNE-VI,Robust SOTA,drne_alpha,0.5,NaN,42,0.817142202622606,0.594342953786739,0.527848662315903,0,300,0.0063432
DRNE-VI,Robust SOTA,drne_alpha,0.7,NaN,42,0.802362938198968,0.646490473000182,0.372300867869437,0,300,0.0064543
DRNE-VI,Robust SOTA,drne_alpha,0.9,NaN,42,0.786040133058509,0.695012663420887,0.218513674676503,0,300,0.0070669
DRNE-VI,Robust SOTA,drne_alpha,0.95,NaN,42,0.785301699168652,0.697093883188167,0.211739533641091,0,300,0.0039549
Proposed IT2-W-FBRI,Proposed,alpha,0,0,43,0.740120946974023,0.731153200847039,8.94772728275133e-05,1,41,0.0056009
Proposed IT2-W-FBRI,Proposed,alpha,0,5,43,0.739866617600916,0.730838123028485,1.67057005039697e-05,1,46,0.0113656
Proposed IT2-W-FBRI,Proposed,alpha,0,10,43,0.739867137849961,0.730838554846286,1.39726447196921e-05,1,46,0.0078621
Proposed IT2-W-FBRI,Proposed,alpha,0,15,43,0.741529020628807,0.732850119514306,2.66573671957764e-05,1,44,0.0102531
Proposed IT2-W-FBRI,Proposed,alpha,0,20,43,0.780481058259259,0.775844940229209,2.57581332109328e-05,1,44,0.0074111
Proposed IT2-W-FBRI,Proposed,alpha,0,40,43,0.815661346509097,0.806501254051611,1.21092825683405e-05,1,46,0.0100518
Proposed IT2-W-FBRI,Proposed,alpha,0.1,0,43,0.74162179625458,0.733012787672329,0.00151740980292185,1,41,0.0055071
Proposed IT2-W-FBRI,Proposed,alpha,0.1,5,43,0.739867203290907,0.730838814218595,1.86251323266535e-05,1,46,0.0077485
Proposed IT2-W-FBRI,Proposed,alpha,0.1,10,43,0.739867906229514,0.730839521926123,1.58603130850411e-05,1,46,0.0077773
Proposed IT2-W-FBRI,Proposed,alpha,0.1,15,43,0.745708093043073,0.737981682811711,3.04377168508178e-05,1,44,0.0074343
Proposed IT2-W-FBRI,Proposed,alpha,0.1,20,43,0.788717129910809,0.783380874957276,2.94989918991192e-05,1,44,0.0073717
Proposed IT2-W-FBRI,Proposed,alpha,0.1,40,43,0.815663514232999,0.806503056264741,1.39204059577313e-05,1,46,0.0094434
Proposed IT2-W-FBRI,Proposed,alpha,0.2,0,43,0.759024303721415,0.736465394339047,0.0601391382701496,1,52,0.0068095
Proposed IT2-W-FBRI,Proposed,alpha,0.2,5,43,0.73986773167866,0.730839461646606,2.06917908838619e-05,1,45,0.0076312
Proposed IT2-W-FBRI,Proposed,alpha,0.2,10,43,0.739874331577047,0.730847467341272,1.79469391094686e-05,1,45,0.0076754
Proposed IT2-W-FBRI,Proposed,alpha,0.2,15,43,0.754342358165584,0.748129819240887,3.46500815090405e-05,1,44,0.0118485
Proposed IT2-W-FBRI,Proposed,alpha,0.2,20,43,0.797113825790229,0.791030977171082,3.36881595894232e-05,1,44,0.0074452
Proposed IT2-W-FBRI,Proposed,alpha,0.2,40,43,0.815665251010527,0.806504532464549,1.59602942120437e-05,1,46,0.0076643
Proposed IT2-W-FBRI,Proposed,alpha,0.3,0,43,0.834341093623815,0.578462750884235,0.576249883065678,1,48,0.0062806
Proposed IT2-W-FBRI,Proposed,alpha,0.3,5,43,0.739868270834954,0.730840135173787,2.28979521349825e-05,1,44,0.0103271
Proposed IT2-W-FBRI,Proposed,alpha,0.3,10,43,0.739968103444356,0.730963086322309,2.02286975136537e-05,1,45,0.007251
Proposed IT2-W-FBRI,Proposed,alpha,0.3,15,43,0.766973263141294,0.762098308481769,3.93220210707356e-05,1,43,0.0097075
Proposed IT2-W-FBRI,Proposed,alpha,0.3,20,43,0.805026025897376,0.797971554575277,3.8358408931271e-05,1,43,0.0072231
Proposed IT2-W-FBRI,Proposed,alpha,0.3,40,43,0.815666665384943,0.806505768765275,1.82442990028351e-05,1,46,0.0075658
Proposed IT2-W-FBRI,Proposed,alpha,0.4,0,43,0.842497887714625,0.518792606680027,0.719867341067881,1,42,0.0057468
Proposed IT2-W-FBRI,Proposed,alpha,0.4,5,43,0.739870144098305,0.730842460532247,2.52325077404572e-05,1,44,0.0069958
Proposed IT2-W-FBRI,Proposed,alpha,0.4,10,43,0.741300693760883,0.732594479296917,3.24459982301506e-05,1,44,0.0070332
Proposed IT2-W-FBRI,Proposed,alpha,0.4,15,43,0.782261638500117,0.777580019366654,4.44512149285214e-05,1,43,0.0070339
Proposed IT2-W-FBRI,Proposed,alpha,0.4,20,43,0.811178505257129,0.802949561700041,4.35125721788226e-05,1,43,0.0069322
Proposed IT2-W-FBRI,Proposed,alpha,0.4,40,43,0.815667840725706,0.806506831488323,2.07877352825781e-05,1,45,0.0080757
Proposed IT2-W-FBRI,Proposed,alpha,0.5,0,43,0.845438423428001,0.473512380665255,0.817368393230777,1,42,0.0055937
Proposed IT2-W-FBRI,Proposed,alpha,0.5,5,43,0.739939148141169,0.730927547175307,2.76951101472003e-05,1,43,0.0070473
Proposed IT2-W-FBRI,Proposed,alpha,0.5,10,43,0.75185870215599,0.745293353591533,5.18330205018859e-05,1,42,0.007446
Proposed IT2-W-FBRI,Proposed,alpha,0.5,15,43,0.798267362210149,0.792053551420286,5.00576774326282e-05,1,42,0.0090523
Proposed IT2-W-FBRI,Proposed,alpha,0.5,20,43,0.81437187862533,0.80548677882636,3.44188932170507e-05,1,44,0.0072486
Proposed IT2-W-FBRI,Proposed,alpha,0.5,40,43,0.815668840518296,0.806507770613237,2.35920647651776e-05,1,45,0.0073364
Proposed IT2-W-FBRI,Proposed,alpha,0.6,0,43,0.847097875077596,0.437118741107484,0.891987787281483,1,42,0.006418
Proposed IT2-W-FBRI,Proposed,alpha,0.6,5,43,0.743084159323947,0.734652064730987,4.32569273250923e-05,1,42,0.00689
Proposed IT2-W-FBRI,Proposed,alpha,0.6,10,43,0.778778138439552,0.774179057711838,4.03915176552969e-05,1,43,0.0081255
Proposed IT2-W-FBRI,Proposed,alpha,0.6,15,43,0.810654825978284,0.802531075476516,5.61226515827327e-05,1,42,0.0071788
Proposed IT2-W-FBRI,Proposed,alpha,0.6,20,43,0.815374628357258,0.806276706416617,2.71139133847504e-05,1,44,0.0086469
Proposed IT2-W-FBRI,Proposed,alpha,0.6,40,43,0.815669713211767,0.806508624642148,2.66658964268538e-05,1,44,0.0072034
Proposed IT2-W-FBRI,Proposed,alpha,0.7,0,43,0.848079129174838,0.411261574513947,0.943559731790599,1,42,0.0062068
Proposed IT2-W-FBRI,Proposed,alpha,0.7,5,43,0.782549033169283,0.777909231284762,0.00132275642277055,1,42,0.0093326
Proposed IT2-W-FBRI,Proposed,alpha,0.7,10,43,0.80701543215227,0.799727176926824,5.7665334930538e-05,1,42,0.0070268
Proposed IT2-W-FBRI,Proposed,alpha,0.7,15,43,0.815010700162967,0.805990494943351,3.11274057368374e-05,1,43,0.0072603
Proposed IT2-W-FBRI,Proposed,alpha,0.7,20,43,0.815608525149342,0.80646075479754,3.04027392649337e-05,1,44,0.0074761
Proposed IT2-W-FBRI,Proposed,alpha,0.7,40,43,0.815670495440119,0.806509421931716,3.00008833229962e-05,1,44,0.0079835
Proposed IT2-W-FBRI,Proposed,alpha,0.8,0,43,0.848603173690985,0.395910208658775,0.973683090462348,1,43,0.0077276
Proposed IT2-W-FBRI,Proposed,alpha,0.8,5,43,0.829941397240453,0.688077126042713,0.334583758032445,1,42,0.0072203
Proposed IT2-W-FBRI,Proposed,alpha,0.8,10,43,0.816336441256003,0.806760962626685,0.0220698745531432,1,42,0.0100732
Proposed IT2-W-FBRI,Proposed,alpha,0.8,15,43,0.815681998293857,0.806596031050102,0.00149244412369309,1,43,0.0079527
Proposed IT2-W-FBRI,Proposed,alpha,0.8,20,43,0.815671129111702,0.806522800846278,0.000272730736575892,1,43,0.0093066
Proposed IT2-W-FBRI,Proposed,alpha,0.8,40,43,0.815672054827899,0.806511715204745,5.00199177723797e-05,1,43,0.0078139
Proposed IT2-W-FBRI,Proposed,alpha,0.85,0,43,0.848751623180302,0.391340614724762,0.982582533680608,1,43,0.0075314
Proposed IT2-W-FBRI,Proposed,alpha,0.85,5,43,0.839967115991584,0.572309123417063,0.604053136798613,1,42,0.0073052
Proposed IT2-W-FBRI,Proposed,alpha,0.85,10,43,0.82603906041736,0.734931427309811,0.221140616929298,1,42,0.0097112
Proposed IT2-W-FBRI,Proposed,alpha,0.85,15,43,0.818722256076306,0.796775256054206,0.0613635849806203,1,42,0.0072382
Proposed IT2-W-FBRI,Proposed,alpha,0.85,20,43,0.816647757926658,0.806851629675931,0.0193908044589395,1,42,0.0085931
Proposed IT2-W-FBRI,Proposed,alpha,0.85,40,43,0.815815284034639,0.806772533041533,0.00284578672211637,1,43,0.0076746
Proposed IT2-W-FBRI,Proposed,alpha,0.9,0,43,0.848850830256988,0.38822897650479,0.988625360326209,1,43,0.0087167
Proposed IT2-W-FBRI,Proposed,alpha,0.9,5,43,0.845994421828444,0.463893364854485,0.837588494778925,1,42,0.0101079
Proposed IT2-W-FBRI,Proposed,alpha,0.9,10,43,0.84016899379605,0.570244684878281,0.608811487998536,1,42,0.0100845
Proposed IT2-W-FBRI,Proposed,alpha,0.9,15,43,0.834749833840826,0.644064902696333,0.441426922319477,1,42,0.0094859
Proposed IT2-W-FBRI,Proposed,alpha,0.9,20,43,0.830816624919181,0.688488572180105,0.335716956838201,1,42,0.0072505
Proposed IT2-W-FBRI,Proposed,alpha,0.9,40,43,0.824947930855514,0.745425655636074,0.194693404241952,1,42,0.007086
Proposed IT2-W-FBRI,Proposed,alpha,1,0,43,0.848958082879378,0.384812704148581,0.995244075964671,1,43,0.0058121
Proposed IT2-W-FBRI,Proposed,alpha,1,5,43,0.848958082879378,0.384812704148581,0.995244075964671,1,43,0.0072078
Proposed IT2-W-FBRI,Proposed,alpha,1,10,43,0.848958082879378,0.384812704148581,0.995244075964671,1,43,0.0082966
Proposed IT2-W-FBRI,Proposed,alpha,1,15,43,0.848958082879378,0.384812704148581,0.995244075964671,1,43,0.0068632
Proposed IT2-W-FBRI,Proposed,alpha,1,20,43,0.848958082879378,0.384812704148581,0.995244075964671,1,43,0.0065749
Proposed IT2-W-FBRI,Proposed,alpha,1,40,43,0.848958082879378,0.384812704148581,0.995244075964671,1,43,0.0072765
Isobe-APP,Convergence SOTA,none,NaN,NaN,43,0.849040992504714,0.382389712886954,0.999952680845484,1,42,0.0045407
RQE,Robust SOTA,rqe_tau,0.5,NaN,43,0.797410193669687,0.624156378526133,0.387079009704162,1,23,0.2253762
RQE,Robust SOTA,rqe_tau,1,NaN,43,0.797437918421518,0.624081956015568,0.387301729845702,1,23,0.2439221
RQE,Robust SOTA,rqe_tau,2,NaN,43,0.797493843931078,0.623931462870682,0.387751753161038,1,23,0.2431702
RQE,Robust SOTA,rqe_tau,5,NaN,43,0.797665018742532,0.623467743793668,0.389135510165119,1,23,0.2377456
RQE,Robust SOTA,rqe_tau,10,NaN,43,0.797958515603386,0.622661577556598,0.39153077557716,1,23,0.2192285
RQE,Robust SOTA,rqe_tau,20,NaN,43,0.798550422685152,0.620993861962872,0.396447004690457,1,24,0.270724
RQE,Robust SOTA,rqe_tau,50,NaN,43,0.799876305601922,0.61697079822179,0.408046575209918,1,24,0.3015164
MF-RQE,Robust SOTA,mfrqe_tau,0.5,NaN,43,0.78520479129387,0.648927715207569,0.305679700496965,1,22,0.218752
MF-RQE,Robust SOTA,mfrqe_tau,1,NaN,43,0.784400311415283,0.649918906121823,0.30159767495099,1,22,0.219895
MF-RQE,Robust SOTA,mfrqe_tau,2,NaN,43,0.782820251473407,0.651800442151622,0.293680068763852,1,22,0.2656409
MF-RQE,Robust SOTA,mfrqe_tau,5,NaN,43,0.778710609686114,0.656422474749392,0.273686363205582,1,21,0.210945
MF-RQE,Robust SOTA,mfrqe_tau,10,NaN,43,0.774744787403819,0.660532346410385,0.255170663561366,1,20,0.2537609
MF-RQE,Robust SOTA,mfrqe_tau,20,NaN,43,0.772607953527848,0.662619515635362,0.245498098235752,1,19,0.2413907
MF-RQE,Robust SOTA,mfrqe_tau,50,NaN,43,0.772247901565298,0.662963590799653,0.243887842033785,1,19,0.1977263
CVaR-game,Robust SOTA,cvar_alpha,0.05,NaN,43,0.739866772327929,0.730837394901978,1.14996634136185e-05,1,28,0.0932653
CVaR-game,Robust SOTA,cvar_alpha,0.1,NaN,43,0.739866772327929,0.730837394901978,1.14996634136185e-05,1,28,0.0861149
CVaR-game,Robust SOTA,cvar_alpha,0.2,NaN,43,0.739866772327929,0.730837394901978,1.14996634136185e-05,1,28,0.100411
CVaR-game,Robust SOTA,cvar_alpha,0.3,NaN,43,0.739866772327929,0.730837394901978,1.14996634136185e-05,1,28,0.1025913
CVaR-game,Robust SOTA,cvar_alpha,0.5,NaN,43,0.849038872641048,0.382379226901178,0.999965501009759,1,28,0.0938145
CVaR-game,Robust SOTA,cvar_alpha,0.7,NaN,43,0.849038872641048,0.382379226901178,0.999965501009759,1,28,0.0941343
CVaR-game,Robust SOTA,cvar_alpha,0.9,NaN,43,0.849038872641048,0.382379226901178,0.999965501009759,1,28,0.0937783
DRNE-VI,Robust SOTA,drne_alpha,0.1,NaN,43,0.838472413009763,0.531432944561489,0.68314808412777,0,300,0.006224
DRNE-VI,Robust SOTA,drne_alpha,0.3,NaN,43,0.835188046075573,0.560693513844706,0.614740028810854,0,300,0.0064003
DRNE-VI,Robust SOTA,drne_alpha,0.5,NaN,43,0.828790614113266,0.595113472175897,0.527848662315903,0,300,0.0060379
DRNE-VI,Robust SOTA,drne_alpha,0.7,NaN,43,0.810425882699298,0.647051338821847,0.372300867869437,0,300,0.0083272
DRNE-VI,Robust SOTA,drne_alpha,0.9,NaN,43,0.790549313174942,0.696043494975952,0.218513674676503,0,300,0.0068959
DRNE-VI,Robust SOTA,drne_alpha,0.95,NaN,43,0.789653883966076,0.698191132468254,0.211739533641091,0,300,0.0036477
Proposed IT2-W-FBRI,Proposed,alpha,0,0,44,0.741285937756748,0.732113229213522,8.94774301156233e-05,1,41,0.005624
Proposed IT2-W-FBRI,Proposed,alpha,0,5,44,0.741041989710001,0.731805517205419,1.67057326128033e-05,1,46,0.0078116
Proposed IT2-W-FBRI,Proposed,alpha,0,10,44,0.74104255104196,0.731805906109786,1.39726748110635e-05,1,46,0.0078278
Proposed IT2-W-FBRI,Proposed,alpha,0,15,44,0.742642227929421,0.733803603103489,2.66574272378812e-05,1,44,0.0075869
Proposed IT2-W-FBRI,Proposed,alpha,0,20,44,0.780584841088899,0.776510020278557,2.57581927368868e-05,1,44,0.0075535
Proposed IT2-W-FBRI,Proposed,alpha,0,40,44,0.815631771743966,0.807018720140312,1.21093114530832e-05,1,46,0.0095321
Proposed IT2-W-FBRI,Proposed,alpha,0.1,0,44,0.742714279496213,0.733949159491358,0.00151740999258841,1,41,0.0075046
Proposed IT2-W-FBRI,Proposed,alpha,0.1,5,44,0.741042547026838,0.731806170042244,1.86251638421356e-05,1,46,0.0119632
Proposed IT2-W-FBRI,Proposed,alpha,0.1,10,44,0.741043274046341,0.731806841693072,1.58603429094903e-05,1,46,0.0092235
Proposed IT2-W-FBRI,Proposed,alpha,0.1,15,44,0.746672261123867,0.738872002723227,3.04377765069004e-05,1,44,0.0091141
Proposed IT2-W-FBRI,Proposed,alpha,0.1,20,44,0.788720479583965,0.784348909006056,2.94990510970346e-05,1,44,0.0075716
Proposed IT2-W-FBRI,Proposed,alpha,0.1,40,44,0.815633930223967,0.807020634633556,1.39204347020038e-05,1,46,0.0089614
Proposed IT2-W-FBRI,Proposed,alpha,0.2,0,44,0.758840836003237,0.73409481237961,0.0601391394641452,1,52,0.0068878
Proposed IT2-W-FBRI,Proposed,alpha,0.2,5,44,0.741043042753881,0.73180678589587,2.06918342610657e-05,1,45,0.0074139
Proposed IT2-W-FBRI,Proposed,alpha,0.2,10,44,0.74104943877567,0.73181459448398,1.79469807043765e-05,1,45,0.0075908
Proposed IT2-W-FBRI,Proposed,alpha,0.2,15,44,0.755028926384057,0.748661091841084,3.46501404563015e-05,1,44,0.0076745
Proposed IT2-W-FBRI,Proposed,alpha,0.2,20,44,0.797057501577456,0.791860246114186,3.36882181480679e-05,1,44,0.0073736
Proposed IT2-W-FBRI,Proposed,alpha,0.2,40,44,0.8156356513392,0.807022204927114,1.5960322670015e-05,1,46,0.0081441
Proposed IT2-W-FBRI,Proposed,alpha,0.3,0,44,0.826122611159432,0.577473438485873,0.576249883411387,1,48,0.0076053
Proposed IT2-W-FBRI,Proposed,alpha,0.3,5,44,0.74104354531375,0.731807429475672,2.28980116167898e-05,1,44,0.0076521
Proposed IT2-W-FBRI,Proposed,alpha,0.3,10,44,0.741139659024873,0.731927544701499,2.02287382619596e-05,1,45,0.0076374
Proposed IT2-W-FBRI,Proposed,alpha,0.3,15,44,0.767328899201251,0.762665741828898,3.93221031400173e-05,1,43,0.0074139
Proposed IT2-W-FBRI,Proposed,alpha,0.3,20,44,0.804953876667887,0.798523598232957,3.83584905830364e-05,1,43,0.0073939
Proposed IT2-W-FBRI,Proposed,alpha,0.3,40,44,0.81563704422612,0.807023522223593,1.82443270054366e-05,1,46,0.0078797
Proposed IT2-W-FBRI,Proposed,alpha,0.4,0,44,0.832120534651718,0.517141740314421,0.71986734112368,1,42,0.0077557
Proposed IT2-W-FBRI,Proposed,alpha,0.4,5,44,0.741045329437877,0.731809687681892,2.5232565153829e-05,1,44,0.0087397
Proposed IT2-W-FBRI,Proposed,alpha,0.4,10,44,0.742422373270371,0.733529352908063,3.24460548540993e-05,1,44,0.0071622
Proposed IT2-W-FBRI,Proposed,alpha,0.4,15,44,0.782340019982937,0.778290536923044,4.44512950088148e-05,1,43,0.0072673
Proposed IT2-W-FBRI,Proposed,alpha,0.4,20,44,0.811121737898595,0.803558061283034,4.35126519488652e-05,1,43,0.0074196
Proposed IT2-W-FBRI,Proposed,alpha,0.4,40,44,0.815638192665417,0.807024656789062,2.07877741420935e-05,1,45,0.0076692
Proposed IT2-W-FBRI,Proposed,alpha,0.5,0,44,0.833533244215956,0.470184560134499,0.817368393212465,1,42,0.0056817
Proposed IT2-W-FBRI,Proposed,alpha,0.5,5,44,0.74111171405958,0.731892803971601,2.76951883192769e-05,1,43,0.0074224
Proposed IT2-W-FBRI,Proposed,alpha,0.5,10,44,0.752620702628827,0.745864392180295,5.18331314710437e-05,1,42,0.0071145
Proposed IT2-W-FBRI,Proposed,alpha,0.5,15,44,0.798206060070275,0.792810251708005,5.00577876765528e-05,1,42,0.0090576
Proposed IT2-W-FBRI,Proposed,alpha,0.5,20,44,0.814332949826381,0.80588781955246,3.44189473469575e-05,1,44,0.0071679
Proposed IT2-W-FBRI,Proposed,alpha,0.5,40,44,0.815639160585538,0.807025661509158,2.35921024795897e-05,1,45,0.0096883
Proposed IT2-W-FBRI,Proposed,alpha,0.6,0,44,0.833995301498142,0.433171300686761,0.891987787249817,1,42,0.0058508
Proposed IT2-W-FBRI,Proposed,alpha,0.6,5,44,0.744140752855081,0.735661336448627,4.32570340194039e-05,1,42,0.0070023
Proposed IT2-W-FBRI,Proposed,alpha,0.6,10,44,0.778907629611671,0.774728160579265,4.03915921880549e-05,1,43,0.0098846
Proposed IT2-W-FBRI,Proposed,alpha,0.6,15,44,0.810595613310909,0.803216477529894,5.61227576381758e-05,1,42,0.0068008
Proposed IT2-W-FBRI,Proposed,alpha,0.6,20,44,0.815342733163271,0.806781293913093,2.7113965274063e-05,1,44,0.007106
Proposed IT2-W-FBRI,Proposed,alpha,0.6,40,44,0.815639996687351,0.807026577195338,2.66659481430293e-05,1,44,0.0071519
Proposed IT2-W-FBRI,Proposed,alpha,0.7,0,44,0.834136185398092,0.406898602562019,0.943559731764919,1,42,0.0063027
Proposed IT2-W-FBRI,Proposed,alpha,0.7,5,44,0.782607268267145,0.778540929345707,0.00132275654687585,1,42,0.0072606
Proposed IT2-W-FBRI,Proposed,alpha,0.7,10,44,0.806945324597169,0.800242074746192,5.76654363002065e-05,1,42,0.0069716
Proposed IT2-W-FBRI,Proposed,alpha,0.7,15,44,0.8149761483079,0.806479174936936,3.11274765300887e-05,1,43,0.00739
Proposed IT2-W-FBRI,Proposed,alpha,0.7,20,44,0.815578301554626,0.806975929859737,3.04027888046516e-05,1,44,0.0078177
Proposed IT2-W-FBRI,Proposed,alpha,0.7,40,44,0.815640737981763,0.807027433802028,3.0000932749664e-05,1,44,0.0075572
Proposed IT2-W-FBRI,Proposed,alpha,0.8,0,44,0.834164650955585,0.391222092304414,0.973683089694736,1,42,0.0056358
Proposed IT2-W-FBRI,Proposed,alpha,0.8,5,44,0.825309453823766,0.687427653079651,0.334583758083059,1,42,0.0070382
Proposed IT2-W-FBRI,Proposed,alpha,0.8,10,44,0.816011271901188,0.805754830788565,0.0220698746199982,1,42,0.0070337
Proposed IT2-W-FBRI,Proposed,alpha,0.8,15,44,0.815632435466719,0.807126310650044,0.00149244418898174,1,43,0.0070701
Proposed IT2-W-FBRI,Proposed,alpha,0.8,20,44,0.815638074239303,0.807042789538722,0.000272730803423769,1,43,0.0070641
Proposed IT2-W-FBRI,Proposed,alpha,0.8,40,44,0.81564203524935,0.80702995598543,5.00199848001376e-05,1,43,0.0096009
Proposed IT2-W-FBRI,Proposed,alpha,0.85,0,44,0.834166029268026,0.386554400142142,0.982582533696929,1,43,0.005511
Proposed IT2-W-FBRI,Proposed,alpha,0.85,5,44,0.831378862090888,0.571358280640465,0.604053136783603,1,42,0.0079046
Proposed IT2-W-FBRI,Proposed,alpha,0.85,10,44,0.823011878870643,0.7334668881532,0.22114061692919,1,42,0.0068692
Proposed IT2-W-FBRI,Proposed,alpha,0.85,15,44,0.817876063152796,0.794995789616611,0.0613635849954107,1,42,0.0073811
Proposed IT2-W-FBRI,Proposed,alpha,0.85,20,44,0.816361508853576,0.806306999136069,0.0193908045106963,1,42,0.006757
Proposed IT2-W-FBRI,Proposed,alpha,0.85,40,44,0.815748301827282,0.80722148563388,0.00284578678131308,1,43,0.00702
Proposed IT2-W-FBRI,Proposed,alpha,0.9,0,44,0.834165201113192,0.383376036013181,0.988625360354117,1,43,0.0090177
Proposed IT2-W-FBRI,Proposed,alpha,0.9,5,44,0.83376805193317,0.460376370547201,0.837588494744092,1,42,0.0071283
Proposed IT2-W-FBRI,Proposed,alpha,0.9,10,44,0.831509292822941,0.569281792521477,0.608811487972342,1,42,0.0070301
Proposed IT2-W-FBRI,Proposed,alpha,0.9,15,44,0.82858374178729,0.643148579394945,0.441426922295317,1,42,0.0084604
Proposed IT2-W-FBRI,Proposed,alpha,0.9,20,44,0.826176821731241,0.687917495937527,0.335716956812964,1,42,0.0070723
Proposed IT2-W-FBRI,Proposed,alpha,0.9,40,44,0.822287767348299,0.743929639230104,0.194693404206992,1,42,0.0071036
Proposed IT2-W-FBRI,Proposed,alpha,1,0,44,0.834162726652814,0.379886569072503,0.995244076008099,1,43,0.0060279
Proposed IT2-W-FBRI,Proposed,alpha,1,5,44,0.834162726652814,0.379886569072503,0.995244076008099,1,43,0.0085749
Proposed IT2-W-FBRI,Proposed,alpha,1,10,44,0.834162726652814,0.379886569072503,0.995244076008099,1,43,0.0075403
Proposed IT2-W-FBRI,Proposed,alpha,1,15,44,0.834162726652814,0.379886569072503,0.995244076008099,1,43,0.0073543
Proposed IT2-W-FBRI,Proposed,alpha,1,20,44,0.834162726652814,0.379886569072503,0.995244076008099,1,43,0.0076089
Proposed IT2-W-FBRI,Proposed,alpha,1,40,44,0.834162726652814,0.379886569072503,0.995244076008099,1,43,0.0094652
Isobe-APP,Convergence SOTA,none,NaN,NaN,44,0.834167604976052,0.377411112674486,0.999952767294405,1,42,0.0046576
RQE,Robust SOTA,rqe_tau,0.5,NaN,44,0.791858904940906,0.624112868006803,0.387079009704162,1,23,0.2576108
RQE,Robust SOTA,rqe_tau,1,NaN,44,0.791883356175972,0.624039640220823,0.387301729845702,1,23,0.2326085
RQE,Robust SOTA,rqe_tau,2,NaN,44,0.791932667042705,0.623891566492878,0.387751753161038,1,23,0.2383259
RQE,Robust SOTA,rqe_tau,5,NaN,44,0.792083500660738,0.623435331650344,0.389135510165119,1,23,0.2415331
RQE,Robust SOTA,rqe_tau,10,NaN,44,0.792341779328249,0.622642280581002,0.39153077557716,1,23,0.2221203
RQE,Robust SOTA,rqe_tau,20,NaN,44,0.792861370989797,0.620986496316304,0.396447004690457,1,24,0.2403734
RQE,Robust SOTA,rqe_tau,50,NaN,44,0.794016388050858,0.616959242932081,0.408046575209918,1,24,0.2719303
MF-RQE,Robust SOTA,mfrqe_tau,0.5,NaN,44,0.780849233423623,0.648644141658091,0.305679700496965,1,22,0.2257181
MF-RQE,Robust SOTA,mfrqe_tau,1,NaN,44,0.780104618067386,0.649651215323273,0.30159767495099,1,22,0.2213415
MF-RQE,Robust SOTA,mfrqe_tau,2,NaN,44,0.778640791517739,0.651582745335268,0.293680068763852,1,22,0.2419015
MF-RQE,Robust SOTA,mfrqe_tau,5,NaN,44,0.774825415785465,0.656461852477916,0.273686363205582,1,21,0.2128116
MF-RQE,Robust SOTA,mfrqe_tau,10,NaN,44,0.771133174933796,0.660785149994397,0.255170663561366,1,20,0.2065105
MF-RQE,Robust SOTA,mfrqe_tau,20,NaN,44,0.769139709985878,0.662981523279316,0.245498098235752,1,19,0.2071694
MF-RQE,Robust SOTA,mfrqe_tau,50,NaN,44,0.768803558206521,0.663343118177616,0.243887842033785,1,19,0.2065822
CVaR-game,Robust SOTA,cvar_alpha,0.05,NaN,44,0.741042360148005,0.73180460999327,1.14996634136185e-05,1,28,0.0851795
CVaR-game,Robust SOTA,cvar_alpha,0.1,NaN,44,0.741042360148005,0.73180460999327,1.14996634136185e-05,1,28,0.0945373
CVaR-game,Robust SOTA,cvar_alpha,0.2,NaN,44,0.741042360148005,0.73180460999327,1.14996634136185e-05,1,28,0.1075339
CVaR-game,Robust SOTA,cvar_alpha,0.3,NaN,44,0.741042360148005,0.73180460999327,1.14996634136185e-05,1,28,0.0992936
CVaR-game,Robust SOTA,cvar_alpha,0.5,NaN,44,0.834165231499156,0.377400574072869,0.999965501009759,1,28,0.0937316
CVaR-game,Robust SOTA,cvar_alpha,0.7,NaN,44,0.834165231499156,0.377400574072869,0.999965501009759,1,28,0.1030956
CVaR-game,Robust SOTA,cvar_alpha,0.9,NaN,44,0.834165231499156,0.377400574072869,0.999965501009759,1,28,0.1008467
DRNE-VI,Robust SOTA,drne_alpha,0.1,NaN,44,0.828629086595677,0.530195904710688,0.68314808412777,0,300,0.0062133
DRNE-VI,Robust SOTA,drne_alpha,0.3,NaN,44,0.82638236704027,0.559933420956255,0.614740028810854,0,300,0.0098277
DRNE-VI,Robust SOTA,drne_alpha,0.5,NaN,44,0.821269028811147,0.594078590373819,0.527848662315903,0,300,0.0082608
DRNE-VI,Robust SOTA,drne_alpha,0.7,NaN,44,0.805179840009942,0.646577439215508,0.372300867869437,0,300,0.006298
DRNE-VI,Robust SOTA,drne_alpha,0.9,NaN,44,0.787616331420638,0.695747468659779,0.218513674676503,0,300,0.0063296
DRNE-VI,Robust SOTA,drne_alpha,0.95,NaN,44,0.786824356212279,0.697889124876368,0.211739533641091,0,300,0.0035795
Proposed IT2-W-FBRI,Proposed,alpha,0,0,45,0.741911946663796,0.730088792413192,8.94771688523229e-05,1,41,0.007593
Proposed IT2-W-FBRI,Proposed,alpha,0,5,45,0.741669050485797,0.729768221924572,1.67056821979574e-05,1,46,0.0080755
Proposed IT2-W-FBRI,Proposed,alpha,0,10,45,0.741669582147521,0.729768623608354,1.3972626249455e-05,1,46,0.0080247
Proposed IT2-W-FBRI,Proposed,alpha,0,15,45,0.74325553040443,0.732018995188368,2.66573293694321e-05,1,44,0.0076403
Proposed IT2-W-FBRI,Proposed,alpha,0,20,45,0.780895207047615,0.77575973642768,2.57580952932062e-05,1,44,0.0075842
Proposed IT2-W-FBRI,Proposed,alpha,0,40,45,0.815711132612766,0.806969695531563,1.21092638981396e-05,1,46,0.0099352
Proposed IT2-W-FBRI,Proposed,alpha,0.1,0,45,0.743348392174428,0.732143701103824,0.00151740971043978,1,41,0.0060544
Proposed IT2-W-FBRI,Proposed,alpha,0.1,5,45,0.741669638546347,0.72976890628115,1.8625114191797e-05,1,46,0.0080557
Proposed IT2-W-FBRI,Proposed,alpha,0.1,10,45,0.74167032876282,0.72976960155914,1.58602947628657e-05,1,46,0.0079747
Proposed IT2-W-FBRI,Proposed,alpha,0.1,15,45,0.747251154619905,0.737667880907715,3.0437679297188e-05,1,44,0.0076392
Proposed IT2-W-FBRI,Proposed,alpha,0.1,20,45,0.78897274690702,0.783894478694927,2.94989542344404e-05,1,44,0.0076769
Proposed IT2-W-FBRI,Proposed,alpha,0.1,40,45,0.815713303304923,0.806970978138455,1.39203873952148e-05,1,46,0.0094857
Proposed IT2-W-FBRI,Proposed,alpha,0.2,0,45,0.76017453422079,0.736353189939157,0.0601391385346997,1,52,0.0070355
Proposed IT2-W-FBRI,Proposed,alpha,0.2,5,45,0.74167016529568,0.729769552089459,2.06917651680335e-05,1,45,0.0112309
Proposed IT2-W-FBRI,Proposed,alpha,0.2,10,45,0.741676472923303,0.729777677222806,1.79469131177211e-05,1,45,0.0075613
Proposed IT2-W-FBRI,Proposed,alpha,0.2,15,45,0.755538066171537,0.747413291162572,3.46500442642232e-05,1,44,0.0073907
Proposed IT2-W-FBRI,Proposed,alpha,0.2,20,45,0.797252993539917,0.791837907389318,3.36881222159549e-05,1,44,0.0090625
Proposed IT2-W-FBRI,Proposed,alpha,0.2,40,45,0.815715042303225,0.806971925802498,1.59602757776987e-05,1,46,0.0076785
Proposed IT2-W-FBRI,Proposed,alpha,0.3,0,45,0.834464022164326,0.579370972970671,0.576249883175571,1,48,0.0079956
Proposed IT2-W-FBRI,Proposed,alpha,0.3,5,45,0.741670699867754,0.729770226895968,2.28979156372766e-05,1,44,0.0074488
Proposed IT2-W-FBRI,Proposed,alpha,0.3,10,45,0.741765947284417,0.729895285301218,2.02286717606542e-05,1,45,0.0085566
Proposed IT2-W-FBRI,Proposed,alpha,0.3,15,45,0.767739594165016,0.761409424327264,3.93219682314291e-05,1,43,0.0073906
Proposed IT2-W-FBRI,Proposed,alpha,0.3,20,45,0.805098300081888,0.799230334803765,3.83583558957182e-05,1,43,0.0073302
Proposed IT2-W-FBRI,Proposed,alpha,0.3,40,45,0.815716458318933,0.806972612970188,1.82442807177939e-05,1,46,0.008745
Proposed IT2-W-FBRI,Proposed,alpha,0.4,0,45,0.842650713833245,0.518691802565133,0.719867341081461,1,42,0.0056518
Proposed IT2-W-FBRI,Proposed,alpha,0.4,5,45,0.741672506360311,0.729772582857347,2.52324715723344e-05,1,44,0.0075118
Proposed IT2-W-FBRI,Proposed,alpha,0.4,10,45,0.743037717637628,0.73169300210232,3.24459617982346e-05,1,44,0.0074602
Proposed IT2-W-FBRI,Proposed,alpha,0.4,15,45,0.782637888327322,0.77743413682967,4.44511625885898e-05,1,43,0.0072698
Proposed IT2-W-FBRI,Proposed,alpha,0.4,20,45,0.811228198073244,0.803851161206752,4.35125196324479e-05,1,43,0.0072853
Proposed IT2-W-FBRI,Proposed,alpha,0.4,40,45,0.815717634850651,0.806973096285123,2.07877093439452e-05,1,45,0.0077387
Proposed IT2-W-FBRI,Proposed,alpha,0.5,0,45,0.845621599936664,0.47245912529302,0.817368393220576,1,42,0.0057231
Proposed IT2-W-FBRI,Proposed,alpha,0.5,5,45,0.741738355291151,0.729859125250793,2.76950587210372e-05,1,43,0.0136566
Proposed IT2-W-FBRI,Proposed,alpha,0.5,10,45,0.753149983253847,0.744428547435843,5.18329466310254e-05,1,42,0.0077194
Proposed IT2-W-FBRI,Proposed,alpha,0.5,15,45,0.798394177035671,0.792909208521099,5.0057603165793e-05,1,42,0.0068312
Proposed IT2-W-FBRI,Proposed,alpha,0.5,20,45,0.814420193987392,0.806142374633112,3.4418856802285e-05,1,44,0.0070961
Proposed IT2-W-FBRI,Proposed,alpha,0.5,40,45,0.815718635482998,0.806973656092258,2.35920390848879e-05,1,45,0.0071815
Proposed IT2-W-FBRI,Proposed,alpha,0.6,0,45,0.84730655843498,0.435237237289559,0.891987787266379,1,42,0.005093
Proposed IT2-W-FBRI,Proposed,alpha,0.6,5,45,0.744741487068278,0.734221325834391,4.32568544345003e-05,1,42,0.0066826
Proposed IT2-W-FBRI,Proposed,alpha,0.6,10,45,0.779230554930327,0.774033872780588,4.03914664359835e-05,1,43,0.0069886
Proposed IT2-W-FBRI,Proposed,alpha,0.6,15,45,0.810705424108944,0.803366239268911,5.61225780463171e-05,1,42,0.0070819
Proposed IT2-W-FBRI,Proposed,alpha,0.6,20,45,0.815423982321006,0.806786279637674,2.7113877222665e-05,1,44,0.0072778
Proposed IT2-W-FBRI,Proposed,alpha,0.6,40,45,0.815719508741749,0.806974449556299,2.666586002218e-05,1,44,0.0072063
Proposed IT2-W-FBRI,Proposed,alpha,0.7,0,45,0.84830629726801,0.40973446942498,0.943559731767076,1,42,0.005779
Proposed IT2-W-FBRI,Proposed,alpha,0.7,5,45,0.782920909439725,0.777776580069286,0.00132275635589521,1,42,0.0069575
Proposed IT2-W-FBRI,Proposed,alpha,0.7,10,45,0.807077572734829,0.800650191441432,5.7665262137783e-05,1,42,0.0087276
Proposed IT2-W-FBRI,Proposed,alpha,0.7,15,45,0.81505959321291,0.806553669478124,3.1127354550866e-05,1,43,0.0070112
Proposed IT2-W-FBRI,Proposed,alpha,0.7,20,45,0.81565822324192,0.806935750578383,3.04027034768864e-05,1,44,0.0078096
Proposed IT2-W-FBRI,Proposed,alpha,0.7,40,45,0.815720291319502,0.806975205677935,3.000084732613e-05,1,44,0.0072786
Proposed IT2-W-FBRI,Proposed,alpha,0.8,0,45,0.848841411249745,0.39470564579331,0.973683090434697,1,43,0.0084993
Proposed IT2-W-FBRI,Proposed,alpha,0.8,5,45,0.830004821714105,0.688536591720938,0.334583758040147,1,42,0.0067496
Proposed IT2-W-FBRI,Proposed,alpha,0.8,10,45,0.816384302010223,0.807031296668617,0.0220698745185496,1,42,0.0069512
Proposed IT2-W-FBRI,Proposed,alpha,0.8,15,45,0.815731596251902,0.8070822613961,0.00149244407528467,1,43,0.007075
Proposed IT2-W-FBRI,Proposed,alpha,0.8,20,45,0.81572088946944,0.806992192047406,0.00027273068611154,1,43,0.0073757
Proposed IT2-W-FBRI,Proposed,alpha,0.8,40,45,0.815721849778693,0.806977597003231,5.00198667509513e-05,1,43,0.008914
Proposed IT2-W-FBRI,Proposed,alpha,0.85,0,45,0.848993165919002,0.390241376149922,0.982582533647087,1,43,0.0054703
Proposed IT2-W-FBRI,Proposed,alpha,0.85,5,45,0.840085948584327,0.573390088589703,0.604053136788752,1,42,0.0066646
Proposed IT2-W-FBRI,Proposed,alpha,0.85,10,45,0.826090244665169,0.734899603871641,0.221140616922557,1,42,0.0067169
Proposed IT2-W-FBRI,Proposed,alpha,0.85,15,45,0.818769200533816,0.796030623485237,0.0613635849661993,1,42,0.007028
Proposed IT2-W-FBRI,Proposed,alpha,0.85,20,45,0.816696372527718,0.807444930918879,0.0193908044169699,1,42,0.0064875
Proposed IT2-W-FBRI,Proposed,alpha,0.85,40,45,0.815864893241849,0.807259462095273,0.00284578667500253,1,43,0.0066357
Proposed IT2-W-FBRI,Proposed,alpha,0.9,0,45,0.849094625925009,0.387203861186522,0.988625360287759,1,43,0.0081165
Proposed IT2-W-FBRI,Proposed,alpha,0.9,5,45,0.846184225199842,0.462622716374309,0.837588494764519,1,42,0.0070085
Proposed IT2-W-FBRI,Proposed,alpha,0.9,10,45,0.840289045944473,0.571319291009789,0.608811487986308,1,42,0.0082846
Proposed IT2-W-FBRI,Proposed,alpha,0.9,15,45,0.834831258740301,0.644773322505101,0.441426922307768,1,42,0.0070132
Proposed IT2-W-FBRI,Proposed,alpha,0.9,20,45,0.830880342732637,0.689102531085279,0.335716956826293,1,42,0.0081416
Proposed IT2-W-FBRI,Proposed,alpha,0.9,40,45,0.824997362458119,0.745312551694112,0.19469340422773,1,42,0.0075946
Proposed IT2-W-FBRI,Proposed,alpha,1,0,45,0.849204354163009,0.383871184582791,0.995244075919874,1,43,0.0094246
Proposed IT2-W-FBRI,Proposed,alpha,1,5,45,0.849204354163009,0.383871184582791,0.995244075919874,1,43,0.008974
Proposed IT2-W-FBRI,Proposed,alpha,1,10,45,0.849204354163009,0.383871184582791,0.995244075919874,1,43,0.0085216
Proposed IT2-W-FBRI,Proposed,alpha,1,15,45,0.849204354163009,0.383871184582791,0.995244075919874,1,43,0.0070071
Proposed IT2-W-FBRI,Proposed,alpha,1,20,45,0.849204354163009,0.383871184582791,0.995244075919874,1,43,0.0068617
Proposed IT2-W-FBRI,Proposed,alpha,1,40,45,0.849204354163009,0.383871184582791,0.995244075919874,1,43,0.0069105
Isobe-APP,Convergence SOTA,none,NaN,NaN,45,0.849289041381024,0.381507095258334,0.999952595289681,1,42,0.0039271
RQE,Robust SOTA,rqe_tau,0.5,NaN,45,0.797526659496114,0.624464739276586,0.387079009704162,1,23,0.239122
RQE,Robust SOTA,rqe_tau,1,NaN,45,0.797554370904872,0.624391284818081,0.387301729845702,1,23,0.2357543
RQE,Robust SOTA,rqe_tau,2,NaN,45,0.797610269929807,0.62424274351831,0.387751753161038,1,23,0.2702184
RQE,Robust SOTA,rqe_tau,5,NaN,45,0.797781367240396,0.623779070054985,0.389135510165119,1,23,0.2571528
RQE,Robust SOTA,rqe_tau,10,NaN,45,0.79807474371301,0.62296760342953,0.39153077557716,1,23,0.2358732
RQE,Robust SOTA,rqe_tau,20,NaN,45,0.798666456722784,0.621288503683201,0.396447004690457,1,24,0.2408377
RQE,Robust SOTA,rqe_tau,50,NaN,45,0.799992179836078,0.617236288869254,0.408046575209918,1,24,0.2753217
MF-RQE,Robust SOTA,mfrqe_tau,0.5,NaN,45,0.785340220357691,0.648871746491411,0.305679700496965,1,22,0.2263226
MF-RQE,Robust SOTA,mfrqe_tau,1,NaN,45,0.784537348793945,0.649906667316825,0.30159767495099,1,22,0.2171248
MF-RQE,Robust SOTA,mfrqe_tau,2,NaN,45,0.782960551837652,0.65187370295972,0.293680068763852,1,22,0.2272019
MF-RQE,Robust SOTA,mfrqe_tau,5,NaN,45,0.778860016086872,0.656760462817744,0.273686363205582,1,21,0.1971016
MF-RQE,Robust SOTA,mfrqe_tau,10,NaN,45,0.774903784396357,0.661123687746418,0.255170663561366,1,20,0.2122348
MF-RQE,Robust SOTA,mfrqe_tau,20,NaN,45,0.772772422452642,0.663338108878959,0.245498098235752,1,19,0.1951785
MF-RQE,Robust SOTA,mfrqe_tau,50,NaN,45,0.772413313928822,0.663702535357413,0.243887842033785,1,19,0.1805396
CVaR-game,Robust SOTA,cvar_alpha,0.05,NaN,45,0.741669423410882,0.729767278532424,1.14996634136185e-05,1,28,0.0947083
CVaR-game,Robust SOTA,cvar_alpha,0.1,NaN,45,0.741669423410882,0.729767278532424,1.14996634136185e-05,1,28,0.093779
CVaR-game,Robust SOTA,cvar_alpha,0.2,NaN,45,0.741669423410882,0.729767278532424,1.14996634136185e-05,1,28,0.1136975
CVaR-game,Robust SOTA,cvar_alpha,0.3,NaN,45,0.741669423410882,0.729767278532424,1.14996634136185e-05,1,28,0.1017453
CVaR-game,Robust SOTA,cvar_alpha,0.5,NaN,45,0.849286922667257,0.381497338584504,0.999965501009759,1,28,0.094627
CVaR-game,Robust SOTA,cvar_alpha,0.7,NaN,45,0.849286922667257,0.381497338584504,0.999965501009759,1,28,0.0919826
CVaR-game,Robust SOTA,cvar_alpha,0.9,NaN,45,0.849286922667257,0.381497338584504,0.999965501009759,1,28,0.0905776
DRNE-VI,Robust SOTA,drne_alpha,0.1,NaN,45,0.838615973719123,0.531673439705594,0.68314808412777,0,300,0.0061671
DRNE-VI,Robust SOTA,drne_alpha,0.3,NaN,45,0.835315485534154,0.561542262327136,0.614740028810854,0,300,0.0061374
DRNE-VI,Robust SOTA,drne_alpha,0.5,NaN,45,0.828910706110458,0.595371569204004,0.527848662315903,0,300,0.0082271
DRNE-VI,Robust SOTA,drne_alpha,0.7,NaN,45,0.810630254245629,0.647713174234874,0.372300867869437,0,300,0.0068992
DRNE-VI,Robust SOTA,drne_alpha,0.9,NaN,45,0.790957833284628,0.697015828600089,0.218513674676503,0,300,0.0059935
DRNE-VI,Robust SOTA,drne_alpha,0.95,NaN,45,0.790074127628449,0.699136390110937,0.211739533641091,0,300,0.0035404
Proposed IT2-W-FBRI,Proposed,alpha,0,0,46,0.740349482645673,0.73028346937259,8.94771912443345e-05,1,41,0.0055472
Proposed IT2-W-FBRI,Proposed,alpha,0,5,46,0.740095900316632,0.72998972709649,1.67056823439115e-05,1,46,0.0071017
Proposed IT2-W-FBRI,Proposed,alpha,0,10,46,0.740096413216576,0.729990698154402,1.39726284170113e-05,1,46,0.0068054
Proposed IT2-W-FBRI,Proposed,alpha,0,15,46,0.741751398630544,0.732050299110583,2.66573351964687e-05,1,44,0.0073321
Proposed IT2-W-FBRI,Proposed,alpha,0,20,46,0.7805525069669,0.776186758409684,2.57581017310128e-05,1,44,0.0072956
Proposed IT2-W-FBRI,Proposed,alpha,0,40,46,0.815612235627931,0.807420087865977,1.21092674779448e-05,1,46,0.0076422
Proposed IT2-W-FBRI,Proposed,alpha,0.1,0,46,0.741850051104761,0.73216478253441,0.00151740968892341,1,41,0.0052998
Proposed IT2-W-FBRI,Proposed,alpha,0.1,5,46,0.740096495166218,0.7299899131114,1.86251145602595e-05,1,46,0.0079093
Proposed IT2-W-FBRI,Proposed,alpha,0.1,10,46,0.740097187559813,0.729991196109794,1.58602969038794e-05,1,46,0.0075096
Proposed IT2-W-FBRI,Proposed,alpha,0.1,15,46,0.745913286957487,0.737201879329849,3.04376849833939e-05,1,44,0.007119
Proposed IT2-W-FBRI,Proposed,alpha,0.1,20,46,0.788759184820227,0.784374811908838,2.94989605181866e-05,1,44,0.0070326
Proposed IT2-W-FBRI,Proposed,alpha,0.1,40,46,0.815614401423326,0.807421908768163,1.3920390915094e-05,1,46,0.0076532
Proposed IT2-W-FBRI,Proposed,alpha,0.2,0,46,0.759415947772668,0.735507361297668,0.0601391372114064,1,52,0.0066639
Proposed IT2-W-FBRI,Proposed,alpha,0.2,5,46,0.740097032532364,0.729990036460477,2.06917667992405e-05,1,45,0.0073859
Proposed IT2-W-FBRI,Proposed,alpha,0.2,10,46,0.740103596160717,0.72999852827744,1.79469167401565e-05,1,45,0.0073204
Proposed IT2-W-FBRI,Proposed,alpha,0.2,15,46,0.754512827929232,0.747319768265472,3.46500500361964e-05,1,44,0.0070758
Proposed IT2-W-FBRI,Proposed,alpha,0.2,20,46,0.79712670934362,0.791818845883393,3.36881285586053e-05,1,44,0.0070019
Proposed IT2-W-FBRI,Proposed,alpha,0.2,40,46,0.815616138322536,0.807423400931741,1.59602793327062e-05,1,46,0.0082545
Proposed IT2-W-FBRI,Proposed,alpha,0.3,0,46,0.836266770915102,0.581752447453456,0.576249882737011,1,48,0.0084326
Proposed IT2-W-FBRI,Proposed,alpha,0.3,5,46,0.740097580790915,0.729990159056096,2.28979197330221e-05,1,44,0.0071398
Proposed IT2-W-FBRI,Proposed,alpha,0.3,10,46,0.740196987832088,0.730111996990411,2.02286757159172e-05,1,45,0.0072571
Proposed IT2-W-FBRI,Proposed,alpha,0.3,15,46,0.767094795593835,0.761934361860515,3.93219777239431e-05,1,43,0.0069258
Proposed IT2-W-FBRI,Proposed,alpha,0.3,20,46,0.805012105759954,0.79875364990863,3.83583661103239e-05,1,43,0.0071612
Proposed IT2-W-FBRI,Proposed,alpha,0.3,40,46,0.815617554559166,0.807424651279351,1.82442844227653e-05,1,46,0.0073776
Proposed IT2-W-FBRI,Proposed,alpha,0.4,0,46,0.844939711145708,0.520381552263593,0.719867340990339,1,42,0.0082871
Proposed IT2-W-FBRI,Proposed,alpha,0.4,5,46,0.740099457965342,0.729991883047947,2.52324769277905e-05,1,44,0.0083714
Proposed IT2-W-FBRI,Proposed,alpha,0.4,10,46,0.741524070811406,0.731757617663553,3.24459682363501e-05,1,44,0.0103857
Proposed IT2-W-FBRI,Proposed,alpha,0.4,15,46,0.782326727914723,0.777944493710915,4.44511729864342e-05,1,43,0.0114032
Proposed IT2-W-FBRI,Proposed,alpha,0.4,20,46,0.811144169560859,0.804114151121713,4.35125306797558e-05,1,43,0.0083181
Proposed IT2-W-FBRI,Proposed,alpha,0.4,40,46,0.815618733274037,0.807425726748101,2.07877153394328e-05,1,45,0.0112694
Proposed IT2-W-FBRI,Proposed,alpha,0.5,0,46,0.84827671162793,0.474961337739608,0.81736839322407,1,42,0.0056694
Proposed IT2-W-FBRI,Proposed,alpha,0.5,5,46,0.740168186349733,0.730075191346135,2.76950693530055e-05,1,43,0.0092605
Proposed IT2-W-FBRI,Proposed,alpha,0.5,10,46,0.752039129543962,0.744468085048811,5.18329630135838e-05,1,42,0.0072216
Proposed IT2-W-FBRI,Proposed,alpha,0.5,15,46,0.7982763481845,0.792849617613197,5.00515597743705e-05,1,43,0.0072005
Proposed IT2-W-FBRI,Proposed,alpha,0.5,20,46,0.814327039885926,0.806395530132071,3.44188654297622e-05,1,44,0.007359
Proposed IT2-W-FBRI,Proposed,alpha,0.5,40,46,0.815619737751734,0.807426677799538,2.35920456607241e-05,1,45,0.0074342
Proposed IT2-W-FBRI,Proposed,alpha,0.6,0,46,0.850255789615243,0.438613787009457,0.891987787289885,1,42,0.0072755
Proposed IT2-W-FBRI,Proposed,alpha,0.6,5,46,0.743300204901535,0.734030852059916,4.32568730664002e-05,1,42,0.0071941
Proposed IT2-W-FBRI,Proposed,alpha,0.6,10,46,0.778855829310263,0.774482801055238,4.03914798722352e-05,1,43,0.0075873
Proposed IT2-W-FBRI,Proposed,alpha,0.6,15,46,0.810622252790617,0.803662103701393,5.61225982284903e-05,1,42,0.0072052
Proposed IT2-W-FBRI,Proposed,alpha,0.6,20,46,0.815326493439133,0.807193460894608,2.71138874201491e-05,1,44,0.0075615
Proposed IT2-W-FBRI,Proposed,alpha,0.6,40,46,0.815620616306217,0.807427543273507,2.66658708616763e-05,1,44,0.0079394
Proposed IT2-W-FBRI,Proposed,alpha,0.7,0,46,0.851464157809054,0.412750240974886,0.943559731802515,1,42,0.0056886
Proposed IT2-W-FBRI,Proposed,alpha,0.7,5,46,0.782617538845828,0.778230140657618,0.00132275635527732,1,42,0.0071174
Proposed IT2-W-FBRI,Proposed,alpha,0.7,10,46,0.806994920799691,0.800464089079878,5.76652852866899e-05,1,42,0.010502
Proposed IT2-W-FBRI,Proposed,alpha,0.7,15,46,0.814963762352579,0.806904477878122,3.11273712783657e-05,1,43,0.0073472
Proposed IT2-W-FBRI,Proposed,alpha,0.7,20,46,0.815559638111517,0.807379235783068,3.04027151451623e-05,1,44,0.0072712
Proposed IT2-W-FBRI,Proposed,alpha,0.7,40,46,0.815621405430791,0.807428351806646,3.00008595167017e-05,1,44,0.0072512
Proposed IT2-W-FBRI,Proposed,alpha,0.8,0,46,0.852122963608959,0.397133891415488,0.973683089691776,1,42,0.0056832
Proposed IT2-W-FBRI,Proposed,alpha,0.8,5,46,0.830934051320894,0.691947921991073,0.334583757963904,1,42,0.0099772
Proposed IT2-W-FBRI,Proposed,alpha,0.8,10,46,0.816350533578337,0.808310382637001,0.0220698744973499,1,42,0.0073295
Proposed IT2-W-FBRI,Proposed,alpha,0.8,15,46,0.815637170123616,0.807467912672832,0.00149244409138431,1,43,0.0076025
Proposed IT2-W-FBRI,Proposed,alpha,0.8,20,46,0.815622749890201,0.807441836892226,0.000272730705046451,1,43,0.0074652
Proposed IT2-W-FBRI,Proposed,alpha,0.8,40,46,0.815623018169625,0.807430668979299,5.00198866739592e-05,1,43,0.0075814
Proposed IT2-W-FBRI,Proposed,alpha,0.85,0,46,0.852311512308628,0.392484251285932,0.982582533676644,1,43,0.0060153
Proposed IT2-W-FBRI,Proposed,alpha,0.85,5,46,0.841936496283077,0.57551898368622,0.604053136787168,1,42,0.0071639
Proposed IT2-W-FBRI,Proposed,alpha,0.85,10,46,0.826650381645558,0.738448802069829,0.22114061690078,1,42,0.00852
Proposed IT2-W-FBRI,Proposed,alpha,0.85,15,46,0.818846884501734,0.799482227844192,0.0613635849458748,1,42,0.0069241
Proposed IT2-W-FBRI,Proposed,alpha,0.85,20,46,0.816652713329606,0.808739279527519,0.0193908044206661,1,42,0.006794
Proposed IT2-W-FBRI,Proposed,alpha,0.85,40,46,0.8157740013095,0.807657938292624,0.00284578669393014,1,43,0.0068103
Proposed IT2-W-FBRI,Proposed,alpha,0.9,0,46,0.852438019487367,0.389317800325853,0.988625360317178,1,43,0.0071901
Proposed IT2-W-FBRI,Proposed,alpha,0.9,5,46,0.848916832579498,0.46533456416656,0.83758849478908,1,42,0.0069189
Proposed IT2-W-FBRI,Proposed,alpha,0.9,10,46,0.842156040500958,0.573386806072442,0.608811487998458,1,42,0.006698
Proposed IT2-W-FBRI,Proposed,alpha,0.9,15,46,0.836109512414218,0.647934388197566,0.441426922316918,1,42,0.0069456
Proposed IT2-W-FBRI,Proposed,alpha,0.9,20,46,0.831805864844744,0.692649112027837,0.335716956836809,1,42,0.0066788
Proposed IT2-W-FBRI,Proposed,alpha,0.9,40,46,0.825474965285611,0.748982044641164,0.194693404251947,1,42,0.0070496
Proposed IT2-W-FBRI,Proposed,alpha,1,0,46,0.852575240536085,0.385841065618977,0.99524407594857,1,43,0.005793
Proposed IT2-W-FBRI,Proposed,alpha,1,5,46,0.852575240536085,0.385841065618977,0.99524407594857,1,43,0.006903
Proposed IT2-W-FBRI,Proposed,alpha,1,10,46,0.852575240536085,0.385841065618977,0.99524407594857,1,43,0.0071428
Proposed IT2-W-FBRI,Proposed,alpha,1,15,46,0.852575240536085,0.385841065618977,0.99524407594857,1,43,0.0071957
Proposed IT2-W-FBRI,Proposed,alpha,1,20,46,0.852575240536085,0.385841065618977,0.99524407594857,1,43,0.0071273
Proposed IT2-W-FBRI,Proposed,alpha,1,40,46,0.852575240536085,0.385841065618977,0.99524407594857,1,43,0.0071261
Isobe-APP,Convergence SOTA,none,NaN,NaN,46,0.852679419346642,0.383374959831664,0.99995266671164,1,42,0.0055328
RQE,Robust SOTA,rqe_tau,0.5,NaN,46,0.798788776789451,0.626874601448868,0.387079009704162,1,23,0.2319013
RQE,Robust SOTA,rqe_tau,1,NaN,46,0.798817255083634,0.626801649774969,0.387301729845702,1,23,0.2344968
RQE,Robust SOTA,rqe_tau,2,NaN,46,0.79887470370429,0.626654122065748,0.387751753161038,1,23,0.2206305
RQE,Robust SOTA,rqe_tau,5,NaN,46,0.799050566208799,0.626199467261772,0.389135510165119,1,23,0.2337066
RQE,Robust SOTA,rqe_tau,10,NaN,46,0.799352192922079,0.625408800572627,0.39153077557716,1,23,0.2822917
RQE,Robust SOTA,rqe_tau,20,NaN,46,0.799960846348124,0.623772168223043,0.396447004690457,1,24,0.2483859
RQE,Robust SOTA,rqe_tau,50,NaN,46,0.801326636168189,0.619818051413814,0.408046575209918,1,24,0.2700089
MF-RQE,Robust SOTA,mfrqe_tau,0.5,NaN,46,0.78631801149937,0.650917027446305,0.305679700496965,1,22,0.2116665
MF-RQE,Robust SOTA,mfrqe_tau,1,NaN,46,0.785500769671734,0.65189463203693,0.30159767495099,1,22,0.2252337
MF-RQE,Robust SOTA,mfrqe_tau,2,NaN,46,0.78389595746101,0.653770068172818,0.293680068763852,1,22,0.2416587
MF-RQE,Robust SOTA,mfrqe_tau,5,NaN,46,0.779723800184617,0.658511190196375,0.273686363205582,1,21,0.1953673
MF-RQE,Robust SOTA,mfrqe_tau,10,NaN,46,0.775700036225625,0.662777146716987,0.255170663561366,1,20,0.193616
MF-RQE,Robust SOTA,mfrqe_tau,20,NaN,46,0.773532903067195,0.664938542907407,0.245498098235752,1,19,0.1980808
MF-RQE,Robust SOTA,mfrqe_tau,50,NaN,46,0.773167804159852,0.66529123445689,0.243887842033785,1,19,0.1755325
CVaR-game,Robust SOTA,cvar_alpha,0.05,NaN,46,0.740096067770927,0.729989719257955,1.14996634136185e-05,1,28,0.0940756
CVaR-game,Robust SOTA,cvar_alpha,0.1,NaN,46,0.740096067770927,0.729989719257955,1.14996634136185e-05,1,28,0.0893563
CVaR-game,Robust SOTA,cvar_alpha,0.2,NaN,46,0.740096067770927,0.729989719257955,1.14996634136185e-05,1,28,0.0901937
CVaR-game,Robust SOTA,cvar_alpha,0.3,NaN,46,0.740096067770927,0.729989719257955,1.14996634136185e-05,1,28,0.0986992
CVaR-game,Robust SOTA,cvar_alpha,0.5,NaN,46,0.852677384122771,0.383364271377075,0.999965501009759,1,28,0.0979401
CVaR-game,Robust SOTA,cvar_alpha,0.7,NaN,46,0.852677384122771,0.383364271377075,0.999965501009759,1,28,0.095398
CVaR-game,Robust SOTA,cvar_alpha,0.9,NaN,46,0.852677384122771,0.383364271377075,0.999965501009759,1,28,0.0995711
DRNE-VI,Robust SOTA,drne_alpha,0.1,NaN,46,0.840801483703441,0.533325370792627,0.68314808412777,0,300,0.0068929
DRNE-VI,Robust SOTA,drne_alpha,0.3,NaN,46,0.837259967255722,0.563449786442737,0.614740028810854,0,300,0.0096847
DRNE-VI,Robust SOTA,drne_alpha,0.5,NaN,46,0.830567235988302,0.598516006858499,0.527848662315903,0,300,0.0062815
DRNE-VI,Robust SOTA,drne_alpha,0.7,NaN,46,0.81173899733811,0.649216950899504,0.372300867869437,0,300,0.0074777
DRNE-VI,Robust SOTA,drne_alpha,0.9,NaN,46,0.791388996850153,0.697450851214023,0.218513674676503,0,300,0.0068835
DRNE-VI,Robust SOTA,drne_alpha,0.95,NaN,46,0.790472261271011,0.699535144432566,0.211739533641091,0,300,0.0046696
Proposed IT2-W-FBRI,Proposed,alpha,0,0,47,0.740803398242776,0.730528118376557,8.94771144016275e-05,1,41,0.0058647
Proposed IT2-W-FBRI,Proposed,alpha,0,5,47,0.740553938359513,0.730176843600938,1.67056740035669e-05,1,46,0.0141262
Proposed IT2-W-FBRI,Proposed,alpha,0,10,47,0.740554476638808,0.730177236265037,1.39726172615137e-05,1,46,0.0081825
Proposed IT2-W-FBRI,Proposed,alpha,0,15,47,0.742187017010685,0.732468522556081,2.66573104678211e-05,1,44,0.0073846
Proposed IT2-W-FBRI,Proposed,alpha,0,20,47,0.780699946771521,0.776075381732659,2.57580761424842e-05,1,44,0.0098244
Proposed IT2-W-FBRI,Proposed,alpha,0,40,47,0.815913437963628,0.807204494509192,1.21092543424161e-05,1,46,0.0079404
Proposed IT2-W-FBRI,Proposed,alpha,0.1,0,47,0.742270731319712,0.732596426445658,0.00151740967793375,1,41,0.0057488
Proposed IT2-W-FBRI,Proposed,alpha,0.1,5,47,0.740554511645663,0.730177472711669,1.86251059766567e-05,1,46,0.0079547
Proposed IT2-W-FBRI,Proposed,alpha,0.1,10,47,0.740555224549951,0.730178236754534,1.58602858333634e-05,1,46,0.0112533
Proposed IT2-W-FBRI,Proposed,alpha,0.1,15,47,0.746296341579325,0.737764442326355,3.04376605363086e-05,1,44,0.0074363
Proposed IT2-W-FBRI,Proposed,alpha,0.1,20,47,0.788905741717256,0.784237716129085,2.94989352242495e-05,1,44,0.0110445
Proposed IT2-W-FBRI,Proposed,alpha,0.1,40,47,0.815915607395442,0.807206356638414,1.39203778998791e-05,1,46,0.0077875
Proposed IT2-W-FBRI,Proposed,alpha,0.2,0,47,0.759095410192681,0.735085357035743,0.0601391391941734,1,52,0.0069225
Proposed IT2-W-FBRI,Proposed,alpha,0.2,5,47,0.740555025674053,0.730178076138959,2.06917531013494e-05,1,45,0.0075434
Proposed IT2-W-FBRI,Proposed,alpha,0.2,10,47,0.740561527762635,0.730187060635478,1.79469002202954e-05,1,45,0.0089899
Proposed IT2-W-FBRI,Proposed,alpha,0.2,15,47,0.754803388252435,0.747899477548683,3.46500255791059e-05,1,44,0.0090513
Proposed IT2-W-FBRI,Proposed,alpha,0.2,20,47,0.797295101808646,0.791822543205887,3.36881032869393e-05,1,44,0.0071511
Proposed IT2-W-FBRI,Proposed,alpha,0.2,40,47,0.81591734108801,0.807207886141287,1.5960266317408e-05,1,46,0.0079914
Proposed IT2-W-FBRI,Proposed,alpha,0.3,0,47,0.830766858429407,0.578872279936085,0.576249883398959,1,48,0.007657
Proposed IT2-W-FBRI,Proposed,alpha,0.3,5,47,0.740555548680749,0.730178716056504,2.28978978533665e-05,1,44,0.0072003
Proposed IT2-W-FBRI,Proposed,alpha,0.3,10,47,0.740653621783319,0.730316687746624,2.02286588294014e-05,1,45,0.0074397
Proposed IT2-W-FBRI,Proposed,alpha,0.3,15,47,0.767289962417443,0.762516631157148,3.93219412247766e-05,1,43,0.0068732
Proposed IT2-W-FBRI,Proposed,alpha,0.3,20,47,0.80522259209234,0.798597202646187,3.83583285726729e-05,1,43,0.0086777
Proposed IT2-W-FBRI,Proposed,alpha,0.3,40,47,0.815918748239822,0.807209171448686,1.82442712606636e-05,1,46,0.0074318
Proposed IT2-W-FBRI,Proposed,alpha,0.4,0,47,0.838006853384664,0.517979609600259,0.719867341108661,1,42,0.0063404
Proposed IT2-W-FBRI,Proposed,alpha,0.4,5,47,0.74055738101829,0.730181210397677,2.52324534628131e-05,1,44,0.0073206
Proposed IT2-W-FBRI,Proposed,alpha,0.4,10,47,0.741962682628214,0.732153747664713,3.24459431766364e-05,1,44,0.0072873
Proposed IT2-W-FBRI,Proposed,alpha,0.4,15,47,0.782471958697989,0.777805210026002,4.44511354461975e-05,1,43,0.0068929
Proposed IT2-W-FBRI,Proposed,alpha,0.4,20,47,0.811402139211046,0.803581150811809,4.35124921980011e-05,1,43,0.0096639
Proposed IT2-W-FBRI,Proposed,alpha,0.4,40,47,0.81591991269949,0.807210280679515,2.07876956553475e-05,1,45,0.0073696
Proposed IT2-W-FBRI,Proposed,alpha,0.5,0,47,0.840332435216247,0.471846010995083,0.817368393199712,1,42,0.0077346
Proposed IT2-W-FBRI,Proposed,alpha,0.5,5,47,0.740625147945671,0.730276564261548,2.76950318876478e-05,1,43,0.0068225
Proposed IT2-W-FBRI,Proposed,alpha,0.5,10,47,0.752353889275428,0.744920951281866,5.18329076655506e-05,1,42,0.0067388
Proposed IT2-W-FBRI,Proposed,alpha,0.5,15,47,0.798449407509539,0.792800832080588,5.0057563589199e-05,1,42,0.0069892
Proposed IT2-W-FBRI,Proposed,alpha,0.5,20,47,0.814614948861282,0.806172614914162,3.44188374241929e-05,1,44,0.0069301
Proposed IT2-W-FBRI,Proposed,alpha,0.5,40,47,0.815920898387853,0.807211265131891,2.35920252915969e-05,1,45,0.0072473
Proposed IT2-W-FBRI,Proposed,alpha,0.6,0,47,0.841524922248683,0.434580099070101,0.891987787236591,1,42,0.005335
Proposed IT2-W-FBRI,Proposed,alpha,0.6,5,47,0.743715569029678,0.734591368190704,4.32568151128716e-05,1,42,0.006882
Proposed IT2-W-FBRI,Proposed,alpha,0.6,10,47,0.779006019625934,0.774459277283166,4.03914386603815e-05,1,43,0.0096287
Proposed IT2-W-FBRI,Proposed,alpha,0.6,15,47,0.810875536635675,0.803156788529838,5.61225378809894e-05,1,42,0.008248
Proposed IT2-W-FBRI,Proposed,alpha,0.6,20,47,0.815624582977787,0.80697438934632,2.71138573957963e-05,1,44,0.0073701
Proposed IT2-W-FBRI,Proposed,alpha,0.6,40,47,0.815921754039041,0.807212164324788,2.66658399201159e-05,1,44,0.0076825
Proposed IT2-W-FBRI,Proposed,alpha,0.7,0,47,0.842184992532492,0.408229974825817,0.943559731731511,1,42,0.0080207
Proposed IT2-W-FBRI,Proposed,alpha,0.7,5,47,0.782750047485764,0.778018235749927,0.00132275632893382,1,42,0.0070538
Proposed IT2-W-FBRI,Proposed,alpha,0.7,10,47,0.807219146164746,0.800192732856344,5.7665221250966e-05,1,42,0.008529
Proposed IT2-W-FBRI,Proposed,alpha,0.7,15,47,0.815258098716665,0.806681210915357,3.11273256521636e-05,1,43,0.0069866
Proposed IT2-W-FBRI,Proposed,alpha,0.7,20,47,0.815860103578803,0.807163097051885,3.04026832867236e-05,1,44,0.0071306
Proposed IT2-W-FBRI,Proposed,alpha,0.7,40,47,0.815922516603947,0.807213007316995,3.00008269105281e-05,1,44,0.0071092
Proposed IT2-W-FBRI,Proposed,alpha,0.8,0,47,0.842521941058573,0.39261364795161,0.97368309040629,1,43,0.0084829
Proposed IT2-W-FBRI,Proposed,alpha,0.8,5,47,0.827931141173635,0.68896391085245,0.334583758060098,1,42,0.0075369
Proposed IT2-W-FBRI,Proposed,alpha,0.8,10,47,0.816432981642499,0.806700385976122,0.0220698745021616,1,42,0.0080565
Proposed IT2-W-FBRI,Proposed,alpha,0.8,15,47,0.815923440144052,0.807310072539531,0.00149244404722707,1,43,0.0069394
Proposed IT2-W-FBRI,Proposed,alpha,0.8,20,47,0.815921384203303,0.807228105529115,0.000272730656675138,1,43,0.0069545
Proposed IT2-W-FBRI,Proposed,alpha,0.8,40,47,0.81592394013762,0.807215479386,5.00198368664632e-05,1,43,0.0070623
Proposed IT2-W-FBRI,Proposed,alpha,0.85,0,47,0.842615182306887,0.387969122383926,0.98258253361742,1,43,0.0055763
Proposed IT2-W-FBRI,Proposed,alpha,0.85,5,47,0.836210773433811,0.57301803196423,0.60405313676896,1,42,0.0096914
Proposed IT2-W-FBRI,Proposed,alpha,0.85,10,47,0.824785051274512,0.735299567047609,0.22114061691012,1,42,0.0070056
Proposed IT2-W-FBRI,Proposed,alpha,0.85,15,47,0.81855134641273,0.795075861598305,0.0613635849512355,1,42,0.0071091
Proposed IT2-W-FBRI,Proposed,alpha,0.85,20,47,0.816765825977034,0.806737119567456,0.0193908043885713,1,42,0.0081451
Proposed IT2-W-FBRI,Proposed,alpha,0.85,40,47,0.816047807152595,0.807498695732529,0.00284578664624101,1,43,0.0119376
Proposed IT2-W-FBRI,Proposed,alpha,0.9,0,47,0.842676918917873,0.384807487009583,0.988625360257226,1,43,0.0057631
Proposed IT2-W-FBRI,Proposed,alpha,0.9,5,47,0.840761359603714,0.461954112097462,0.837588494734324,1,42,0.0111889
Proposed IT2-W-FBRI,Proposed,alpha,0.9,10,47,0.836382227731767,0.570918883557442,0.608811487960716,1,42,0.0103174
Proposed IT2-W-FBRI,Proposed,alpha,0.9,15,47,0.832042166942463,0.644561858251453,0.441426922283258,1,42,0.0087706
Proposed IT2-W-FBRI,Proposed,alpha,0.9,20,47,0.828801449324437,0.689479962253741,0.33571695680127,1,42,0.0068793
Proposed IT2-W-FBRI,Proposed,alpha,0.9,40,47,0.823871707177062,0.745435006568736,0.194693404197649,1,42,0.0070977
Proposed IT2-W-FBRI,Proposed,alpha,1,0,47,0.842743145417068,0.381337276493106,0.995244075888411,1,43,0.0076249
Proposed IT2-W-FBRI,Proposed,alpha,1,5,47,0.842743145417068,0.381337276493106,0.995244075888411,1,43,0.0107199
Proposed IT2-W-FBRI,Proposed,alpha,1,10,47,0.842743145417068,0.381337276493106,0.995244075888411,1,43,0.0073292
Proposed IT2-W-FBRI,Proposed,alpha,1,15,47,0.842743145417068,0.381337276493106,0.995244075888411,1,43,0.007312
Proposed IT2-W-FBRI,Proposed,alpha,1,20,47,0.842743145417068,0.381337276493106,0.995244075888411,1,43,0.0087554
Proposed IT2-W-FBRI,Proposed,alpha,1,40,47,0.842743145417068,0.381337276493106,0.995244075888411,1,43,0.0073484
Isobe-APP,Convergence SOTA,none,NaN,NaN,47,0.842796902018964,0.378876401830102,0.999952543715388,1,42,0.0056398
RQE,Robust SOTA,rqe_tau,0.5,NaN,47,0.794995028393923,0.624388189863121,0.387079009704162,1,23,0.2419029
RQE,Robust SOTA,rqe_tau,1,NaN,47,0.795021314666336,0.624313496280775,0.387301729845702,1,23,0.2503615
RQE,Robust SOTA,rqe_tau,2,NaN,47,0.795074333849336,0.624162449623132,0.387751753161038,1,23,0.2367829
RQE,Robust SOTA,rqe_tau,5,NaN,47,0.795236574043399,0.623696979814079,0.389135510165119,1,23,0.2340618
RQE,Robust SOTA,rqe_tau,10,NaN,47,0.795514611853781,0.622887607735713,0.39153077557716,1,23,0.2288985
RQE,Robust SOTA,rqe_tau,20,NaN,47,0.796074816360371,0.621212656773903,0.396447004690457,1,24,0.2551451
RQE,Robust SOTA,rqe_tau,50,NaN,47,0.797326015848279,0.61716840807785,0.408046575209918,1,24,0.2816753
MF-RQE,Robust SOTA,mfrqe_tau,0.5,NaN,47,0.783322923312418,0.648940923852096,0.305679700496965,1,22,0.2231494
MF-RQE,Robust SOTA,mfrqe_tau,1,NaN,47,0.78254537974951,0.64993626145686,0.30159767495099,1,22,0.2224557
MF-RQE,Robust SOTA,mfrqe_tau,2,NaN,47,0.781017682103504,0.651845307500726,0.293680068763852,1,22,0.2393811
MF-RQE,Robust SOTA,mfrqe_tau,5,NaN,47,0.777040976642496,0.656577374652868,0.273686363205582,1,21,0.1968396
MF-RQE,Robust SOTA,mfrqe_tau,10,NaN,47,0.773199232650144,0.661015038819037,0.255170663561366,1,20,0.2041782
MF-RQE,Robust SOTA,mfrqe_tau,20,NaN,47,0.771127611211412,0.663239332178748,0.245498098235752,1,19,0.1947847
MF-RQE,Robust SOTA,mfrqe_tau,50,NaN,47,0.770778443662434,0.663587165134807,0.243887842033785,1,19,0.1845255
CVaR-game,Robust SOTA,cvar_alpha,0.05,NaN,47,0.740554192516327,0.730175236103682,1.14996634136185e-05,1,28,0.0857558
CVaR-game,Robust SOTA,cvar_alpha,0.1,NaN,47,0.740554192516327,0.730175236103682,1.14996634136185e-05,1,28,0.0964703
CVaR-game,Robust SOTA,cvar_alpha,0.2,NaN,47,0.740554192516327,0.730175236103682,1.14996634136185e-05,1,28,0.0881536
CVaR-game,Robust SOTA,cvar_alpha,0.3,NaN,47,0.740554192516327,0.730175236103682,1.14996634136185e-05,1,28,0.092438
CVaR-game,Robust SOTA,cvar_alpha,0.5,NaN,47,0.842794693933703,0.378865760847879,0.999965501009759,1,28,0.0857441
CVaR-game,Robust SOTA,cvar_alpha,0.7,NaN,47,0.842794693933703,0.378865760847879,0.999965501009759,1,28,0.0951322
CVaR-game,Robust SOTA,cvar_alpha,0.9,NaN,47,0.842794693933703,0.378865760847879,0.999965501009759,1,28,0.0912923
DRNE-VI,Robust SOTA,drne_alpha,0.1,NaN,47,0.834210995965194,0.531058722543401,0.68314808412777,0,300,0.006068
DRNE-VI,Robust SOTA,drne_alpha,0.3,NaN,47,0.831361391915027,0.560946811501966,0.614740028810854,0,300,0.0062929
DRNE-VI,Robust SOTA,drne_alpha,0.5,NaN,47,0.82552205146577,0.595216840605089,0.527848662315903,0,300,0.0062224
DRNE-VI,Robust SOTA,drne_alpha,0.7,NaN,47,0.808186247465733,0.64763027072562,0.372300867869437,0,300,0.0061437
DRNE-VI,Robust SOTA,drne_alpha,0.9,NaN,47,0.78936094838616,0.696464833322399,0.218513674676503,0,300,0.0061022
DRNE-VI,Robust SOTA,drne_alpha,0.95,NaN,47,0.788512611174073,0.698609412342403,0.211739533641091,0,300,0.003345
Proposed IT2-W-FBRI,Proposed,alpha,0,0,48,0.740838254661555,0.732107797485835,8.94770198537792e-05,1,41,0.0056878
Proposed IT2-W-FBRI,Proposed,alpha,0,5,48,0.74058816695752,0.731780350225623,1.67056480856777e-05,1,46,0.0117669
Proposed IT2-W-FBRI,Proposed,alpha,0,10,48,0.740588689298117,0.731780783496401,1.39725961709701e-05,1,46,0.0073003
Proposed IT2-W-FBRI,Proposed,alpha,0,15,48,0.742222055244359,0.733896801759422,2.66572707515276e-05,1,44,0.0090146
Proposed IT2-W-FBRI,Proposed,alpha,0,20,48,0.780698081205136,0.776283041163861,2.57580378802341e-05,1,44,0.0075061
Proposed IT2-W-FBRI,Proposed,alpha,0,40,48,0.815771419079515,0.808463068784941,1.21092366494324e-05,1,46,0.0075349
Proposed IT2-W-FBRI,Proposed,alpha,0.1,0,48,0.742316014673086,0.733794418772009,0.00151740949705473,1,41,0.0086914
Proposed IT2-W-FBRI,Proposed,alpha,0.1,5,48,0.740588755079957,0.731780988224262,1.862508075581e-05,1,46,0.0078551
Proposed IT2-W-FBRI,Proposed,alpha,0.1,10,48,0.740589451008019,0.731781738201021,1.58602647871629e-05,1,46,0.0078904
Proposed IT2-W-FBRI,Proposed,alpha,0.1,15,48,0.746332522799803,0.738718278510155,3.04376206733786e-05,1,44,0.0074888
Proposed IT2-W-FBRI,Proposed,alpha,0.1,20,48,0.788881175894686,0.78438703284818,2.94988967770992e-05,1,44,0.0108327
Proposed IT2-W-FBRI,Proposed,alpha,0.1,40,48,0.815773588185803,0.808464826725603,1.39203601579571e-05,1,46,0.0080787
Proposed IT2-W-FBRI,Proposed,alpha,0.2,0,48,0.759536164173459,0.733178320403555,0.0601391366829564,1,52,0.0098075
Proposed IT2-W-FBRI,Proposed,alpha,0.2,5,48,0.74058928450746,0.731781589909127,2.06917199803184e-05,1,45,0.0077499
Proposed IT2-W-FBRI,Proposed,alpha,0.2,10,48,0.740595772261168,0.731789977003763,1.794687170021e-05,1,45,0.0106079
Proposed IT2-W-FBRI,Proposed,alpha,0.2,15,48,0.754838259240459,0.748648819952575,3.46585590153848e-05,1,43,0.0075686
Proposed IT2-W-FBRI,Proposed,alpha,0.2,20,48,0.797241332926376,0.792372813755847,3.36880652404638e-05,1,44,0.0075375
Proposed IT2-W-FBRI,Proposed,alpha,0.2,40,48,0.815775325515279,0.808466267814915,1.59602487905426e-05,1,46,0.0100325
Proposed IT2-W-FBRI,Proposed,alpha,0.3,0,48,0.834396424659443,0.581101894508393,0.576249882568137,1,48,0.0090219
Proposed IT2-W-FBRI,Proposed,alpha,0.3,5,48,0.740589823706573,0.731782220910482,2.28978551641183e-05,1,44,0.0076802
Proposed IT2-W-FBRI,Proposed,alpha,0.3,10,48,0.740687929582543,0.731910678180473,2.02286313566428e-05,1,45,0.010915
Proposed IT2-W-FBRI,Proposed,alpha,0.3,15,48,0.767313551963942,0.761903288422213,3.9321888403762e-05,1,43,0.010104
Proposed IT2-W-FBRI,Proposed,alpha,0.3,20,48,0.805135381278065,0.799349937155682,3.8358277448732e-05,1,43,0.0100678
Proposed IT2-W-FBRI,Proposed,alpha,0.3,40,48,0.815776739751422,0.808467475901847,1.82442542646525e-05,1,46,0.0138262
Proposed IT2-W-FBRI,Proposed,alpha,0.4,0,48,0.842561423053765,0.520599001803946,0.719867340831707,1,42,0.005988
Proposed IT2-W-FBRI,Proposed,alpha,0.4,5,48,0.740591673730326,0.731784576574476,2.52324142615898e-05,1,44,0.0074048
Proposed IT2-W-FBRI,Proposed,alpha,0.4,10,48,0.741997678347613,0.733619128579974,3.24459062546725e-05,1,44,0.0074918
Proposed IT2-W-FBRI,Proposed,alpha,0.4,15,48,0.782465788467714,0.778094280552144,4.44510853973648e-05,1,43,0.0087444
Proposed IT2-W-FBRI,Proposed,alpha,0.4,20,48,0.811284743181026,0.80491972821888,4.35124436677256e-05,1,43,0.0073111
Proposed IT2-W-FBRI,Proposed,alpha,0.4,40,48,0.815777914366114,0.808468515542796,2.07876733415785e-05,1,45,0.007543
Proposed IT2-W-FBRI,Proposed,alpha,0.5,0,48,0.845546900711312,0.473612866178945,0.817368393102877,1,42,0.0055545
Proposed IT2-W-FBRI,Proposed,alpha,0.5,5,48,0.740659493002038,0.731873376277417,2.76949836527245e-05,1,43,0.0069196
Proposed IT2-W-FBRI,Proposed,alpha,0.5,10,48,0.752389778343418,0.74581298397609,5.18328410084602e-05,1,42,0.0067675
Proposed IT2-W-FBRI,Proposed,alpha,0.5,15,48,0.798391234063713,0.793469106609495,5.00574997968227e-05,1,42,0.0070575
Proposed IT2-W-FBRI,Proposed,alpha,0.5,20,48,0.81448031128358,0.807473873300652,3.44188061076589e-05,1,44,0.010419
Proposed IT2-W-FBRI,Proposed,alpha,0.5,40,48,0.815778912938154,0.808469435441839,2.35920047252718e-05,1,45,0.0079949
Proposed IT2-W-FBRI,Proposed,alpha,0.6,0,48,0.847254095564724,0.435783672793929,0.891987787185191,1,42,0.005614
Proposed IT2-W-FBRI,Proposed,alpha,0.6,5,48,0.743751279602406,0.735726549412002,4.3256755553984e-05,1,42,0.006896
Proposed IT2-W-FBRI,Proposed,alpha,0.6,10,48,0.779008256186069,0.774624648468896,4.03913975362206e-05,1,43,0.0070349
Proposed IT2-W-FBRI,Proposed,alpha,0.6,15,48,0.810760943787048,0.804466359392673,5.61224812539322e-05,1,42,0.006774
Proposed IT2-W-FBRI,Proposed,alpha,0.6,20,48,0.815484288196082,0.808244459421108,2.7113830364422e-05,1,44,0.006893
Proposed IT2-W-FBRI,Proposed,alpha,0.6,40,48,0.815779783972734,0.808470273027083,2.66658145193128e-05,1,44,0.0071628
Proposed IT2-W-FBRI,Proposed,alpha,0.7,0,48,0.848273220382552,0.409302139998248,0.9435597317113,1,42,0.0081231
Proposed IT2-W-FBRI,Proposed,alpha,0.7,5,48,0.782751655359788,0.778446957607824,0.00132275624682807,1,42,0.0066574
Proposed IT2-W-FBRI,Proposed,alpha,0.7,10,48,0.807122710612581,0.801262759587221,5.76651731524971e-05,1,42,0.0066578
Proposed IT2-W-FBRI,Proposed,alpha,0.7,15,48,0.815119880606424,0.807965553686968,3.11272930303493e-05,1,43,0.0071464
Proposed IT2-W-FBRI,Proposed,alpha,0.7,20,48,0.81571850529329,0.808423680678262,3.04039018480705e-05,1,43,0.0070182
Proposed IT2-W-FBRI,Proposed,alpha,0.7,40,48,0.815780564169803,0.808471055956345,3.00008053982215e-05,1,44,0.0092692
Proposed IT2-W-FBRI,Proposed,alpha,0.8,0,48,0.848820975754142,0.393584284853262,0.97368309040464,1,43,0.005791
Proposed IT2-W-FBRI,Proposed,alpha,0.8,5,48,0.829921787669738,0.689928169648867,0.334583757815999,1,42,0.0070167
Proposed IT2-W-FBRI,Proposed,alpha,0.8,10,48,0.816430808587122,0.808079557247129,0.0220698743478027,1,42,0.0073839
Proposed IT2-W-FBRI,Proposed,alpha,0.8,15,48,0.815790934368539,0.808274608669927,0.00149244401329389,1,43,0.0094935
Proposed IT2-W-FBRI,Proposed,alpha,0.8,20,48,0.815781007019338,0.808456988110204,0.000272730630184146,1,43,0.0071159
Proposed IT2-W-FBRI,Proposed,alpha,0.8,40,48,0.815782109437351,0.808473275797529,5.00198129659274e-05,1,43,0.0086452
Proposed IT2-W-FBRI,Proposed,alpha,0.85,0,48,0.848976641414817,0.38886415031953,0.982582533617848,1,43,0.0055614
Proposed IT2-W-FBRI,Proposed,alpha,0.85,5,48,0.839973947563595,0.575927671977621,0.604053136654543,1,42,0.0069038
Proposed IT2-W-FBRI,Proposed,alpha,0.85,10,48,0.826037693049536,0.73622605009566,0.221140616742199,1,42,0.0076365
Proposed IT2-W-FBRI,Proposed,alpha,0.85,15,48,0.818792108969948,0.79684989737174,0.0613635847844014,1,42,0.006672
Proposed IT2-W-FBRI,Proposed,alpha,0.85,20,48,0.816744340270044,0.808466501164781,0.0193908042868433,1,42,0.0067305
Proposed IT2-W-FBRI,Proposed,alpha,0.85,40,48,0.815923346255391,0.808218825550671,0.00284578661961013,1,43,0.0070759
Proposed IT2-W-FBRI,Proposed,alpha,0.9,0,48,0.849080801799805,0.385638404834131,0.988625360257933,1,43,0.0061738
Proposed IT2-W-FBRI,Proposed,alpha,0.9,5,48,0.846113666186455,0.463627951644135,0.837588494684504,1,42,0.0071161
Proposed IT2-W-FBRI,Proposed,alpha,0.9,10,48,0.840176644190884,0.57387324800636,0.608811487878188,1,42,0.0071441
Proposed IT2-W-FBRI,Proposed,alpha,0.9,15,48,0.834723712048089,0.646816926083851,0.441426922192629,1,42,0.0084852
Proposed IT2-W-FBRI,Proposed,alpha,0.9,20,48,0.830792041945698,0.690589352053945,0.335716956714155,1,42,0.0071221
Proposed IT2-W-FBRI,Proposed,alpha,0.9,40,48,0.824954945835796,0.746608144904152,0.194693404146685,1,42,0.0071703
Proposed IT2-W-FBRI,Proposed,alpha,1,0,48,0.849193528547163,0.382136524182579,0.99524407588806,1,43,0.0071794
Proposed IT2-W-FBRI,Proposed,alpha,1,5,48,0.849193528547163,0.382136524182579,0.99524407588806,1,43,0.0074329
Proposed IT2-W-FBRI,Proposed,alpha,1,10,48,0.849193528547163,0.382136524182579,0.99524407588806,1,43,0.0073151
Proposed IT2-W-FBRI,Proposed,alpha,1,15,48,0.849193528547163,0.382136524182579,0.99524407588806,1,43,0.0072462
Proposed IT2-W-FBRI,Proposed,alpha,1,20,48,0.849193528547163,0.382136524182579,0.99524407588806,1,43,0.0072729
Proposed IT2-W-FBRI,Proposed,alpha,1,40,48,0.849193528547163,0.382136524182579,0.99524407588806,1,43,0.0069071
Isobe-APP,Convergence SOTA,none,NaN,NaN,48,0.849280305989031,0.379670789744654,0.999952661467819,1,42,0.0036065
RQE,Robust SOTA,rqe_tau,0.5,NaN,48,0.797506629673218,0.624846004238858,0.387079009704162,1,23,0.2376774
RQE,Robust SOTA,rqe_tau,1,NaN,48,0.797534357558723,0.624771056429714,0.387301729845702,1,23,0.2268607
RQE,Robust SOTA,rqe_tau,2,NaN,48,0.797590289865579,0.624619502469914,0.387751753161038,1,23,0.227478
RQE,Robust SOTA,rqe_tau,5,NaN,48,0.797761489439279,0.624152526843613,0.389135510165119,1,23,0.238049
RQE,Robust SOTA,rqe_tau,10,NaN,48,0.798055042792528,0.62334074529412,0.39153077557716,1,23,0.2208201
RQE,Robust SOTA,rqe_tau,20,NaN,48,0.798647119218889,0.621666475817959,0.396447004690457,1,24,0.237708
RQE,Robust SOTA,rqe_tau,50,NaN,48,0.799973725237392,0.617666502887076,0.408046575209918,1,24,0.2872613
MF-RQE,Robust SOTA,mfrqe_tau,0.5,NaN,48,0.78531133976294,0.649619001125752,0.305679700496965,1,22,0.2161899
MF-RQE,Robust SOTA,mfrqe_tau,1,NaN,48,0.784507686056229,0.65066068874427,0.30159767495099,1,22,0.2632804
MF-RQE,Robust SOTA,mfrqe_tau,2,NaN,48,0.782929247013034,0.652660769418486,0.293680068763852,1,22,0.222511
MF-RQE,Robust SOTA,mfrqe_tau,5,NaN,48,0.77882379368815,0.657523859231445,0.273686363205582,1,21,0.2087906
MF-RQE,Robust SOTA,mfrqe_tau,10,NaN,48,0.774861950996005,0.661821157555673,0.255170663561366,1,20,0.1976515
MF-RQE,Robust SOTA,mfrqe_tau,20,NaN,48,0.772727222863498,0.664003475023608,0.245498098235752,1,19,0.2207988
MF-RQE,Robust SOTA,mfrqe_tau,50,NaN,48,0.772367523588488,0.664362685978078,0.243887842033785,1,19,0.1934353
CVaR-game,Robust SOTA,cvar_alpha,0.05,NaN,48,0.740588399553191,0.731779274493456,1.14996634136185e-05,1,28,0.087867
CVaR-game,Robust SOTA,cvar_alpha,0.1,NaN,48,0.740588399553191,0.731779274493456,1.14996634136185e-05,1,28,0.0869182
CVaR-game,Robust SOTA,cvar_alpha,0.2,NaN,48,0.740588399553191,0.731779274493456,1.14996634136185e-05,1,28,0.0946685
CVaR-game,Robust SOTA,cvar_alpha,0.3,NaN,48,0.740588399553191,0.731779274493456,1.14996634136185e-05,1,28,0.0897283
CVaR-game,Robust SOTA,cvar_alpha,0.5,NaN,48,0.849278211328694,0.379660260338357,0.999965501009759,1,28,0.0931764
CVaR-game,Robust SOTA,cvar_alpha,0.7,NaN,48,0.849278211328694,0.379660260338357,0.999965501009759,1,28,0.087696
CVaR-game,Robust SOTA,cvar_alpha,0.9,NaN,48,0.849278211328694,0.379660260338357,0.999965501009759,1,28,0.0937323
DRNE-VI,Robust SOTA,drne_alpha,0.1,NaN,48,0.838546738006499,0.533304546379342,0.68314808412777,0,300,0.0061026
DRNE-VI,Robust SOTA,drne_alpha,0.3,NaN,48,0.835247690666436,0.563304598266387,0.614740028810854,0,300,0.0063763
DRNE-VI,Robust SOTA,drne_alpha,0.5,NaN,48,0.828859841510247,0.596952571842752,0.527848662315903,0,300,0.0060629
DRNE-VI,Robust SOTA,drne_alpha,0.7,NaN,48,0.810584403726167,0.647703004332861,0.372300867869437,0,300,0.0059111
DRNE-VI,Robust SOTA,drne_alpha,0.9,NaN,48,0.790801740986142,0.69546927878489,0.218513674676503,0,300,0.0060067
DRNE-VI,Robust SOTA,drne_alpha,0.95,NaN,48,0.789910472046484,0.69756198485623,0.211739533641091,0,300,0.0039556
Proposed IT2-W-FBRI,Proposed,alpha,0,0,49,0.740870976715951,0.730343382828697,8.94775869309e-05,1,41,0.0051544
Proposed IT2-W-FBRI,Proposed,alpha,0,5,49,0.740622836948947,0.730043429635861,1.67057699594918e-05,1,46,0.007323
Proposed IT2-W-FBRI,Proposed,alpha,0,10,49,0.740623370467482,0.730043763935515,1.3972707275468e-05,1,46,0.0085886
Proposed IT2-W-FBRI,Proposed,alpha,0,15,49,0.742245589702632,0.73198689031551,2.66574901391134e-05,1,44,0.0073258
Proposed IT2-W-FBRI,Proposed,alpha,0,20,49,0.780543319422411,0.776150611860306,2.57582542332563e-05,1,44,0.0070843
Proposed IT2-W-FBRI,Proposed,alpha,0,40,49,0.815615807669426,0.80839818340886,1.2109340640339e-05,1,46,0.0077277
Proposed IT2-W-FBRI,Proposed,alpha,0.1,0,49,0.742334007419483,0.732151668311869,0.00151741023707714,1,41,0.0060182
Proposed IT2-W-FBRI,Proposed,alpha,0.1,5,49,0.740623417770602,0.730044095261783,1.862520029147e-05,1,46,0.0077812
Proposed IT2-W-FBRI,Proposed,alpha,0.1,10,49,0.740624121741779,0.730044703038797,1.58603751661419e-05,1,46,0.0119431
Proposed IT2-W-FBRI,Proposed,alpha,0.1,15,49,0.746329364270423,0.73743895595633,3.04378392623824e-05,1,44,0.0082789
Proposed IT2-W-FBRI,Proposed,alpha,0.1,20,49,0.788711024177261,0.784296054593695,2.94991125158078e-05,1,44,0.007277
Proposed IT2-W-FBRI,Proposed,alpha,0.1,40,49,0.815617978188387,0.808400003164381,1.39204638372573e-05,1,46,0.0075287
Proposed IT2-W-FBRI,Proposed,alpha,0.2,0,49,0.759270128021155,0.735661117749599,0.0601391422159083,1,52,0.0069444
Proposed IT2-W-FBRI,Proposed,alpha,0.2,5,49,0.740623938893677,0.730044727181748,2.06918831221509e-05,1,45,0.0086006
Proposed IT2-W-FBRI,Proposed,alpha,0.2,10,49,0.740630393826363,0.730052262736337,1.79470249890235e-05,1,45,0.0072792
Proposed IT2-W-FBRI,Proposed,alpha,0.2,15,49,0.754785370685163,0.748162009048598,3.46502024069498e-05,1,44,0.0079281
Proposed IT2-W-FBRI,Proposed,alpha,0.2,20,49,0.797064611044226,0.792270266002416,3.36882788613957e-05,1,44,0.0073168
Proposed IT2-W-FBRI,Proposed,alpha,0.2,40,49,0.815619715316189,0.808401493475637,1.59603514665783e-05,1,46,0.0073396
Proposed IT2-W-FBRI,Proposed,alpha,0.3,0,49,0.832768481693648,0.579166073878857,0.576249884286222,1,48,0.0090096
Proposed IT2-W-FBRI,Proposed,alpha,0.3,5,49,0.740624468886853,0.7300453882024,2.28980764055321e-05,1,44,0.0092764
Proposed IT2-W-FBRI,Proposed,alpha,0.3,10,49,0.740721913163675,0.73016195155297,2.02287812316795e-05,1,45,0.007276
Proposed IT2-W-FBRI,Proposed,alpha,0.3,15,49,0.76720183614585,0.762265398882965,3.93221877196717e-05,1,43,0.0071552
Proposed IT2-W-FBRI,Proposed,alpha,0.3,20,49,0.804961408870876,0.799263533947044,3.83585736538977e-05,1,43,0.0075764
Proposed IT2-W-FBRI,Proposed,alpha,0.3,40,49,0.815621127977581,0.808402741323436,1.82443551238353e-05,1,46,0.007578
Proposed IT2-W-FBRI,Proposed,alpha,0.4,0,49,0.840584719230221,0.518835130760311,0.719867341350386,1,42,0.0060849
Proposed IT2-W-FBRI,Proposed,alpha,0.4,5,49,0.7406263001202,0.730047618546352,2.52326260500075e-05,1,44,0.0074716
Proposed IT2-W-FBRI,Proposed,alpha,0.4,10,49,0.742022723402799,0.731719789611899,3.24461135132338e-05,1,44,0.0078033
Proposed IT2-W-FBRI,Proposed,alpha,0.4,15,49,0.782306928898205,0.778084001508558,4.44513762816977e-05,1,43,0.0076036
Proposed IT2-W-FBRI,Proposed,alpha,0.4,20,49,0.811119241021957,0.804668134201533,4.3512731916437e-05,1,43,0.0074725
Proposed IT2-W-FBRI,Proposed,alpha,0.4,40,49,0.815622299831411,0.80840381368761,2.07878121358322e-05,1,45,0.0076921
Proposed IT2-W-FBRI,Proposed,alpha,0.5,0,49,0.843291333878291,0.473299781945596,0.817368393250299,1,42,0.0059076
Proposed IT2-W-FBRI,Proposed,alpha,0.5,5,49,0.740693647955262,0.730128344382718,2.76952671286657e-05,1,43,0.0072998
Proposed IT2-W-FBRI,Proposed,alpha,0.5,10,49,0.752350376461915,0.745114073351766,5.18332418520769e-05,1,42,0.0071438
Proposed IT2-W-FBRI,Proposed,alpha,0.5,15,49,0.798214322098577,0.793325530661127,5.00517540763147e-05,1,43,0.0073052
Proposed IT2-W-FBRI,Proposed,alpha,0.5,20,49,0.814321504499682,0.807374214385759,3.44190002891349e-05,1,44,0.0079383
Proposed IT2-W-FBRI,Proposed,alpha,0.5,40,49,0.815623294595379,0.808404761071825,2.35921384641682e-05,1,45,0.0104514
Proposed IT2-W-FBRI,Proposed,alpha,0.6,0,49,0.844772322115667,0.436832258524595,0.89198778724541,1,42,0.0060548
Proposed IT2-W-FBRI,Proposed,alpha,0.6,5,49,0.743764661873663,0.733980331725272,4.32571365554701e-05,1,42,0.0079242
Proposed IT2-W-FBRI,Proposed,alpha,0.6,10,49,0.778857701742067,0.774487395947714,4.03916633890335e-05,1,43,0.0070286
Proposed IT2-W-FBRI,Proposed,alpha,0.6,15,49,0.810594467503763,0.804200459203011,5.6122857508344e-05,1,42,0.0078527
Proposed IT2-W-FBRI,Proposed,alpha,0.6,20,49,0.815327919620982,0.808171387335398,2.71140136440454e-05,1,44,0.0076816
Proposed IT2-W-FBRI,Proposed,alpha,0.6,40,49,0.815624160901349,0.808405622346925,2.66659952496599e-05,1,44,0.008042
Proposed IT2-W-FBRI,Proposed,alpha,0.7,0,49,0.845631101654892,0.411080167103843,0.943559731743243,1,42,0.0057714
Proposed IT2-W-FBRI,Proposed,alpha,0.7,5,49,0.782588790795742,0.77828805298136,0.00132275668188704,1,42,0.0079883
Proposed IT2-W-FBRI,Proposed,alpha,0.7,10,49,0.806950810505732,0.800986492285563,5.76655269682623e-05,1,42,0.0102839
Proposed IT2-W-FBRI,Proposed,alpha,0.7,15,49,0.814962603626943,0.807882456290104,3.11275391031436e-05,1,43,0.008145
Proposed IT2-W-FBRI,Proposed,alpha,0.7,20,49,0.815562718705821,0.808357261900263,3.04028326152025e-05,1,44,0.0081023
Proposed IT2-W-FBRI,Proposed,alpha,0.7,40,49,0.815624935534671,0.808406426184693,3.00009755500165e-05,1,44,0.0105143
Proposed IT2-W-FBRI,Proposed,alpha,0.8,0,49,0.846083995304893,0.396002339860216,0.973683090457456,1,43,0.008795
Proposed IT2-W-FBRI,Proposed,alpha,0.8,5,49,0.828999379560033,0.687669691592607,0.33458375828231,1,42,0.0137705
Proposed IT2-W-FBRI,Proposed,alpha,0.8,10,49,0.816228784073625,0.806107027796459,0.0220698747606878,1,42,0.0103796
Proposed IT2-W-FBRI,Proposed,alpha,0.8,15,49,0.815632176697437,0.808490354431825,0.00149244424851135,1,43,0.0076205
Proposed IT2-W-FBRI,Proposed,alpha,0.8,20,49,0.815624855993141,0.808419355281769,0.000272730858932879,1,43,0.0072149
Proposed IT2-W-FBRI,Proposed,alpha,0.8,40,49,0.815626441217418,0.808408701074912,5.00200386455381e-05,1,43,0.0074112
Proposed IT2-W-FBRI,Proposed,alpha,0.85,0,49,0.846211481276126,0.391528518689046,0.982582533696915,1,43,0.0056315
Proposed IT2-W-FBRI,Proposed,alpha,0.85,5,49,0.838343047131927,0.573498527460154,0.604053136835376,1,42,0.0067883
Proposed IT2-W-FBRI,Proposed,alpha,0.85,10,49,0.825397724819006,0.733509648029414,0.221140617028778,1,42,0.0067501
Proposed IT2-W-FBRI,Proposed,alpha,0.85,15,49,0.818509277615597,0.794068593012765,0.0613635851046667,1,42,0.0091386
Proposed IT2-W-FBRI,Proposed,alpha,0.85,20,49,0.816549171404846,0.807039297122562,0.0193908046020485,1,42,0.0066461
Proposed IT2-W-FBRI,Proposed,alpha,0.85,40,49,0.815762005954815,0.808665387038617,0.00284578683133812,1,43,0.0065122
Proposed IT2-W-FBRI,Proposed,alpha,0.9,0,49,0.846296468916802,0.3885008820493,0.988625360362429,1,43,0.0059829
Proposed IT2-W-FBRI,Proposed,alpha,0.9,5,49,0.843799220809086,0.463645013478627,0.83758849473611,1,42,0.0079452
Proposed IT2-W-FBRI,Proposed,alpha,0.9,10,49,0.838533375882703,0.571435888319999,0.608811487993272,1,42,0.0100762
Proposed IT2-W-FBRI,Proposed,alpha,0.9,15,49,0.833536212374797,0.644396773116865,0.441426922323305,1,42,0.0126458
Proposed IT2-W-FBRI,Proposed,alpha,0.9,20,49,0.829875259255393,0.688232735643268,0.335716956837721,1,42,0.0099317
Proposed IT2-W-FBRI,Proposed,alpha,0.9,40,49,0.824376977134513,0.743880622558516,0.194693404199673,1,42,0.0099353
Proposed IT2-W-FBRI,Proposed,alpha,1,0,49,0.846388161307422,0.385178452083683,0.995244076028555,1,43,0.0057597
Proposed IT2-W-FBRI,Proposed,alpha,1,5,49,0.846388161307422,0.385178452083683,0.995244076028555,1,43,0.0085174
Proposed IT2-W-FBRI,Proposed,alpha,1,10,49,0.846388161307422,0.385178452083683,0.995244076028555,1,43,0.0068724
Proposed IT2-W-FBRI,Proposed,alpha,1,15,49,0.846388161307422,0.385178452083683,0.995244076028555,1,43,0.0070061
Proposed IT2-W-FBRI,Proposed,alpha,1,20,49,0.846388161307422,0.385178452083683,0.995244076028555,1,43,0.0070102
Proposed IT2-W-FBRI,Proposed,alpha,1,40,49,0.846388161307422,0.385178452083683,0.995244076028555,1,43,0.007223
Isobe-APP,Convergence SOTA,none,NaN,NaN,49,0.846460057442955,0.382822034868998,0.999952739540629,1,42,0.0033385
RQE,Robust SOTA,rqe_tau,0.5,NaN,49,0.796279628565807,0.623885110980401,0.387079009704162,1,23,0.2222912
RQE,Robust SOTA,rqe_tau,1,NaN,49,0.79630675308318,0.623811089861828,0.387301729845702,1,23,0.2123562
RQE,Robust SOTA,rqe_tau,2,NaN,49,0.79636146595164,0.623661404138744,0.387751753161038,1,23,0.2185268
RQE,Robust SOTA,rqe_tau,5,NaN,49,0.796528913552773,0.623200137607521,0.389135510165119,1,23,0.2553558
RQE,Robust SOTA,rqe_tau,10,NaN,49,0.796815963848437,0.622398109395066,0.39153077557716,1,23,0.214551
RQE,Robust SOTA,rqe_tau,20,NaN,49,0.797394660196282,0.620738486441904,0.396447004690457,1,24,0.2361729
RQE,Robust SOTA,rqe_tau,50,NaN,49,0.798689456638294,0.616740088971585,0.408046575209918,1,24,0.2691421
MF-RQE,Robust SOTA,mfrqe_tau,0.5,NaN,49,0.78429935037427,0.648644609658861,0.305679700496965,1,22,0.2287297
MF-RQE,Robust SOTA,mfrqe_tau,1,NaN,49,0.783506421114064,0.64963089248219,0.30159767495099,1,22,0.213217
MF-RQE,Robust SOTA,mfrqe_tau,2,NaN,49,0.781948885839056,0.651523100993131,0.293680068763852,1,22,0.2302412
MF-RQE,Robust SOTA,mfrqe_tau,5,NaN,49,0.777896851185973,0.656200084117569,0.273686363205582,1,21,0.2174807
MF-RQE,Robust SOTA,mfrqe_tau,10,NaN,49,0.773985343163759,0.66049812173029,0.255170663561366,1,20,0.2001687
MF-RQE,Robust SOTA,mfrqe_tau,20,NaN,49,0.771877265841424,0.662668013135719,0.245498098235752,1,19,0.1930125
MF-RQE,Robust SOTA,mfrqe_tau,50,NaN,49,0.771522027632668,0.663024968862117,0.243887842033785,1,19,0.1712377
CVaR-game,Robust SOTA,cvar_alpha,0.05,NaN,49,0.740623116764973,0.730042471401245,1.14996634136185e-05,1,28,0.0924102
CVaR-game,Robust SOTA,cvar_alpha,0.1,NaN,49,0.740623116764973,0.730042471401245,1.14996634136185e-05,1,28,0.0903621
CVaR-game,Robust SOTA,cvar_alpha,0.2,NaN,49,0.740623116764973,0.730042471401245,1.14996634136185e-05,1,28,0.0862661
CVaR-game,Robust SOTA,cvar_alpha,0.3,NaN,49,0.740623116764973,0.730042471401245,1.14996634136185e-05,1,28,0.091291
CVaR-game,Robust SOTA,cvar_alpha,0.5,NaN,49,0.846457892104871,0.382812132197551,0.999965501009759,1,28,0.1035414
CVaR-game,Robust SOTA,cvar_alpha,0.7,NaN,49,0.846457892104871,0.382812132197551,0.999965501009759,1,28,0.116864
CVaR-game,Robust SOTA,cvar_alpha,0.9,NaN,49,0.846457892104871,0.382812132197551,0.999965501009759,1,28,0.0985695
DRNE-VI,Robust SOTA,drne_alpha,0.1,NaN,49,0.836636945328993,0.531582876802526,0.68314808412777,0,300,0.0060913
DRNE-VI,Robust SOTA,drne_alpha,0.3,NaN,49,0.83351798427972,0.561291042267754,0.614740028810854,0,300,0.0060983
DRNE-VI,Robust SOTA,drne_alpha,0.5,NaN,49,0.827330654659122,0.59526732826359,0.527848662315903,0,300,0.0060448
DRNE-VI,Robust SOTA,drne_alpha,0.7,NaN,49,0.809380326172797,0.647003107046396,0.372300867869437,0,300,0.0058592
DRNE-VI,Robust SOTA,drne_alpha,0.9,NaN,49,0.78999793400645,0.695924901834509,0.218513674676503,0,300,0.0060304
DRNE-VI,Robust SOTA,drne_alpha,0.95,NaN,49,0.789126246487217,0.698067694445163,0.211739533641091,0,300,0.0034162
Proposed IT2-W-FBRI,Proposed,alpha,0,0,50,0.740735432940285,0.73037638940757,8.94776129314295e-05,1,41,0.0053055
Proposed IT2-W-FBRI,Proposed,alpha,0,5,50,0.740483998203747,0.730083909297899,1.67057740837271e-05,1,46,0.0074151
Proposed IT2-W-FBRI,Proposed,alpha,0,10,50,0.740484542314527,0.730084901053706,1.39727116455083e-05,1,46,0.0077668
Proposed IT2-W-FBRI,Proposed,alpha,0,15,50,0.742130833643984,0.732240729162838,2.66574992322023e-05,1,44,0.0077755
Proposed IT2-W-FBRI,Proposed,alpha,0,20,50,0.78081325704357,0.776269299262569,2.57582633956316e-05,1,44,0.007606
Proposed IT2-W-FBRI,Proposed,alpha,0,40,50,0.815911952417077,0.808060725554391,1.21093451630861e-05,1,46,0.0075443
Proposed IT2-W-FBRI,Proposed,alpha,0.1,0,50,0.742212093209599,0.732319175063106,0.00151741025411665,1,41,0.0054416
Proposed IT2-W-FBRI,Proposed,alpha,0.1,5,50,0.740484569749576,0.730084094731354,1.8625204427656e-05,1,46,0.0075528
Proposed IT2-W-FBRI,Proposed,alpha,0.1,10,50,0.740485291729046,0.730085392546488,1.58603795264886e-05,1,46,0.0112683
Proposed IT2-W-FBRI,Proposed,alpha,0.1,15,50,0.746272432512634,0.73757691275019,3.04378483276087e-05,1,44,0.0070226
Proposed IT2-W-FBRI,Proposed,alpha,0.1,20,50,0.789015867963034,0.784424910533073,2.94991216473998e-05,1,44,0.0074674
Proposed IT2-W-FBRI,Proposed,alpha,0.1,40,50,0.815914105454722,0.808062050284944,1.39204683434485e-05,1,46,0.0069557
Proposed IT2-W-FBRI,Proposed,alpha,0.2,0,50,0.75904256332924,0.732505584782885,0.0601391419104678,1,52,0.0077018
Proposed IT2-W-FBRI,Proposed,alpha,0.2,5,50,0.740485081978401,0.73008421493334,2.06918891365531e-05,1,45,0.0073029
Proposed IT2-W-FBRI,Proposed,alpha,0.2,10,50,0.740491643663303,0.730092693630887,1.7947031268571e-05,1,45,0.0076892
Proposed IT2-W-FBRI,Proposed,alpha,0.2,15,50,0.754835653914774,0.747617740320375,3.46502114600432e-05,1,44,0.0073202
Proposed IT2-W-FBRI,Proposed,alpha,0.2,20,50,0.797387310168882,0.792129199616595,3.36882879763167e-05,1,44,0.0079239
Proposed IT2-W-FBRI,Proposed,alpha,0.2,40,50,0.815915825692912,0.808063020731759,1.59603559623386e-05,1,46,0.0073224
Proposed IT2-W-FBRI,Proposed,alpha,0.3,0,50,0.830100137618618,0.578749729998347,0.576249884187879,1,48,0.0082866
Proposed IT2-W-FBRI,Proposed,alpha,0.3,5,50,0.740485603271954,0.730084332951986,2.2898085162081e-05,1,44,0.0079103
Proposed IT2-W-FBRI,Proposed,alpha,0.3,10,50,0.740584521324914,0.730205764090473,2.02287875253613e-05,1,45,0.0073624
Proposed IT2-W-FBRI,Proposed,alpha,0.3,15,50,0.767378374872482,0.761972694108555,3.93222007500152e-05,1,43,0.0071167
Proposed IT2-W-FBRI,Proposed,alpha,0.3,20,50,0.805284070392855,0.799356888280817,3.83585867589258e-05,1,43,0.0077987
Proposed IT2-W-FBRI,Proposed,alpha,0.3,40,50,0.81591722155038,0.808063714855254,1.82443596168449e-05,1,46,0.0075632
Proposed IT2-W-FBRI,Proposed,alpha,0.4,0,50,0.837121878832949,0.517947361654007,0.719867341355545,1,42,0.0055005
Proposed IT2-W-FBRI,Proposed,alpha,0.4,5,50,0.740487444973902,0.73008604588504,2.52326348989669e-05,1,44,0.0076175
Proposed IT2-W-FBRI,Proposed,alpha,0.4,10,50,0.741904608468473,0.731941784855463,3.24461225471365e-05,1,44,0.0068637
Proposed IT2-W-FBRI,Proposed,alpha,0.4,15,50,0.782585748817349,0.778203838596016,4.44513893483268e-05,1,43,0.0069981
Proposed IT2-W-FBRI,Proposed,alpha,0.4,20,50,0.811430250569015,0.804556311482327,4.35127450478785e-05,1,43,0.0068518
Proposed IT2-W-FBRI,Proposed,alpha,0.4,40,50,0.815918376279622,0.808064191930021,2.0787818600493e-05,1,45,0.0079751
Proposed IT2-W-FBRI,Proposed,alpha,0.5,0,50,0.839292282788116,0.469933330213904,0.817368393276437,1,42,0.0057227
Proposed IT2-W-FBRI,Proposed,alpha,0.5,5,50,0.74055578648963,0.730169059021735,2.76952800361606e-05,1,43,0.0080433
Proposed IT2-W-FBRI,Proposed,alpha,0.5,10,50,0.752371421173249,0.744564726148983,5.18332605467775e-05,1,42,0.0096322
Proposed IT2-W-FBRI,Proposed,alpha,0.5,15,50,0.798537964083642,0.793164574526549,5.00579143364974e-05,1,42,0.0099023
Proposed IT2-W-FBRI,Proposed,alpha,0.5,20,50,0.814622431466868,0.807097998537697,3.44190095202803e-05,1,44,0.0115009
Proposed IT2-W-FBRI,Proposed,alpha,0.5,40,50,0.81591935333966,0.808064498834173,2.35921449506978e-05,1,45,0.0082677
Proposed IT2-W-FBRI,Proposed,alpha,0.6,0,50,0.840360565175919,0.431578979447564,0.89198778727411,1,42,0.0074062
Proposed IT2-W-FBRI,Proposed,alpha,0.6,5,50,0.74367172734963,0.734267607920467,4.32571552477985e-05,1,42,0.0066459
Proposed IT2-W-FBRI,Proposed,alpha,0.6,10,50,0.779118206060412,0.774427750727958,4.03916765940682e-05,1,43,0.007336
Proposed IT2-W-FBRI,Proposed,alpha,0.6,15,50,0.810906805970912,0.804094756452562,5.61228765119806e-05,1,42,0.0081545
Proposed IT2-W-FBRI,Proposed,alpha,0.6,20,50,0.815625118621217,0.807845987792109,2.71140229832453e-05,1,44,0.0076904
Proposed IT2-W-FBRI,Proposed,alpha,0.6,40,50,0.815920201126969,0.80806466995282,2.66660046138524e-05,1,44,0.0082964
Proposed IT2-W-FBRI,Proposed,alpha,0.7,0,50,0.840931861296935,0.405317364321402,0.943559731771607,1,42,0.0055274
Proposed IT2-W-FBRI,Proposed,alpha,0.7,5,50,0.782862245886697,0.778545284556897,0.00132275669284171,1,42,0.0069561
Proposed IT2-W-FBRI,Proposed,alpha,0.7,10,50,0.807270735043184,0.801046635827749,5.76655461036578e-05,1,42,0.0069564
Proposed IT2-W-FBRI,Proposed,alpha,0.7,15,50,0.81526118122491,0.807575108974789,3.11275525862231e-05,1,43,0.007346
Proposed IT2-W-FBRI,Proposed,alpha,0.7,20,50,0.8158589833674,0.80801879051527,3.04028420309674e-05,1,44,0.0073637
Proposed IT2-W-FBRI,Proposed,alpha,0.7,40,50,0.815920956323075,0.808064733849722,3.0000984983173e-05,1,44,0.0069868
Proposed IT2-W-FBRI,Proposed,alpha,0.8,0,50,0.841215839070848,0.389751693598196,0.973683090475627,1,43,0.0054071
Proposed IT2-W-FBRI,Proposed,alpha,0.8,5,50,0.827578274968267,0.688145578084945,0.334583758289283,1,42,0.0067267
Proposed IT2-W-FBRI,Proposed,alpha,0.8,10,50,0.816414126002715,0.806382202580326,0.0220698747795879,1,42,0.0069165
Proposed IT2-W-FBRI,Proposed,alpha,0.8,15,50,0.815920987834001,0.808022688157046,0.00149244426226867,1,43,0.0067814
Proposed IT2-W-FBRI,Proposed,alpha,0.8,20,50,0.815919685311963,0.808025718895296,0.000272730872594142,1,43,0.0069676
Proposed IT2-W-FBRI,Proposed,alpha,0.8,40,50,0.815922357757045,0.808062659555299,5.00200522974822e-05,1,43,0.0073438
Proposed IT2-W-FBRI,Proposed,alpha,0.85,0,50,0.841293273262924,0.384995053317169,0.982582533714072,1,43,0.0067916
Proposed IT2-W-FBRI,Proposed,alpha,0.85,5,50,0.835498394796702,0.572598376965696,0.604053136862295,1,42,0.0069441
Proposed IT2-W-FBRI,Proposed,alpha,0.85,10,50,0.824560277644304,0.734146299918208,0.221140617054825,1,42,0.0076296
Proposed IT2-W-FBRI,Proposed,alpha,0.85,15,50,0.818492103815722,0.793462197785026,0.0613635851303981,1,42,0.0069013
Proposed IT2-W-FBRI,Proposed,alpha,0.85,20,50,0.816746411870408,0.807295080785242,0.0193908046249531,1,42,0.0075791
Proposed IT2-W-FBRI,Proposed,alpha,0.85,40,50,0.81604365755582,0.808191466402752,0.00284578684552039,1,43,0.0068006
Proposed IT2-W-FBRI,Proposed,alpha,0.9,0,50,0.841344235764358,0.381755878044882,0.988625360378689,1,43,0.0054547
Proposed IT2-W-FBRI,Proposed,alpha,0.9,5,50,0.839688074957861,0.459672517923211,0.837588494765294,1,42,0.0069841
Proposed IT2-W-FBRI,Proposed,alpha,0.9,10,50,0.835662884192344,0.57047166922217,0.608811488021913,1,42,0.0068883
Proposed IT2-W-FBRI,Proposed,alpha,0.9,15,50,0.83155236615106,0.644631647998629,0.441426922351864,1,42,0.0069036
Proposed IT2-W-FBRI,Proposed,alpha,0.9,20,50,0.828443943336746,0.6887168374799,0.335716956866367,1,42,0.0077115
Proposed IT2-W-FBRI,Proposed,alpha,0.9,40,50,0.823675560337253,0.744454446304597,0.194693404484121,1,43,0.0070623
Proposed IT2-W-FBRI,Proposed,alpha,1,0,50,0.841398623608389,0.37819941312127,0.995244076043618,1,43,0.0056917
Proposed IT2-W-FBRI,Proposed,alpha,1,5,50,0.841398623608389,0.37819941312127,0.995244076043618,1,43,0.0071645
Proposed IT2-W-FBRI,Proposed,alpha,1,10,50,0.841398623608389,0.37819941312127,0.995244076043618,1,43,0.0072617
Proposed IT2-W-FBRI,Proposed,alpha,1,15,50,0.841398623608389,0.37819941312127,0.995244076043618,1,43,0.00715
Proposed IT2-W-FBRI,Proposed,alpha,1,20,50,0.841398623608389,0.37819941312127,0.995244076043618,1,43,0.0072199
Proposed IT2-W-FBRI,Proposed,alpha,1,40,50,0.841398623608389,0.37819941312127,0.995244076043618,1,43,0.0075557
Isobe-APP,Convergence SOTA,none,NaN,NaN,50,0.841443966463322,0.37567542817323,0.999952752349561,1,42,0.0040072
RQE,Robust SOTA,rqe_tau,0.5,NaN,50,0.794593764770533,0.624419962438985,0.387079009704162,1,23,0.255537
RQE,Robust SOTA,rqe_tau,1,NaN,50,0.79461971418813,0.624345075789429,0.387301729845702,1,23,0.2339819
RQE,Robust SOTA,rqe_tau,2,NaN,50,0.794672052622194,0.624193635296086,0.387751753161038,1,23,0.2122558
RQE,Robust SOTA,rqe_tau,5,NaN,50,0.794832198719803,0.623726923968256,0.389135510165119,1,23,0.2229844
RQE,Robust SOTA,rqe_tau,10,NaN,50,0.795106608524881,0.622915296648843,0.39153077557716,1,23,0.2306089
RQE,Robust SOTA,rqe_tau,20,NaN,50,0.795659354935205,0.621235313142896,0.396447004690457,1,24,0.2602394
RQE,Robust SOTA,rqe_tau,50,NaN,50,0.796892869961206,0.617176331420534,0.408046575209918,1,24,0.2603541
MF-RQE,Robust SOTA,mfrqe_tau,0.5,NaN,50,0.783041757755354,0.648936551522242,0.305679700496965,1,22,0.2254897
MF-RQE,Robust SOTA,mfrqe_tau,1,NaN,50,0.782270032353518,0.649981693264913,0.30159767495099,1,22,0.2249684
MF-RQE,Robust SOTA,mfrqe_tau,2,NaN,50,0.780753606989736,0.651987118662957,0.293680068763852,1,22,0.246022
MF-RQE,Robust SOTA,mfrqe_tau,5,NaN,50,0.776805285399999,0.656764080274217,0.273686363205582,1,21,0.1976856
MF-RQE,Robust SOTA,mfrqe_tau,10,NaN,50,0.772989710442513,0.660915710082297,0.255170663561366,1,20,0.1903775
MF-RQE,Robust SOTA,mfrqe_tau,20,NaN,50,0.770931709554972,0.663147344633219,0.245498098235752,1,19,0.1933451
MF-RQE,Robust SOTA,mfrqe_tau,50,NaN,50,0.770584805756236,0.663514468603397,0.243887842033785,1,19,0.2338134
CVaR-game,Robust SOTA,cvar_alpha,0.05,NaN,50,0.740484239899283,0.730083997010777,1.14996634136185e-05,1,28,0.0945309
CVaR-game,Robust SOTA,cvar_alpha,0.1,NaN,50,0.740484239899283,0.730083997010777,1.14996634136185e-05,1,28,0.0849583
CVaR-game,Robust SOTA,cvar_alpha,0.2,NaN,50,0.740484239899283,0.730083997010777,1.14996634136185e-05,1,28,0.086841
CVaR-game,Robust SOTA,cvar_alpha,0.3,NaN,50,0.740484239899283,0.730083997010777,1.14996634136185e-05,1,28,0.0909757
CVaR-game,Robust SOTA,cvar_alpha,0.5,NaN,50,0.841441723443595,0.375664923687238,0.999965501009759,1,28,0.0910547
CVaR-game,Robust SOTA,cvar_alpha,0.7,NaN,50,0.841441723443595,0.375664923687238,0.999965501009759,1,28,0.086696
CVaR-game,Robust SOTA,cvar_alpha,0.9,NaN,50,0.841441723443595,0.375664923687238,0.999965501009759,1,28,0.0912323
DRNE-VI,Robust SOTA,drne_alpha,0.1,NaN,50,0.83338148883186,0.531061330042389,0.68314808412777,0,300,0.0060096
DRNE-VI,Robust SOTA,drne_alpha,0.3,NaN,50,0.830636258697252,0.560893200720852,0.614740028810854,0,300,0.0071924
DRNE-VI,Robust SOTA,drne_alpha,0.5,NaN,50,0.824926379491644,0.595377036527581,0.527848662315903,0,300,0.0062239
DRNE-VI,Robust SOTA,drne_alpha,0.7,NaN,50,0.80780960960294,0.647855145774032,0.372300867869437,0,300,0.0059714
DRNE-VI,Robust SOTA,drne_alpha,0.9,NaN,50,0.789180678830023,0.695638817869817,0.218513674676503,0,300,0.0061388
DRNE-VI,Robust SOTA,drne_alpha,0.95,NaN,50,0.788340588726572,0.69767800209666,0.211739533641091,0,300,0.0033857
Proposed IT2-W-FBRI,Proposed,alpha,0,0,51,0.741037638002504,0.732106562089068,8.94771373603623e-05,1,41,0.0070768
Proposed IT2-W-FBRI,Proposed,alpha,0,5,51,0.740789836897856,0.731797931305583,1.67056688265018e-05,1,46,0.0100933
Proposed IT2-W-FBRI,Proposed,alpha,0,10,51,0.740790386156614,0.731798396285542,1.39726170961688e-05,1,46,0.0085168
Proposed IT2-W-FBRI,Proposed,alpha,0,15,51,0.742413302321907,0.73379784807197,2.66573136044206e-05,1,44,0.0087956
Proposed IT2-W-FBRI,Proposed,alpha,0,20,51,0.780846611974413,0.776419882987055,2.5758080847745e-05,1,44,0.0071755
Proposed IT2-W-FBRI,Proposed,alpha,0,40,51,0.816229390128329,0.807524019667594,1.21092578308104e-05,1,46,0.0073726
Proposed IT2-W-FBRI,Proposed,alpha,0.1,0,51,0.742492922920798,0.733946245087261,0.00151740960306443,1,41,0.0057778
Proposed IT2-W-FBRI,Proposed,alpha,0.1,5,51,0.740790406344234,0.731798631888827,1.86251012804324e-05,1,46,0.009562
Proposed IT2-W-FBRI,Proposed,alpha,0.1,10,51,0.740791126489989,0.731799351794422,1.58602855234113e-05,1,46,0.0076983
Proposed IT2-W-FBRI,Proposed,alpha,0.1,15,51,0.746500817346481,0.738429470881402,3.04376631787291e-05,1,44,0.0119308
Proposed IT2-W-FBRI,Proposed,alpha,0.1,20,51,0.789071337948475,0.784375387950946,2.94989394241786e-05,1,44,0.0086252
Proposed IT2-W-FBRI,Proposed,alpha,0.1,40,51,0.81623156980468,0.807526091417279,1.39203812062296e-05,1,46,0.0074347
Proposed IT2-W-FBRI,Proposed,alpha,0.2,0,51,0.759086617782912,0.734270964139843,0.0601391364725715,1,52,0.009004
Proposed IT2-W-FBRI,Proposed,alpha,0.2,5,51,0.74079091528036,0.731799282695309,2.06917490560894e-05,1,45,0.0075614
Proposed IT2-W-FBRI,Proposed,alpha,0.2,10,51,0.740797388361735,0.731807143115611,1.79469010890224e-05,1,45,0.0076229
Proposed IT2-W-FBRI,Proposed,alpha,0.2,15,51,0.75497284430234,0.748441431936545,3.46500283036676e-05,1,44,0.007381
Proposed IT2-W-FBRI,Proposed,alpha,0.2,20,51,0.797492981665189,0.792114020457533,3.36881075231538e-05,1,44,0.007441
Proposed IT2-W-FBRI,Proposed,alpha,0.2,40,51,0.816233309330281,0.807527787062437,1.5960269681691e-05,1,46,0.0079601
Proposed IT2-W-FBRI,Proposed,alpha,0.3,0,51,0.829048200733489,0.579730515111052,0.576249882466886,1,48,0.0064405
Proposed IT2-W-FBRI,Proposed,alpha,0.3,5,51,0.740791432299981,0.731799956289291,2.28978963995749e-05,1,44,0.0074596
Proposed IT2-W-FBRI,Proposed,alpha,0.3,10,51,0.740888926555653,0.731920395939399,2.02286604477686e-05,1,45,0.0108697
Proposed IT2-W-FBRI,Proposed,alpha,0.3,15,51,0.767432695992723,0.762374219377254,3.93219481113502e-05,1,43,0.0073068
Proposed IT2-W-FBRI,Proposed,alpha,0.3,20,51,0.805462927812061,0.798940911961718,3.835833741359e-05,1,43,0.0074019
Proposed IT2-W-FBRI,Proposed,alpha,0.3,40,51,0.816234718720587,0.807529205755574,1.82442749741883e-05,1,46,0.0075843
Proposed IT2-W-FBRI,Proposed,alpha,0.4,0,51,0.835773116202942,0.519358903382375,0.719867340802165,1,42,0.0064137
Proposed IT2-W-FBRI,Proposed,alpha,0.4,5,51,0.740793250283952,0.731802246789296,2.52324550933457e-05,1,44,0.0075516
Proposed IT2-W-FBRI,Proposed,alpha,0.4,10,51,0.74219026877393,0.733524005711395,3.2445947373231e-05,1,44,0.0111972
Proposed IT2-W-FBRI,Proposed,alpha,0.4,15,51,0.782621593204961,0.778174101644479,4.44511444941456e-05,1,43,0.0073377
Proposed IT2-W-FBRI,Proposed,alpha,0.4,20,51,0.811683574876279,0.803745475356372,4.3512503037147e-05,1,43,0.0073337
Proposed IT2-W-FBRI,Proposed,alpha,0.4,40,51,0.816235882436008,0.807530423838593,2.07877027071591e-05,1,45,0.0075024
Proposed IT2-W-FBRI,Proposed,alpha,0.5,0,51,0.837732814502803,0.472447813151948,0.817368393095466,1,42,0.0056466
Proposed IT2-W-FBRI,Proposed,alpha,0.5,5,51,0.740860607109225,0.731885599834999,2.7695041696404e-05,1,43,0.0072714
Proposed IT2-W-FBRI,Proposed,alpha,0.5,10,51,0.752531986118891,0.745440355330765,5.18329243525707e-05,1,42,0.0078157
Proposed IT2-W-FBRI,Proposed,alpha,0.5,15,51,0.798652692448806,0.793225118427112,5.00575836247481e-05,1,42,0.006878
Proposed IT2-W-FBRI,Proposed,alpha,0.5,20,51,0.814920538476693,0.806453043654979,3.44188472252908e-05,1,44,0.0071647
Proposed IT2-W-FBRI,Proposed,alpha,0.5,40,51,0.816236864908625,0.807531498912253,2.35920337816077e-05,1,45,0.0069657
Proposed IT2-W-FBRI,Proposed,alpha,0.6,0,51,0.838639677747378,0.435135182900351,0.891987787183809,1,42,0.0056608
Proposed IT2-W-FBRI,Proposed,alpha,0.6,5,51,0.743933365909258,0.735609955526096,4.32568377974925e-05,1,42,0.0080498
Proposed IT2-W-FBRI,Proposed,alpha,0.6,10,51,0.779150295152459,0.7745682947264,4.0391455299467e-05,1,43,0.0071123
Proposed IT2-W-FBRI,Proposed,alpha,0.6,15,51,0.811153147179254,0.803264649389181,5.61225642229457e-05,1,42,0.0065838
Proposed IT2-W-FBRI,Proposed,alpha,0.6,20,51,0.815938160661471,0.807265574557041,2.71138711924178e-05,1,44,0.0071118
Proposed IT2-W-FBRI,Proposed,alpha,0.6,40,51,0.816237715226458,0.807532475271179,2.66658556989641e-05,1,44,0.0098256
Proposed IT2-W-FBRI,Proposed,alpha,0.7,0,51,0.839099929067288,0.408957313086472,0.943559731722241,1,42,0.0055255
Proposed IT2-W-FBRI,Proposed,alpha,0.7,5,51,0.782896117363636,0.778419709148849,0.0013227563258234,1,42,0.0070221
Proposed IT2-W-FBRI,Proposed,alpha,0.7,10,51,0.807471915829815,0.8003291810081,5.76652552828259e-05,1,42,0.009073
Proposed IT2-W-FBRI,Proposed,alpha,0.7,15,51,0.815568744987622,0.806968980138555,3.11273507971632e-05,1,43,0.006962
Proposed IT2-W-FBRI,Proposed,alpha,0.7,20,51,0.816175554809962,0.807477327884983,3.04027008391004e-05,1,44,0.0074746
Proposed IT2-W-FBRI,Proposed,alpha,0.7,40,51,0.816238470675141,0.807533385645083,3.00008460978323e-05,1,44,0.0088794
Proposed IT2-W-FBRI,Proposed,alpha,0.8,0,51,0.839319271182193,0.393106773639646,0.973683090428709,1,43,0.0054376
Proposed IT2-W-FBRI,Proposed,alpha,0.8,5,51,0.827092011371802,0.689190331869719,0.334583757793943,1,42,0.0069117
Proposed IT2-W-FBRI,Proposed,alpha,0.8,10,51,0.816671122259995,0.807524634875365,0.0220698743762551,1,42,0.0088397
Proposed IT2-W-FBRI,Proposed,alpha,0.8,15,51,0.816233962190951,0.807627100071014,0.00149244406713697,1,43,0.0089021
Proposed IT2-W-FBRI,Proposed,alpha,0.8,20,51,0.816236425628182,0.807547800449295,0.000272730687041029,1,43,0.0078447
Proposed IT2-W-FBRI,Proposed,alpha,0.8,40,51,0.816239830284675,0.807535950958188,5.00198706440775e-05,1,43,0.0072004
Proposed IT2-W-FBRI,Proposed,alpha,0.85,0,51,0.839377641521074,0.38841954791057,0.98258253365049,1,43,0.0058517
Proposed IT2-W-FBRI,Proposed,alpha,0.85,5,51,0.834408260487215,0.573648757866899,0.604053136645637,1,42,0.0071645
Proposed IT2-W-FBRI,Proposed,alpha,0.85,10,51,0.824346271123407,0.735184526800586,0.221140616728227,1,42,0.0071672
Proposed IT2-W-FBRI,Proposed,alpha,0.85,15,51,0.818660075857062,0.796155330920915,0.0613635847808991,1,42,0.0068625
Proposed IT2-W-FBRI,Proposed,alpha,0.85,20,51,0.817016534784671,0.807805405602769,0.0193908043238129,1,42,0.011082
Proposed IT2-W-FBRI,Proposed,alpha,0.85,40,51,0.816354293482804,0.807824785681297,0.00284578667164219,1,43,0.0094608
Proposed IT2-W-FBRI,Proposed,alpha,0.9,0,51,0.839415667516797,0.385243453297561,0.988625360297768,1,43,0.0057006
Proposed IT2-W-FBRI,Proposed,alpha,0.9,5,51,0.838084943523084,0.462577124745808,0.837588494681901,1,42,0.0067506
Proposed IT2-W-FBRI,Proposed,alpha,0.9,10,51,0.834562498482982,0.57160898976296,0.608811487872139,1,42,0.006679
Proposed IT2-W-FBRI,Proposed,alpha,0.9,15,51,0.830828940893088,0.645487011693348,0.441426922185712,1,42,0.0069259
Proposed IT2-W-FBRI,Proposed,alpha,0.9,20,51,0.827963195076097,0.689834540556083,0.335716956707544,1,42,0.0069697
Proposed IT2-W-FBRI,Proposed,alpha,0.9,40,51,0.823524746355036,0.745715336837851,0.194693404424444,1,43,0.0069328
Proposed IT2-W-FBRI,Proposed,alpha,1,0,51,0.839455893289459,0.381757314119147,0.995244075937144,1,43,0.005553
Proposed IT2-W-FBRI,Proposed,alpha,1,5,51,0.839455893289459,0.381757314119147,0.995244075937144,1,43,0.0069408
Proposed IT2-W-FBRI,Proposed,alpha,1,10,51,0.839455893289459,0.381757314119147,0.995244075937144,1,43,0.0069791
Proposed IT2-W-FBRI,Proposed,alpha,1,15,51,0.839455893289459,0.381757314119147,0.995244075937144,1,43,0.0072282
Proposed IT2-W-FBRI,Proposed,alpha,1,20,51,0.839455893289459,0.381757314119147,0.995244075937144,1,43,0.0088087
Proposed IT2-W-FBRI,Proposed,alpha,1,40,51,0.839455893289459,0.381757314119147,0.995244075937144,1,43,0.0073332
Isobe-APP,Convergence SOTA,none,NaN,NaN,51,0.839491149310054,0.379285083108457,0.999952769308014,1,42,0.0037385
RQE,Robust SOTA,rqe_tau,0.5,NaN,51,0.793861499838891,0.624989166285799,0.387079009704162,1,23,0.2266417
RQE,Robust SOTA,rqe_tau,1,NaN,51,0.793887075777956,0.624914671422872,0.387301729845702,1,23,0.2314115
RQE,Robust SOTA,rqe_tau,2,NaN,51,0.793938659277178,0.624764032243939,0.387751753161038,1,23,0.2631694
RQE,Robust SOTA,rqe_tau,5,NaN,51,0.794096481610238,0.62429986531821,0.389135510165119,1,23,0.2457211
RQE,Robust SOTA,rqe_tau,10,NaN,51,0.794366860289495,0.623492927534332,0.39153077557716,1,23,0.2408821
RQE,Robust SOTA,rqe_tau,20,NaN,51,0.794911299668469,0.621823640539323,0.396447004690457,1,24,0.2459367
RQE,Robust SOTA,rqe_tau,50,NaN,51,0.796125022048329,0.617824059962004,0.408046575209918,1,24,0.2787958
MF-RQE,Robust SOTA,mfrqe_tau,0.5,NaN,51,0.782439910498969,0.649531412775456,0.305679700496965,1,22,0.2288081
MF-RQE,Robust SOTA,mfrqe_tau,1,NaN,51,0.781674127089606,0.650505844891934,0.30159767495099,1,22,0.2122348
MF-RQE,Robust SOTA,mfrqe_tau,2,NaN,51,0.780169110378035,0.65242327245014,0.293680068763852,1,22,0.2385358
MF-RQE,Robust SOTA,mfrqe_tau,5,NaN,51,0.77624888371307,0.657136225994173,0.273686363205582,1,21,0.1994523
MF-RQE,Robust SOTA,mfrqe_tau,10,NaN,51,0.772458358171672,0.661275689115615,0.255170663561366,1,20,0.1879688
MF-RQE,Robust SOTA,mfrqe_tau,20,NaN,51,0.770413044224026,0.663345940367295,0.245498098235752,1,19,0.1986441
MF-RQE,Robust SOTA,mfrqe_tau,50,NaN,51,0.770068225626231,0.663686185845544,0.243887842033785,1,19,0.2021158
CVaR-game,Robust SOTA,cvar_alpha,0.05,NaN,51,0.740790144548657,0.731797452801534,1.14996634136185e-05,1,28,0.0849121
CVaR-game,Robust SOTA,cvar_alpha,0.1,NaN,51,0.740790144548657,0.731797452801534,1.14996634136185e-05,1,28,0.0866281
CVaR-game,Robust SOTA,cvar_alpha,0.2,NaN,51,0.740790144548657,0.731797452801534,1.14996634136185e-05,1,28,0.0915893
CVaR-game,Robust SOTA,cvar_alpha,0.3,NaN,51,0.740790144548657,0.731797452801534,1.14996634136185e-05,1,28,0.1076302
CVaR-game,Robust SOTA,cvar_alpha,0.5,NaN,51,0.839488884432371,0.379274482900995,0.999965501009759,1,28,0.1125476
CVaR-game,Robust SOTA,cvar_alpha,0.7,NaN,51,0.839488884432371,0.379274482900995,0.999965501009759,1,28,0.0905695
CVaR-game,Robust SOTA,cvar_alpha,0.9,NaN,51,0.839488884432371,0.379274482900995,0.999965501009759,1,28,0.0886372
DRNE-VI,Robust SOTA,drne_alpha,0.1,NaN,51,0.832105254527639,0.53239969430123,0.68314808412777,0,300,0.0061069
DRNE-VI,Robust SOTA,drne_alpha,0.3,NaN,51,0.829502944529412,0.561856818228054,0.614740028810854,0,300,0.0060093
DRNE-VI,Robust SOTA,drne_alpha,0.5,NaN,51,0.823966170656907,0.596074101752183,0.527848662315903,0,300,0.0059111
DRNE-VI,Robust SOTA,drne_alpha,0.7,NaN,51,0.807144039699254,0.648168396639025,0.372300867869437,0,300,0.0061212
DRNE-VI,Robust SOTA,drne_alpha,0.9,NaN,51,0.788816247967904,0.696488760237999,0.218513674676503,0,300,0.0070643
DRNE-VI,Robust SOTA,drne_alpha,0.95,NaN,51,0.787989611442785,0.69855951930645,0.211739533641091,0,300,0.0033915
Proposed IT2-W-FBRI,Proposed,alpha,0,0,52,0.741035860967841,0.732106777176352,8.94773886539571e-05,1,41,0.0055515
Proposed IT2-W-FBRI,Proposed,alpha,0,5,52,0.740787015211101,0.731781333792395,1.67057330693891e-05,1,46,0.0075491
Proposed IT2-W-FBRI,Proposed,alpha,0,10,52,0.740787562504365,0.731781757928166,1.39726710248753e-05,1,46,0.0074538
Proposed IT2-W-FBRI,Proposed,alpha,0,15,52,0.742416710036814,0.733736286421688,2.66574165659229e-05,1,44,0.0075011
Proposed IT2-W-FBRI,Proposed,alpha,0,20,52,0.780810996127288,0.776339349039286,2.57581807319754e-05,1,44,0.0080806
Proposed IT2-W-FBRI,Proposed,alpha,0,40,52,0.815842739201435,0.806793549588347,1.21093045661181e-05,1,46,0.0074348
Proposed IT2-W-FBRI,Proposed,alpha,0.1,0,52,0.742497856489506,0.733873299277487,0.00151741003616324,1,41,0.0056173
Proposed IT2-W-FBRI,Proposed,alpha,0.1,5,52,0.740787587320819,0.731781978064509,1.86251639243911e-05,1,46,0.0109872
Proposed IT2-W-FBRI,Proposed,alpha,0.1,10,52,0.740788306901948,0.731782714655174,1.58603392695029e-05,1,46,0.0076155
Proposed IT2-W-FBRI,Proposed,alpha,0.1,15,52,0.746517043496185,0.738546832017265,3.04377662956659e-05,1,44,0.007313
Proposed IT2-W-FBRI,Proposed,alpha,0.1,20,52,0.788981047040227,0.784553801714876,2.94990395595515e-05,1,44,0.0103098
Proposed IT2-W-FBRI,Proposed,alpha,0.1,40,52,0.815844893984821,0.806795531599778,1.39204279872643e-05,1,46,0.008009
Proposed IT2-W-FBRI,Proposed,alpha,0.2,0,52,0.75919227441091,0.73533533743191,0.0601391418327183,1,52,0.0066589
Proposed IT2-W-FBRI,Proposed,alpha,0.2,5,52,0.740788099134644,0.731782586046696,2.06918321741203e-05,1,45,0.0080026
Proposed IT2-W-FBRI,Proposed,alpha,0.2,10,52,0.740794595189001,0.731790904880089,1.79469744337024e-05,1,45,0.0107771
Proposed IT2-W-FBRI,Proposed,alpha,0.2,15,52,0.755002773850708,0.748972540654529,3.46501302294992e-05,1,44,0.0073694
Proposed IT2-W-FBRI,Proposed,alpha,0.2,20,52,0.79732980772733,0.791769225083365,3.36882066312331e-05,1,44,0.0068892
Proposed IT2-W-FBRI,Proposed,alpha,0.2,40,52,0.815846615615031,0.806797154843543,1.59603159301545e-05,1,46,0.0129957
Proposed IT2-W-FBRI,Proposed,alpha,0.3,0,52,0.829865827096957,0.578264400491616,0.576249884224368,1,48,0.0060512
Proposed IT2-W-FBRI,Proposed,alpha,0.3,5,52,0.740788619311124,0.73178322337406,2.28980050458369e-05,1,44,0.0079622
Proposed IT2-W-FBRI,Proposed,alpha,0.3,10,52,0.740886501789208,0.731910763871008,2.02287314041841e-05,1,45,0.0103121
Proposed IT2-W-FBRI,Proposed,alpha,0.3,15,52,0.767451262811916,0.762828244852136,3.93220860815745e-05,1,43,0.0097461
Proposed IT2-W-FBRI,Proposed,alpha,0.3,20,52,0.805215046818265,0.798170268589027,3.83584718530349e-05,1,43,0.0069326
Proposed IT2-W-FBRI,Proposed,alpha,0.3,40,52,0.815848012598855,0.806798514056034,1.82443200002382e-05,1,46,0.0075127
Proposed IT2-W-FBRI,Proposed,alpha,0.4,0,52,0.83680927233691,0.517387607934862,0.719867341379459,1,42,0.0055864
Proposed IT2-W-FBRI,Proposed,alpha,0.4,5,52,0.740790445825731,0.731785573551884,2.5232556054154e-05,1,44,0.0079757
Proposed IT2-W-FBRI,Proposed,alpha,0.4,10,52,0.742192857318868,0.733449497383118,3.24460435404546e-05,1,44,0.006957
Proposed IT2-W-FBRI,Proposed,alpha,0.4,15,52,0.782575597780974,0.778046380528463,4.4451276228011e-05,1,43,0.0068609
Proposed IT2-W-FBRI,Proposed,alpha,0.4,20,52,0.811358961059537,0.803354499236808,4.35126316325076e-05,1,43,0.0073766
Proposed IT2-W-FBRI,Proposed,alpha,0.4,40,52,0.815849168255761,0.806799682222734,2.07877627033498e-05,1,45,0.0073352
Proposed IT2-W-FBRI,Proposed,alpha,0.5,0,52,0.838912451623835,0.471516004305353,0.817368393291919,1,42,0.0054442
Proposed IT2-W-FBRI,Proposed,alpha,0.5,5,52,0.740858074376975,0.731873757614122,2.76951690885417e-05,1,43,0.0070311
Proposed IT2-W-FBRI,Proposed,alpha,0.5,10,52,0.752559767575933,0.746085231461184,5.18331016567275e-05,1,42,0.0068215
Proposed IT2-W-FBRI,Proposed,alpha,0.5,15,52,0.798478186467559,0.792793734165616,5.00577549778938e-05,1,42,0.0071268
Proposed IT2-W-FBRI,Proposed,alpha,0.5,20,52,0.814552297770228,0.80580348599285,3.44189313377342e-05,1,44,0.0066794
Proposed IT2-W-FBRI,Proposed,alpha,0.5,40,52,0.815850146097857,0.806800714280928,2.35920898832863e-05,1,45,0.0083318
Proposed IT2-W-FBRI,Proposed,alpha,0.6,0,52,0.8399229329652,0.434697513844701,0.891987787285175,1,42,0.0064689
Proposed IT2-W-FBRI,Proposed,alpha,0.6,5,52,0.743942017572029,0.735569963358437,4.32569993816226e-05,1,42,0.0064729
Proposed IT2-W-FBRI,Proposed,alpha,0.6,10,52,0.779123965195936,0.774626379273804,4.03915672530747e-05,1,43,0.0063377
Proposed IT2-W-FBRI,Proposed,alpha,0.6,15,52,0.810835480129481,0.802883305670478,5.61227197909684e-05,1,42,0.0101428
Proposed IT2-W-FBRI,Proposed,alpha,0.6,20,52,0.815555677993483,0.806546570999406,2.71139459634245e-05,1,44,0.0074806
Proposed IT2-W-FBRI,Proposed,alpha,0.6,40,52,0.815850994559361,0.806801652645872,2.66659271406351e-05,1,44,0.0076084
Proposed IT2-W-FBRI,Proposed,alpha,0.7,0,52,0.840451548970093,0.409065737292961,0.943559731762827,1,42,0.0056935
Proposed IT2-W-FBRI,Proposed,alpha,0.7,5,52,0.782851135567834,0.778378805831593,0.00132275653627642,1,42,0.007197
Proposed IT2-W-FBRI,Proposed,alpha,0.7,10,52,0.807200339845902,0.799841076509265,5.76653921569447e-05,1,42,0.0070961
Proposed IT2-W-FBRI,Proposed,alpha,0.7,15,52,0.815191470816528,0.806270625990883,3.11274444746224e-05,1,43,0.0116017
Proposed IT2-W-FBRI,Proposed,alpha,0.7,20,52,0.815789727100076,0.806748990246986,3.0402766418189e-05,1,44,0.0075963
Proposed IT2-W-FBRI,Proposed,alpha,0.7,40,52,0.81585175035365,0.806802528451218,3.00009089671164e-05,1,44,0.0107242
Proposed IT2-W-FBRI,Proposed,alpha,0.8,0,52,0.840709634668949,0.393644566993561,0.973683089656002,1,42,0.0054858
Proposed IT2-W-FBRI,Proposed,alpha,0.8,5,52,0.827458771676663,0.688530490255061,0.334583758303981,1,42,0.0068697
Proposed IT2-W-FBRI,Proposed,alpha,0.8,10,52,0.81634500647588,0.807323116747256,0.0220698747150045,1,42,0.0069672
Proposed IT2-W-FBRI,Proposed,alpha,0.8,15,52,0.815851778114135,0.806793510050849,0.00149244416166995,1,43,0.0071896
Proposed IT2-W-FBRI,Proposed,alpha,0.8,20,52,0.815850477824491,0.806817814195502,0.000272730767110288,1,43,0.0072306
Proposed IT2-W-FBRI,Proposed,alpha,0.8,40,52,0.815853152880972,0.806805089036099,5.00199455632833e-05,1,43,0.0069232
Proposed IT2-W-FBRI,Proposed,alpha,0.85,0,52,0.840779288842109,0.388988173213676,0.982582533660389,1,43,0.0055499
Proposed IT2-W-FBRI,Proposed,alpha,0.85,5,52,0.835259956190247,0.572446254321216,0.604053136878797,1,42,0.0071031
Proposed IT2-W-FBRI,Proposed,alpha,0.85,10,52,0.824471843929616,0.73503674715726,0.22114061707374,1,42,0.0069272
Proposed IT2-W-FBRI,Proposed,alpha,0.85,15,52,0.818422857261624,0.795147902439424,0.0613635851291755,1,42,0.0084757
Proposed IT2-W-FBRI,Proposed,alpha,0.85,20,52,0.816677641921926,0.807446462959716,0.0193908045528541,1,42,0.0071917
Proposed IT2-W-FBRI,Proposed,alpha,0.85,40,52,0.81597454236625,0.806965991741573,0.0028457867495599,1,43,0.007696
Proposed IT2-W-FBRI,Proposed,alpha,0.9,0,52,0.840824934252079,0.385817352399684,0.988625360310756,1,43,0.0061744
Proposed IT2-W-FBRI,Proposed,alpha,0.9,5,52,0.839293358276949,0.46169952633966,0.837588494779166,1,42,0.0070128
Proposed IT2-W-FBRI,Proposed,alpha,0.9,10,52,0.835421904811939,0.570344449268632,0.608811488037922,1,42,0.0069984
Proposed IT2-W-FBRI,Proposed,alpha,0.9,15,52,0.831394869210217,0.645300430736566,0.441426922368451,1,42,0.0097984
Proposed IT2-W-FBRI,Proposed,alpha,0.9,20,52,0.828325617920117,0.689075211202776,0.335716956882871,1,42,0.0072008
Proposed IT2-W-FBRI,Proposed,alpha,0.9,40,52,0.823592243947132,0.745040080553445,0.194693404243299,1,42,0.0070811
Proposed IT2-W-FBRI,Proposed,alpha,1,0,52,0.840873467030268,0.382336029988164,0.995244075957153,1,43,0.0098629
Proposed IT2-W-FBRI,Proposed,alpha,1,5,52,0.840873467030268,0.382336029988164,0.995244075957153,1,43,0.0071459
Proposed IT2-W-FBRI,Proposed,alpha,1,10,52,0.840873467030268,0.382336029988164,0.995244075957153,1,43,0.0072341
Proposed IT2-W-FBRI,Proposed,alpha,1,15,52,0.840873467030268,0.382336029988164,0.995244075957153,1,43,0.0121685
Proposed IT2-W-FBRI,Proposed,alpha,1,20,52,0.840873467030268,0.382336029988164,0.995244075957153,1,43,0.0110394
Proposed IT2-W-FBRI,Proposed,alpha,1,40,52,0.840873467030268,0.382336029988164,0.995244075957153,1,43,0.0072501
Isobe-APP,Convergence SOTA,none,NaN,NaN,52,0.840914621954344,0.379866668929869,0.999952566826486,1,42,0.0038996
RQE,Robust SOTA,rqe_tau,0.5,NaN,52,0.794460610080154,0.624724123177759,0.387079009704162,1,23,0.2277668
RQE,Robust SOTA,rqe_tau,1,NaN,52,0.79448647328333,0.624648874311582,0.387301729845702,1,23,0.2215947
RQE,Robust SOTA,rqe_tau,2,NaN,52,0.794538637385734,0.624496708633817,0.387751753161038,1,23,0.2261919
RQE,Robust SOTA,rqe_tau,5,NaN,52,0.794698246358482,0.624027823123253,0.389135510165119,1,23,0.254289
RQE,Robust SOTA,rqe_tau,10,NaN,52,0.794971722559707,0.623219840696031,0.39153077557716,1,23,0.2425463
RQE,Robust SOTA,rqe_tau,20,NaN,52,0.795522537030252,0.621567379283869,0.396447004690457,1,24,0.2560823
RQE,Robust SOTA,rqe_tau,50,NaN,52,0.796751420935242,0.61757739203613,0.408046575209918,1,24,0.2657898
MF-RQE,Robust SOTA,mfrqe_tau,0.5,NaN,52,0.782937450565501,0.6495092559983,0.305679700496965,1,22,0.2388862
MF-RQE,Robust SOTA,mfrqe_tau,1,NaN,52,0.782167080322748,0.650539068973048,0.30159767495099,1,22,0.2125924
MF-RQE,Robust SOTA,mfrqe_tau,2,NaN,52,0.78065322991757,0.652516182641828,0.293680068763852,1,22,0.2332489
MF-RQE,Robust SOTA,mfrqe_tau,5,NaN,52,0.776711085283442,0.657373017241264,0.273686363205582,1,21,0.2030902
MF-RQE,Robust SOTA,mfrqe_tau,10,NaN,52,0.772900792656507,0.661681738096818,0.255170663561366,1,20,0.2035562
MF-RQE,Robust SOTA,mfrqe_tau,20,NaN,52,0.770845373956795,0.663865872349508,0.245498098235752,1,19,0.1932351
MF-RQE,Robust SOTA,mfrqe_tau,50,NaN,52,0.770498887833026,0.664225107805211,0.243887842033785,1,19,0.1770364
CVaR-game,Robust SOTA,cvar_alpha,0.05,NaN,52,0.740787308677821,0.731780273104251,1.14996634136185e-05,1,28,0.0860577
CVaR-game,Robust SOTA,cvar_alpha,0.1,NaN,52,0.740787308677821,0.731780273104251,1.14996634136185e-05,1,28,0.0815024
CVaR-game,Robust SOTA,cvar_alpha,0.2,NaN,52,0.740787308677821,0.731780273104251,1.14996634136185e-05,1,28,0.0842742
CVaR-game,Robust SOTA,cvar_alpha,0.3,NaN,52,0.740787308677821,0.731780273104251,1.14996634136185e-05,1,28,0.095166
CVaR-game,Robust SOTA,cvar_alpha,0.5,NaN,52,0.840912370606026,0.379855962722192,0.999965501009759,1,28,0.0932021
CVaR-game,Robust SOTA,cvar_alpha,0.7,NaN,52,0.840912370606026,0.379855962722192,0.999965501009759,1,28,0.095149
CVaR-game,Robust SOTA,cvar_alpha,0.9,NaN,52,0.840912370606026,0.379855962722192,0.999965501009759,1,28,0.0994026
DRNE-VI,Robust SOTA,drne_alpha,0.1,NaN,52,0.833088985519163,0.53035125429195,0.68314808412777,0,300,0.0079591
DRNE-VI,Robust SOTA,drne_alpha,0.3,NaN,52,0.830383261110897,0.560368320020577,0.614740028810854,0,300,0.0062042
DRNE-VI,Robust SOTA,drne_alpha,0.5,NaN,52,0.824716109048205,0.594842581785043,0.527848662315903,0,300,0.0061984
DRNE-VI,Robust SOTA,drne_alpha,0.7,NaN,52,0.807675275952421,0.647898852315892,0.372300867869437,0,300,0.006356
DRNE-VI,Robust SOTA,drne_alpha,0.9,NaN,52,0.789137197330035,0.696543197837889,0.218513674676503,0,300,0.0062586
DRNE-VI,Robust SOTA,drne_alpha,0.95,NaN,52,0.788301387350165,0.698646766155185,0.211739533641091,0,300,0.0035997
Proposed IT2-W-FBRI,Proposed,alpha,0,0,53,0.740591026156173,0.731380031843432,8.94771780718424e-05,1,41,0.0056401
Proposed IT2-W-FBRI,Proposed,alpha,0,5,53,0.740339859566449,0.7310570540683,1.67056895230285e-05,1,46,0.0074237
Proposed IT2-W-FBRI,Proposed,alpha,0,10,53,0.74034040708155,0.73105743325427,1.397263068371e-05,1,46,0.0078222
Proposed IT2-W-FBRI,Proposed,alpha,0,15,53,0.741984954748688,0.73313945779974,2.66573364195202e-05,1,44,0.0124534
Proposed IT2-W-FBRI,Proposed,alpha,0,20,53,0.780683256871274,0.776268292025257,2.57581015214256e-05,1,44,0.0074946
Proposed IT2-W-FBRI,Proposed,alpha,0,40,53,0.815890718696833,0.807075623724684,1.21092664392217e-05,1,46,0.0094158
Proposed IT2-W-FBRI,Proposed,alpha,0.1,0,53,0.742066180927839,0.733278146100619,0.00151740978358935,1,41,0.0062034
Proposed IT2-W-FBRI,Proposed,alpha,0.1,5,53,0.740340432823038,0.731057688692378,1.86251210552878e-05,1,46,0.010841
Proposed IT2-W-FBRI,Proposed,alpha,0.1,10,53,0.740341156521627,0.731058386829534,1.58602991121218e-05,1,46,0.0114349
Proposed IT2-W-FBRI,Proposed,alpha,0.1,15,53,0.746123090273148,0.73825499828412,3.04376863264784e-05,1,44,0.0107417
Proposed IT2-W-FBRI,Proposed,alpha,0.1,20,53,0.788903205145976,0.784152262828851,2.94989604835961e-05,1,44,0.0107297
Proposed IT2-W-FBRI,Proposed,alpha,0.1,40,53,0.815892880371841,0.807077216439267,1.39203899466191e-05,1,46,0.0079003
Proposed IT2-W-FBRI,Proposed,alpha,0.2,0,53,0.758883388525716,0.735217148651058,0.0601391406236187,1,52,0.0068544
Proposed IT2-W-FBRI,Proposed,alpha,0.2,5,53,0.740340946157146,0.731058292434205,2.06917731955175e-05,1,45,0.010574
Proposed IT2-W-FBRI,Proposed,alpha,0.2,10,53,0.740347502338898,0.731066510111927,1.79469183510448e-05,1,45,0.0075113
Proposed IT2-W-FBRI,Proposed,alpha,0.2,15,53,0.754683060460904,0.748383993941534,3.46586489439515e-05,1,43,0.0071592
Proposed IT2-W-FBRI,Proposed,alpha,0.2,20,53,0.797297415520959,0.791711572331741,3.36881281570805e-05,1,44,0.006908
Proposed IT2-W-FBRI,Proposed,alpha,0.2,40,53,0.815894607247735,0.807078537090171,1.59602781897344e-05,1,46,0.0073776
Proposed IT2-W-FBRI,Proposed,alpha,0.3,0,53,0.829836198332715,0.580109947617667,0.576249883839898,1,48,0.0064406
Proposed IT2-W-FBRI,Proposed,alpha,0.3,5,53,0.740341468278837,0.731058927748324,2.28979243374734e-05,1,44,0.0070205
Proposed IT2-W-FBRI,Proposed,alpha,0.3,10,53,0.740440278811419,0.731185316954966,2.02286763288859e-05,1,45,0.0070452
Proposed IT2-W-FBRI,Proposed,alpha,0.3,15,53,0.767230573450346,0.762404423008776,3.93219756492261e-05,1,43,0.00957
Proposed IT2-W-FBRI,Proposed,alpha,0.3,20,53,0.805220360311269,0.798669598784161,3.83583624428241e-05,1,43,0.0071869
Proposed IT2-W-FBRI,Proposed,alpha,0.3,40,53,0.815896008211842,0.807079659719922,1.82442828123811e-05,1,46,0.0091595
Proposed IT2-W-FBRI,Proposed,alpha,0.4,0,53,0.836789419293198,0.519851100190129,0.719867341167069,1,42,0.005455
Proposed IT2-W-FBRI,Proposed,alpha,0.4,5,53,0.740343309253358,0.731061261997063,2.52324782067568e-05,1,44,0.0070262
Proposed IT2-W-FBRI,Proposed,alpha,0.4,10,53,0.741758972331909,0.732854184583251,3.24459669238389e-05,1,44,0.008652
Proposed IT2-W-FBRI,Proposed,alpha,0.4,15,53,0.782459075512136,0.778025372933741,4.44511683447839e-05,1,43,0.0070246
Proposed IT2-W-FBRI,Proposed,alpha,0.4,20,53,0.811390086889635,0.803753755753177,4.35125246395702e-05,1,43,0.0068499
Proposed IT2-W-FBRI,Proposed,alpha,0.4,40,53,0.815897166871947,0.807080641418445,2.07877111979489e-05,1,45,0.0072477
Proposed IT2-W-FBRI,Proposed,alpha,0.5,0,53,0.838896483809144,0.474151889515062,0.817368393163492,1,42,0.0058412
Proposed IT2-W-FBRI,Proposed,alpha,0.5,5,53,0.740411576794127,0.731148669409664,2.76950637062286e-05,1,43,0.0069936
Proposed IT2-W-FBRI,Proposed,alpha,0.5,10,53,0.752219223524723,0.745453849134617,5.18329520737826e-05,1,42,0.0069741
Proposed IT2-W-FBRI,Proposed,alpha,0.5,15,53,0.798451595205506,0.792685260719632,5.00576069744887e-05,1,42,0.0069293
Proposed IT2-W-FBRI,Proposed,alpha,0.5,20,53,0.814595594735807,0.806208680850891,3.44188587771134e-05,1,44,0.0072305
Proposed IT2-W-FBRI,Proposed,alpha,0.5,40,53,0.815898146970777,0.80708152501758,2.35920399356813e-05,1,45,0.0109078
Proposed IT2-W-FBRI,Proposed,alpha,0.6,0,53,0.839910151536494,0.437344086693592,0.891987787183484,1,42,0.0072937
Proposed IT2-W-FBRI,Proposed,alpha,0.6,5,53,0.74352443513367,0.73506226417879,4.32568562172696e-05,1,42,0.0090677
Proposed IT2-W-FBRI,Proposed,alpha,0.6,10,53,0.778985239999237,0.774520232870233,4.03914671027169e-05,1,43,0.0069607
Proposed IT2-W-FBRI,Proposed,alpha,0.6,15,53,0.810864523553277,0.803365837122923,5.61225778117467e-05,1,42,0.0090592
Proposed IT2-W-FBRI,Proposed,alpha,0.6,20,53,0.815602623259562,0.806884117750323,2.71138767898877e-05,1,44,0.0073736
Proposed IT2-W-FBRI,Proposed,alpha,0.6,40,53,0.815898997106067,0.807082343589137,2.66658589789084e-05,1,44,0.0070056
Proposed IT2-W-FBRI,Proposed,alpha,0.7,0,53,0.840441164217859,0.411225138816866,0.943559731678458,1,42,0.0053437
Proposed IT2-W-FBRI,Proposed,alpha,0.7,5,53,0.782735794580044,0.778368996625241,0.00132275639388819,1,42,0.0091214
Proposed IT2-W-FBRI,Proposed,alpha,0.7,10,53,0.807214325625558,0.80034750368314,5.76652572744196e-05,1,42,0.0066027
Proposed IT2-W-FBRI,Proposed,alpha,0.7,15,53,0.815237100432819,0.806639562527534,3.11273505180952e-05,1,43,0.0069226
Proposed IT2-W-FBRI,Proposed,alpha,0.7,20,53,0.81583750900705,0.807041528478591,3.04039584322577e-05,1,43,0.0070791
Proposed IT2-W-FBRI,Proposed,alpha,0.7,40,53,0.815899754132306,0.807083121227715,3.00008440878556e-05,1,44,0.0071491
Proposed IT2-W-FBRI,Proposed,alpha,0.8,0,53,0.840700705908752,0.395729317433269,0.973683090382144,1,43,0.0055081
Proposed IT2-W-FBRI,Proposed,alpha,0.8,5,53,0.827448228561989,0.688739979166993,0.334583758108888,1,42,0.0082459
Proposed IT2-W-FBRI,Proposed,alpha,0.8,10,53,0.816385869721434,0.806907246281875,0.0220698745319515,1,42,0.008376
Proposed IT2-W-FBRI,Proposed,alpha,0.8,15,53,0.815899178630377,0.807152725041943,0.00149244406872496,1,43,0.0068984
Proposed IT2-W-FBRI,Proposed,alpha,0.8,20,53,0.815898376721916,0.807100326825541,0.000272730678283376,1,43,0.0071148
Proposed IT2-W-FBRI,Proposed,alpha,0.8,40,53,0.815901153294275,0.807085574456157,5.00198582717605e-05,1,43,0.0069363
Proposed IT2-W-FBRI,Proposed,alpha,0.85,0,53,0.840770794613661,0.391118200515338,0.982582533601906,1,43,0.009326
Proposed IT2-W-FBRI,Proposed,alpha,0.85,5,53,0.835239862363722,0.574691407105563,0.604053136735657,1,42,0.0071262
Proposed IT2-W-FBRI,Proposed,alpha,0.85,10,53,0.824476162067908,0.735407112837942,0.221140616893145,1,42,0.0067939
Proposed IT2-W-FBRI,Proposed,alpha,0.85,15,53,0.818456053327797,0.795658508299498,0.0613635849430633,1,42,0.006916
Proposed IT2-W-FBRI,Proposed,alpha,0.85,20,53,0.816720730398248,0.807349392183987,0.0193908043975109,1,42,0.0066845
Proposed IT2-W-FBRI,Proposed,alpha,0.85,40,53,0.816021823473384,0.807339817684968,0.00284578666275883,1,43,0.0075624
Proposed IT2-W-FBRI,Proposed,alpha,0.9,0,53,0.840816736728868,0.387978662749261,0.988625360249569,1,43,0.0069952
Proposed IT2-W-FBRI,Proposed,alpha,0.9,5,53,0.839278310662842,0.464404687324662,0.83758849467852,1,42,0.0068665
Proposed IT2-W-FBRI,Proposed,alpha,0.9,10,53,0.835401909308384,0.572637442577811,0.608811487914639,1,42,0.0066217
Proposed IT2-W-FBRI,Proposed,alpha,0.9,15,53,0.831378949388424,0.645201049781683,0.441426922239458,1,42,0.0067929
Proposed IT2-W-FBRI,Proposed,alpha,0.9,20,53,0.828317037594187,0.689372046487528,0.335716956756293,1,42,0.0068122
Proposed IT2-W-FBRI,Proposed,alpha,0.9,40,53,0.82360060652847,0.745837135741227,0.194693404141819,1,42,0.0070598
Proposed IT2-W-FBRI,Proposed,alpha,1,0,53,0.840865595438667,0.384532099145113,0.995244075891449,1,43,0.0054223
Proposed IT2-W-FBRI,Proposed,alpha,1,5,53,0.840865595438667,0.384532099145113,0.995244075891449,1,43,0.0073992
Proposed IT2-W-FBRI,Proposed,alpha,1,10,53,0.840865595438667,0.384532099145113,0.995244075891449,1,43,0.0091456
Proposed IT2-W-FBRI,Proposed,alpha,1,15,53,0.840865595438667,0.384532099145113,0.995244075891449,1,43,0.0070607
Proposed IT2-W-FBRI,Proposed,alpha,1,20,53,0.840865595438667,0.384532099145113,0.995244075891449,1,43,0.0072357
Proposed IT2-W-FBRI,Proposed,alpha,1,40,53,0.840865595438667,0.384532099145113,0.995244075891449,1,43,0.0071206
Isobe-APP,Convergence SOTA,none,NaN,NaN,53,0.840906994719932,0.382086822006704,0.999952563285734,1,42,0.0037793
RQE,Robust SOTA,rqe_tau,0.5,NaN,53,0.794361339472871,0.624544343762112,0.387079009704162,1,23,0.2392726
RQE,Robust SOTA,rqe_tau,1,NaN,53,0.794387243797105,0.624471638599893,0.387301729845702,1,23,0.2311159
RQE,Robust SOTA,rqe_tau,2,NaN,53,0.794439490801358,0.624324607589305,0.387751753161038,1,23,0.2340048
RQE,Robust SOTA,rqe_tau,5,NaN,53,0.794599353138935,0.623871468605713,0.389135510165119,1,23,0.244043
RQE,Robust SOTA,rqe_tau,10,NaN,53,0.794873262447925,0.623083385872441,0.39153077557716,1,23,0.2285041
RQE,Robust SOTA,rqe_tau,20,NaN,53,0.795424945626232,0.621451934433961,0.396447004690457,1,24,0.2564243
RQE,Robust SOTA,rqe_tau,50,NaN,53,0.796655739550311,0.617508822512397,0.408046575209918,1,24,0.2691596
MF-RQE,Robust SOTA,mfrqe_tau,0.5,NaN,53,0.782818446192945,0.648928838706254,0.305679700496965,1,22,0.2399601
MF-RQE,Robust SOTA,mfrqe_tau,1,NaN,53,0.782046730512948,0.649923420506932,0.30159767495099,1,22,0.2193179
MF-RQE,Robust SOTA,mfrqe_tau,2,NaN,53,0.780530249955613,0.651824411958426,0.293680068763852,1,22,0.2374281
MF-RQE,Robust SOTA,mfrqe_tau,5,NaN,53,0.77658134900842,0.656668006864285,0.273686363205582,1,21,0.1890337
MF-RQE,Robust SOTA,mfrqe_tau,10,NaN,53,0.772764666935893,0.66086441729805,0.255170663561366,1,20,0.1950981
MF-RQE,Robust SOTA,mfrqe_tau,20,NaN,53,0.770705865912196,0.66307465958123,0.245498098235752,1,19,0.2098315
MF-RQE,Robust SOTA,mfrqe_tau,50,NaN,53,0.77035881407064,0.663432257747353,0.243887842033785,1,19,0.192579
CVaR-game,Robust SOTA,cvar_alpha,0.05,NaN,53,0.740340123659866,0.731055828849515,1.14996634136185e-05,1,28,0.0856364
CVaR-game,Robust SOTA,cvar_alpha,0.1,NaN,53,0.740340123659866,0.731055828849515,1.14996634136185e-05,1,28,0.084245
CVaR-game,Robust SOTA,cvar_alpha,0.2,NaN,53,0.740340123659866,0.731055828849515,1.14996634136185e-05,1,28,0.0925354
CVaR-game,Robust SOTA,cvar_alpha,0.3,NaN,53,0.740340123659866,0.731055828849515,1.14996634136185e-05,1,28,0.1105251
CVaR-game,Robust SOTA,cvar_alpha,0.5,NaN,53,0.840904740172169,0.382076479926348,0.999965501009759,1,28,0.0908297
CVaR-game,Robust SOTA,cvar_alpha,0.7,NaN,53,0.840904740172169,0.382076479926348,0.999965501009759,1,28,0.0893067
CVaR-game,Robust SOTA,cvar_alpha,0.9,NaN,53,0.840904740172169,0.382076479926348,0.999965501009759,1,28,0.0949607
DRNE-VI,Robust SOTA,drne_alpha,0.1,NaN,53,0.833062576181695,0.532706448882901,0.68314808412777,0,300,0.006063
DRNE-VI,Robust SOTA,drne_alpha,0.3,NaN,53,0.83035303753257,0.562582904054083,0.614740028810854,0,300,0.0060257
DRNE-VI,Robust SOTA,drne_alpha,0.5,NaN,53,0.824676886855064,0.596119607759874,0.527848662315903,0,300,0.0060432
DRNE-VI,Robust SOTA,drne_alpha,0.7,NaN,53,0.80759496768808,0.647250073313306,0.372300867869437,0,300,0.0062153
DRNE-VI,Robust SOTA,drne_alpha,0.9,NaN,53,0.788995957248802,0.696144346022781,0.218513674676503,0,300,0.0062349
DRNE-VI,Robust SOTA,drne_alpha,0.95,NaN,53,0.788157048016126,0.698248899618788,0.211739533641091,0,300,0.0035208
Proposed IT2-W-FBRI,Proposed,alpha,0,0,54,0.741091207607884,0.731352233535761,8.94772266370533e-05,1,41,0.0057574
Proposed IT2-W-FBRI,Proposed,alpha,0,5,54,0.740842562036216,0.731026005057848,1.67056916782618e-05,1,46,0.007814
Proposed IT2-W-FBRI,Proposed,alpha,0,10,54,0.74084311686851,0.731026466637862,1.39726362931805e-05,1,46,0.0074324
Proposed IT2-W-FBRI,Proposed,alpha,0,15,54,0.7424717632786,0.733152929571283,2.6657350267419e-05,1,44,0.0110445
Proposed IT2-W-FBRI,Proposed,alpha,0,20,54,0.780738077516497,0.77593750061813,2.57581164313039e-05,1,44,0.007511
Proposed IT2-W-FBRI,Proposed,alpha,0,40,54,0.81544648307868,0.805933358937937,1.21092745078898e-05,1,46,0.0079637
Proposed IT2-W-FBRI,Proposed,alpha,0.1,0,54,0.742549718640692,0.733281550116902,0.00151740975810452,1,41,0.0057989
Proposed IT2-W-FBRI,Proposed,alpha,0.1,5,54,0.740843130851095,0.731026665670838,1.86251235443286e-05,1,46,0.0112392
Proposed IT2-W-FBRI,Proposed,alpha,0.1,10,54,0.740843857389863,0.731027428956095,1.58603046354196e-05,1,46,0.0074967
Proposed IT2-W-FBRI,Proposed,alpha,0.1,15,54,0.74656917502767,0.738259109042552,3.04376998598226e-05,1,44,0.0071584
Proposed IT2-W-FBRI,Proposed,alpha,0.1,20,54,0.788850937357432,0.783902052485864,2.94989750642924e-05,1,44,0.0099731
Proposed IT2-W-FBRI,Proposed,alpha,0.1,40,54,0.815448612017691,0.805935058346165,1.39203978887209e-05,1,46,0.0077135
Proposed IT2-W-FBRI,Proposed,alpha,0.2,0,54,0.759112255038912,0.734371785314999,0.0601391384528887,1,52,0.006624
Proposed IT2-W-FBRI,Proposed,alpha,0.2,5,54,0.740843638774627,0.731027284415578,2.06917785763897e-05,1,45,0.007492
Proposed IT2-W-FBRI,Proposed,alpha,0.2,10,54,0.740850140474034,0.7310356434208,1.79469271486577e-05,1,45,0.0073143
Proposed IT2-W-FBRI,Proposed,alpha,0.2,15,54,0.755040842388747,0.748727086443804,3.46586696867832e-05,1,43,0.0073283
Proposed IT2-W-FBRI,Proposed,alpha,0.2,20,54,0.797129960520591,0.791260500441051,3.36881427660398e-05,1,44,0.0074714
Proposed IT2-W-FBRI,Proposed,alpha,0.2,40,54,0.815450313142215,0.805936462828492,1.59602861638647e-05,1,46,0.0079803
Proposed IT2-W-FBRI,Proposed,alpha,0.3,0,54,0.82894047951566,0.5781304906823,0.576249883110496,1,48,0.0087195
Proposed IT2-W-FBRI,Proposed,alpha,0.3,5,54,0.740844154642451,0.731027930244504,2.28979349662318e-05,1,44,0.0074819
Proposed IT2-W-FBRI,Proposed,alpha,0.3,10,54,0.740942026832552,0.731155819449167,2.02286856350024e-05,1,45,0.0083431
Proposed IT2-W-FBRI,Proposed,alpha,0.3,15,54,0.767448795402511,0.762425341522849,3.93219971094317e-05,1,43,0.0072758
Proposed IT2-W-FBRI,Proposed,alpha,0.3,20,54,0.804938651528661,0.797707059356843,3.83583851941131e-05,1,43,0.0070284
Proposed IT2-W-FBRI,Proposed,alpha,0.3,40,54,0.81545169363856,0.805937651980388,1.82442910110337e-05,1,46,0.0076471
Proposed IT2-W-FBRI,Proposed,alpha,0.4,0,54,0.835727429436881,0.51637367872211,0.719867340993537,1,42,0.0056517
Proposed IT2-W-FBRI,Proposed,alpha,0.4,5,54,0.740845976320991,0.731030292300072,2.52324909076339e-05,1,44,0.0073061
Proposed IT2-W-FBRI,Proposed,alpha,0.4,10,54,0.742247993797973,0.732860802433531,3.24459814794365e-05,1,44,0.0074117
Proposed IT2-W-FBRI,Proposed,alpha,0.4,15,54,0.782491227948256,0.777898693039396,4.44511912387278e-05,1,43,0.0108696
Proposed IT2-W-FBRI,Proposed,alpha,0.4,20,54,0.811015601316749,0.802427718769184,4.35125487067114e-05,1,43,0.0072337
Proposed IT2-W-FBRI,Proposed,alpha,0.4,40,54,0.815452835803811,0.805938687152102,2.07877240717695e-05,1,45,0.0075589
Proposed IT2-W-FBRI,Proposed,alpha,0.5,0,54,0.837727807895595,0.4700599987859,0.817368393147579,1,42,0.0079213
Proposed IT2-W-FBRI,Proposed,alpha,0.5,5,54,0.740913588678326,0.73111871147319,2.76950868816929e-05,1,43,0.0105997
Proposed IT2-W-FBRI,Proposed,alpha,0.5,10,54,0.752602969164956,0.745838281113034,5.18329872137458e-05,1,42,0.0108832
Proposed IT2-W-FBRI,Proposed,alpha,0.5,15,54,0.79826783626185,0.792196639625297,5.00576444121841e-05,1,42,0.0074643
Proposed IT2-W-FBRI,Proposed,alpha,0.5,20,54,0.814171614218659,0.80500118380921,3.44188770778443e-05,1,44,0.0083542
Proposed IT2-W-FBRI,Proposed,alpha,0.5,40,54,0.815453802394126,0.805939614435823,2.3592053749879e-05,1,45,0.0090893
Proposed IT2-W-FBRI,Proposed,alpha,0.6,0,54,0.838657658217856,0.433172558097682,0.891987787202698,1,42,0.0064303
Proposed IT2-W-FBRI,Proposed,alpha,0.6,5,54,0.743996255595187,0.735096902223003,4.32568950937972e-05,1,42,0.0081498
Proposed IT2-W-FBRI,Proposed,alpha,0.6,10,54,0.779061528285512,0.774381227302974,4.03914949715964e-05,1,43,0.0123743
Proposed IT2-W-FBRI,Proposed,alpha,0.6,15,54,0.810498079050311,0.801988788811738,5.61226193853872e-05,1,42,0.0071719
Proposed IT2-W-FBRI,Proposed,alpha,0.6,20,54,0.815162920633972,0.805727089001549,2.71138977311009e-05,1,44,0.0115917
Proposed IT2-W-FBRI,Proposed,alpha,0.6,40,54,0.815454641232671,0.805940469388556,2.66658811303994e-05,1,44,0.0076344
Proposed IT2-W-FBRI,Proposed,alpha,0.7,0,54,0.839129209702711,0.407122713702954,0.943559731722211,1,42,0.0087022
Proposed IT2-W-FBRI,Proposed,alpha,0.7,5,54,0.782763502587057,0.778259403560688,0.00132275640370155,1,42,0.0069611
Proposed IT2-W-FBRI,Proposed,alpha,0.7,10,54,0.806903051278228,0.799187055194525,5.76653038221865e-05,1,42,0.0067484
Proposed IT2-W-FBRI,Proposed,alpha,0.7,15,54,0.814803129080393,0.805464018121856,3.11273840324696e-05,1,43,0.0073523
Proposed IT2-W-FBRI,Proposed,alpha,0.7,20,54,0.815394120824929,0.805896491701814,3.04039925503975e-05,1,43,0.0074403
Proposed IT2-W-FBRI,Proposed,alpha,0.7,40,54,0.815455388608658,0.805941278004991,3.00008684735278e-05,1,44,0.0069905
Proposed IT2-W-FBRI,Proposed,alpha,0.8,0,54,0.839353429268493,0.391575558531267,0.973683090425666,1,43,0.0054497
Proposed IT2-W-FBRI,Proposed,alpha,0.8,5,54,0.826760196555049,0.687568832192012,0.334583757962282,1,42,0.0067814
Proposed IT2-W-FBRI,Proposed,alpha,0.8,10,54,0.815933935434543,0.805619080224752,0.0220698744865107,1,42,0.0100652
Proposed IT2-W-FBRI,Proposed,alpha,0.8,15,54,0.815454859545812,0.805947783345075,0.00149244409994331,1,43,0.0087937
Proposed IT2-W-FBRI,Proposed,alpha,0.8,20,54,0.815454041050954,0.805958044472961,0.000272730715366203,1,43,0.0073544
Proposed IT2-W-FBRI,Proposed,alpha,0.8,40,54,0.815456768624082,0.805943769819711,5.00198973232646e-05,1,43,0.0091249
Proposed IT2-W-FBRI,Proposed,alpha,0.85,0,54,0.8394130000058,0.386857650406259,0.982582533649231,1,43,0.005917
Proposed IT2-W-FBRI,Proposed,alpha,0.85,5,54,0.834295614743786,0.571671018744087,0.604053136709726,1,42,0.0071302
Proposed IT2-W-FBRI,Proposed,alpha,0.85,10,54,0.823873792467819,0.733821133570334,0.221140616830692,1,42,0.0063794
Proposed IT2-W-FBRI,Proposed,alpha,0.85,15,54,0.817970874197571,0.794309151316503,0.0613635848860149,1,42,0.0070014
Proposed IT2-W-FBRI,Proposed,alpha,0.85,20,54,0.816263731641005,0.806298989986417,0.0193908043953856,1,42,0.007013
Proposed IT2-W-FBRI,Proposed,alpha,0.85,40,54,0.815575613793268,0.806139887351025,0.00284578669823724,1,43,0.0069416
Proposed IT2-W-FBRI,Proposed,alpha,0.9,0,54,0.839451778944126,0.383644949394573,0.988625360299114,1,43,0.0055812
Proposed IT2-W-FBRI,Proposed,alpha,0.9,5,54,0.838087190967335,0.460262973536869,0.837588494698933,1,42,0.0066559
Proposed IT2-W-FBRI,Proposed,alpha,0.9,10,54,0.834452665261802,0.569588659449512,0.608811487912529,1,42,0.0069293
Proposed IT2-W-FBRI,Proposed,alpha,0.9,15,54,0.830589357916421,0.644374868637829,0.441426922231853,1,42,0.0070145
Proposed IT2-W-FBRI,Proposed,alpha,0.9,20,54,0.827620369854557,0.688094088665024,0.335716956751133,1,42,0.0068047
Proposed IT2-W-FBRI,Proposed,alpha,0.9,40,54,0.823018025215564,0.74404516258365,0.194693404161492,1,42,0.0074553
Proposed IT2-W-FBRI,Proposed,alpha,1,0,54,0.839492772036342,0.380152029524953,0.995244075942912,1,43,0.0056307
Proposed IT2-W-FBRI,Proposed,alpha,1,5,54,0.839492772036342,0.380152029524953,0.995244075942912,1,43,0.0106544
Proposed IT2-W-FBRI,Proposed,alpha,1,10,54,0.839492772036342,0.380152029524953,0.995244075942912,1,43,0.0069775
Proposed IT2-W-FBRI,Proposed,alpha,1,15,54,0.839492772036342,0.380152029524953,0.995244075942912,1,43,0.0070535
Proposed IT2-W-FBRI,Proposed,alpha,1,20,54,0.839492772036342,0.380152029524953,0.995244075942912,1,43,0.0071138
Proposed IT2-W-FBRI,Proposed,alpha,1,40,54,0.839492772036342,0.380152029524953,0.995244075942912,1,43,0.0071097
Isobe-APP,Convergence SOTA,none,NaN,NaN,54,0.839528563011844,0.377698556172579,0.999952707981876,1,42,0.003744
RQE,Robust SOTA,rqe_tau,0.5,NaN,54,0.793755815467158,0.623701387940649,0.387079009704162,1,23,0.2201306
RQE,Robust SOTA,rqe_tau,1,NaN,54,0.793781413818282,0.623627255255534,0.387301729845702,1,23,0.2274923
RQE,Robust SOTA,rqe_tau,2,NaN,54,0.793833042945336,0.623477347713548,0.387751753161038,1,23,0.2479674
RQE,Robust SOTA,rqe_tau,5,NaN,54,0.79399100841575,0.623015429281653,0.389135510165119,1,23,0.2398499
RQE,Robust SOTA,rqe_tau,10,NaN,54,0.794261644831567,0.622212381522612,0.39153077557716,1,23,0.2388271
RQE,Robust SOTA,rqe_tau,20,NaN,54,0.794806649860226,0.620534289049313,0.396447004690457,1,24,0.2476605
RQE,Robust SOTA,rqe_tau,50,NaN,54,0.796021935271847,0.616473418662858,0.408046575209918,1,24,0.2668305
MF-RQE,Robust SOTA,mfrqe_tau,0.5,NaN,54,0.782335473790556,0.648272900962963,0.305679700496965,1,22,0.2320224
MF-RQE,Robust SOTA,mfrqe_tau,1,NaN,54,0.781570562060794,0.649291755891217,0.30159767495099,1,22,0.222553
MF-RQE,Robust SOTA,mfrqe_tau,2,NaN,54,0.780067361883154,0.651247768361774,0.293680068763852,1,22,0.2767878
MF-RQE,Robust SOTA,mfrqe_tau,5,NaN,54,0.776152494638118,0.656065671064315,0.273686363205582,1,21,0.2051127
MF-RQE,Robust SOTA,mfrqe_tau,10,NaN,54,0.772367984137852,0.660318872206839,0.255170663561366,1,20,0.1943705
MF-RQE,Robust SOTA,mfrqe_tau,20,NaN,54,0.770326245936839,0.662493747233642,0.245498098235752,1,19,0.2024737
MF-RQE,Robust SOTA,mfrqe_tau,50,NaN,54,0.769982052398332,0.662858284953454,0.243887842033785,1,19,0.1903429
CVaR-game,Robust SOTA,cvar_alpha,0.05,NaN,54,0.74084287627542,0.731025128148232,1.14996634136185e-05,1,28,0.0938332
CVaR-game,Robust SOTA,cvar_alpha,0.1,NaN,54,0.74084287627542,0.731025128148232,1.14996634136185e-05,1,28,0.0932492
CVaR-game,Robust SOTA,cvar_alpha,0.2,NaN,54,0.74084287627542,0.731025128148232,1.14996634136185e-05,1,28,0.0955822
CVaR-game,Robust SOTA,cvar_alpha,0.3,NaN,54,0.74084287627542,0.731025128148232,1.14996634136185e-05,1,28,0.0905718
CVaR-game,Robust SOTA,cvar_alpha,0.5,NaN,54,0.839526293424821,0.377688272821709,0.999965501009759,1,28,0.1060246
CVaR-game,Robust SOTA,cvar_alpha,0.7,NaN,54,0.839526293424821,0.377688272821709,0.999965501009759,1,28,0.0927794
CVaR-game,Robust SOTA,cvar_alpha,0.9,NaN,54,0.839526293424821,0.377688272821709,0.999965501009759,1,28,0.0887135
DRNE-VI,Robust SOTA,drne_alpha,0.1,NaN,54,0.832046047734138,0.529546584222719,0.68314808412777,0,300,0.0060843
DRNE-VI,Robust SOTA,drne_alpha,0.3,NaN,54,0.829414190399227,0.559911788466576,0.614740028810854,0,300,0.0061155
DRNE-VI,Robust SOTA,drne_alpha,0.5,NaN,54,0.823847240749722,0.594765217579148,0.527848662315903,0,300,0.0060169
DRNE-VI,Robust SOTA,drne_alpha,0.7,NaN,54,0.807020590519962,0.646458816647175,0.372300867869437,0,300,0.0061058
DRNE-VI,Robust SOTA,drne_alpha,0.9,NaN,54,0.788729914270533,0.695821938088461,0.218513674676503,0,300,0.006028
DRNE-VI,Robust SOTA,drne_alpha,0.95,NaN,54,0.787905855345736,0.697885342444768,0.211739533641091,0,300,0.0033141
Proposed IT2-W-FBRI,Proposed,alpha,0,0,55,0.741316228055062,0.732493678342687,8.94775542791817e-05,1,41,0.005483
Proposed IT2-W-FBRI,Proposed,alpha,0,5,55,0.741068863328003,0.732209721063067,1.67057603477505e-05,1,46,0.0106534
Proposed IT2-W-FBRI,Proposed,alpha,0,10,55,0.741069389177771,0.732210067523076,1.39726996440155e-05,1,46,0.0075409
Proposed IT2-W-FBRI,Proposed,alpha,0,15,55,0.742684729148887,0.734050003093284,2.66574759300341e-05,1,44,0.0077688
Proposed IT2-W-FBRI,Proposed,alpha,0,20,55,0.780701959709255,0.775355568366789,2.57582406050758e-05,1,44,0.0071666
Proposed IT2-W-FBRI,Proposed,alpha,0,40,55,0.815311735050081,0.807067633373618,1.21093343597573e-05,1,46,0.0077658
Proposed IT2-W-FBRI,Proposed,alpha,0.1,0,55,0.74277791029864,0.734204194259328,0.00151741016626463,1,41,0.0086933
Proposed IT2-W-FBRI,Proposed,alpha,0.1,5,55,0.741069450510994,0.732210362775367,1.86251909894426e-05,1,46,0.0108304
Proposed IT2-W-FBRI,Proposed,alpha,0.1,10,55,0.741070144579468,0.732210958884924,1.58603675776854e-05,1,46,0.008852
Proposed IT2-W-FBRI,Proposed,alpha,0.1,15,55,0.746749388625745,0.738875530781382,3.04378250386078e-05,1,44,0.0070952
Proposed IT2-W-FBRI,Proposed,alpha,0.1,20,55,0.788779938595099,0.783498391946319,2.94990988509099e-05,1,44,0.0068792
Proposed IT2-W-FBRI,Proposed,alpha,0.1,40,55,0.815313878827669,0.807069424872189,1.39204575481684e-05,1,46,0.0089437
Proposed IT2-W-FBRI,Proposed,alpha,0.2,0,55,0.75982531467783,0.737390479341169,0.0601391410403009,1,52,0.0069198
Proposed IT2-W-FBRI,Proposed,alpha,0.2,5,55,0.741069978103863,0.732210968119979,2.06918710540524e-05,1,45,0.0073838
Proposed IT2-W-FBRI,Proposed,alpha,0.2,10,55,0.741076398702161,0.732218119354707,1.79470148114186e-05,1,45,0.0073583
Proposed IT2-W-FBRI,Proposed,alpha,0.2,15,55,0.75515772444383,0.748570529413273,3.46501884193564e-05,1,44,0.0070535
Proposed IT2-W-FBRI,Proposed,alpha,0.2,20,55,0.797030561527274,0.791514662497164,3.36882653977262e-05,1,44,0.0072391
Proposed IT2-W-FBRI,Proposed,alpha,0.2,40,55,0.815315597232088,0.807070898217647,1.59603452768251e-05,1,46,0.0089022
Proposed IT2-W-FBRI,Proposed,alpha,0.3,0,55,0.834323312904191,0.580941824286854,0.576249883905813,1,48,0.006034
Proposed IT2-W-FBRI,Proposed,alpha,0.3,5,55,0.741070514749953,0.7322115991075,2.28980610867497e-05,1,44,0.007966
Proposed IT2-W-FBRI,Proposed,alpha,0.3,10,55,0.741167548009474,0.732321988653169,2.02287715106385e-05,1,45,0.0077854
Proposed IT2-W-FBRI,Proposed,alpha,0.3,15,55,0.767484202856634,0.761640666890219,3.93221691915765e-05,1,43,0.0069234
Proposed IT2-W-FBRI,Proposed,alpha,0.3,20,55,0.804819475616199,0.798494382638861,3.83585557746039e-05,1,43,0.0065842
Proposed IT2-W-FBRI,Proposed,alpha,0.3,40,55,0.815316997502907,0.807072138256823,1.82443491619517e-05,1,46,0.0073514
Proposed IT2-W-FBRI,Proposed,alpha,0.4,0,55,0.842489871999102,0.520320917842398,0.719867341258494,1,42,0.0056331
Proposed IT2-W-FBRI,Proposed,alpha,0.4,5,55,0.741072347600717,0.732213715245599,2.5232612183333e-05,1,44,0.0072009
Proposed IT2-W-FBRI,Proposed,alpha,0.4,10,55,0.742462872082033,0.733797157939534,3.2446100608647e-05,1,44,0.0072522
Proposed IT2-W-FBRI,Proposed,alpha,0.4,15,55,0.782447177472265,0.777194952477785,4.44513589274707e-05,1,43,0.0069713
Proposed IT2-W-FBRI,Proposed,alpha,0.4,20,55,0.810885980030525,0.803498422569603,4.35127151328371e-05,1,43,0.0073123
Proposed IT2-W-FBRI,Proposed,alpha,0.4,40,55,0.815318162015839,0.807073210375543,2.07878044301814e-05,1,45,0.0067203
Proposed IT2-W-FBRI,Proposed,alpha,0.5,0,55,0.845460686557167,0.475172288427658,0.817368393240527,1,42,0.0056347
Proposed IT2-W-FBRI,Proposed,alpha,0.5,5,55,0.741139426514581,0.732290160408862,2.76952504937247e-05,1,43,0.0070288
Proposed IT2-W-FBRI,Proposed,alpha,0.5,10,55,0.752737648487656,0.745758020587088,5.18332190794381e-05,1,42,0.0066999
Proposed IT2-W-FBRI,Proposed,alpha,0.5,15,55,0.798165274207799,0.792539249224905,5.00578738258538e-05,1,42,0.0071977
Proposed IT2-W-FBRI,Proposed,alpha,0.5,20,55,0.814038215950658,0.80603331525726,3.44189896416125e-05,1,44,0.0073822
Proposed IT2-W-FBRI,Proposed,alpha,0.5,40,55,0.815319153478473,0.807074163729,2.35921314831673e-05,1,45,0.01175
Proposed IT2-W-FBRI,Proposed,alpha,0.6,0,55,0.847145890764734,0.439028159441248,0.891987787253695,1,42,0.0057101
Proposed IT2-W-FBRI,Proposed,alpha,0.6,5,55,0.744197058664156,0.735970419901262,4.32571166112089e-05,1,42,0.0067577
Proposed IT2-W-FBRI,Proposed,alpha,0.6,10,55,0.779033615629739,0.773745157301052,4.03916497144864e-05,1,43,0.0078392
Proposed IT2-W-FBRI,Proposed,alpha,0.6,15,55,0.810369295451083,0.803116153722538,5.612283880339e-05,1,42,0.0066121
Proposed IT2-W-FBRI,Proposed,alpha,0.6,20,55,0.815028545573988,0.806846906438766,2.71140047362255e-05,1,44,0.0071291
Proposed IT2-W-FBRI,Proposed,alpha,0.6,40,55,0.815320019766803,0.807075036280001,2.6665986901403e-05,1,44,0.0065714
Proposed IT2-W-FBRI,Proposed,alpha,0.7,0,55,0.84814475854217,0.413313496539899,0.943559731760408,1,42,0.0061444
Proposed IT2-W-FBRI,Proposed,alpha,0.7,5,55,0.782730904601973,0.777527033150987,0.00132275664694235,1,42,0.0111651
Proposed IT2-W-FBRI,Proposed,alpha,0.7,10,55,0.806780175736329,0.800235263668122,5.76655116968455e-05,1,42,0.0070623
Proposed IT2-W-FBRI,Proposed,alpha,0.7,15,55,0.814669104142409,0.806565186169791,3.11275288311246e-05,1,43,0.0117128
Proposed IT2-W-FBRI,Proposed,alpha,0.7,20,55,0.815259583451375,0.807028000103565,3.04028254082785e-05,1,44,0.0074821
Proposed IT2-W-FBRI,Proposed,alpha,0.7,40,55,0.815320797049086,0.807075855812666,3.00009687940504e-05,1,44,0.0077502
Proposed IT2-W-FBRI,Proposed,alpha,0.8,0,55,0.84867887420826,0.398071783049773,0.97368308970023,1,42,0.0057966
Proposed IT2-W-FBRI,Proposed,alpha,0.8,5,55,0.829769203223465,0.689884339823824,0.334583758202852,1,42,0.0072728
Proposed IT2-W-FBRI,Proposed,alpha,0.8,10,55,0.816003958732165,0.806926769348059,0.0220698747160731,1,42,0.0073368
Proposed IT2-W-FBRI,Proposed,alpha,0.8,15,55,0.815333851666734,0.807176444420228,0.00149244423875406,1,43,0.0093786
Proposed IT2-W-FBRI,Proposed,alpha,0.8,20,55,0.815321704434411,0.807091578069098,0.000272730851265627,1,43,0.0069643
Proposed IT2-W-FBRI,Proposed,alpha,0.8,40,55,0.815322361372443,0.807078322898979,5.00200317714943e-05,1,43,0.0075618
Proposed IT2-W-FBRI,Proposed,alpha,0.85,0,55,0.848830263747855,0.393538284292123,0.982582533707058,1,43,0.0059021
Proposed IT2-W-FBRI,Proposed,alpha,0.85,5,55,0.839905351657443,0.575054888709811,0.604053136820123,1,42,0.0083976
Proposed IT2-W-FBRI,Proposed,alpha,0.85,10,55,0.825803425112909,0.73541463522529,0.221140616993893,1,42,0.0078847
Proposed IT2-W-FBRI,Proposed,alpha,0.85,15,55,0.818405108356252,0.795332087475768,0.0613635850679083,1,42,0.0122885
Proposed IT2-W-FBRI,Proposed,alpha,0.85,20,55,0.816308411780143,0.807683377540775,0.0193908045790401,1,42,0.008442
Proposed IT2-W-FBRI,Proposed,alpha,0.85,40,55,0.815467075766923,0.807347281903009,0.0028457868250209,1,43,0.0081748
Proposed IT2-W-FBRI,Proposed,alpha,0.9,0,55,0.848931456617881,0.390452115184644,0.988625360370473,1,43,0.0088382
Proposed IT2-W-FBRI,Proposed,alpha,0.9,5,55,0.846022875622732,0.465606018277286,0.837588494745666,1,42,0.0115315
Proposed IT2-W-FBRI,Proposed,alpha,0.9,10,55,0.840108533003889,0.57296301366546,0.608811487990884,1,42,0.0072096
Proposed IT2-W-FBRI,Proposed,alpha,0.9,15,55,0.834617142997479,0.646944156257165,0.441426922318006,1,42,0.0095873
Proposed IT2-W-FBRI,Proposed,alpha,0.9,20,55,0.830635363603288,0.690409134781848,0.33571695683375,1,42,0.0143352
Proposed IT2-W-FBRI,Proposed,alpha,0.9,40,55,0.824698470251952,0.745671955978733,0.194693404208929,1,42,0.0071288
Proposed IT2-W-FBRI,Proposed,alpha,1,0,55,0.849040874770252,0.387037902291852,0.995244076033333,1,43,0.0088714
Proposed IT2-W-FBRI,Proposed,alpha,1,5,55,0.849040874770252,0.387037902291852,0.995244076033333,1,43,0.0075621
Proposed IT2-W-FBRI,Proposed,alpha,1,10,55,0.849040874770252,0.387037902291852,0.995244076033333,1,43,0.0073963
Proposed IT2-W-FBRI,Proposed,alpha,1,15,55,0.849040874770252,0.387037902291852,0.995244076033333,1,43,0.0078474
Proposed IT2-W-FBRI,Proposed,alpha,1,20,55,0.849040874770252,0.387037902291852,0.995244076033333,1,43,0.0073615
Proposed IT2-W-FBRI,Proposed,alpha,1,40,55,0.849040874770252,0.387037902291852,0.995244076033333,1,43,0.0073898
Isobe-APP,Convergence SOTA,none,NaN,NaN,55,0.849125302042527,0.384592952938764,0.999952772122491,1,42,0.0038898
RQE,Robust SOTA,rqe_tau,0.5,NaN,55,0.797470007735904,0.626472460246991,0.387079009704162,1,23,0.2090866
RQE,Robust SOTA,rqe_tau,1,NaN,55,0.797497700621518,0.626399633759184,0.387301729845702,1,23,0.2172463
RQE,Robust SOTA,rqe_tau,2,NaN,55,0.797553562357439,0.626252370296599,0.387751753161038,1,23,0.2175007
RQE,Robust SOTA,rqe_tau,5,NaN,55,0.797724546157992,0.625798622139441,0.389135510165119,1,23,0.2310585
RQE,Robust SOTA,rqe_tau,10,NaN,55,0.79801773022707,0.625003657661728,0.39153077557716,1,23,0.2207985
RQE,Robust SOTA,rqe_tau,20,NaN,55,0.798609063397091,0.62335261618566,0.396447004690457,1,24,0.2414138
RQE,Robust SOTA,rqe_tau,50,NaN,55,0.799934009113098,0.61936879330917,0.408046575209918,1,24,0.2593951
MF-RQE,Robust SOTA,mfrqe_tau,0.5,NaN,55,0.785292861219625,0.650321072900593,0.305679700496965,1,22,0.2427326
MF-RQE,Robust SOTA,mfrqe_tau,1,NaN,55,0.784490608099907,0.651279029114444,0.30159767495099,1,22,0.2251168
MF-RQE,Robust SOTA,mfrqe_tau,2,NaN,55,0.782914963116628,0.653118660414097,0.293680068763852,1,22,0.2176974
MF-RQE,Robust SOTA,mfrqe_tau,5,NaN,55,0.778817037516114,0.657653156139583,0.273686363205582,1,21,0.1811448
MF-RQE,Robust SOTA,mfrqe_tau,10,NaN,55,0.774862801519269,0.66174796244229,0.255170663561366,1,20,0.2102076
MF-RQE,Robust SOTA,mfrqe_tau,20,NaN,55,0.772732304392647,0.663930400627314,0.245498098235752,1,19,0.2231312
MF-RQE,Robust SOTA,mfrqe_tau,50,NaN,55,0.772373327131253,0.664289853303959,0.243887842033785,1,19,0.1735023
CVaR-game,Robust SOTA,cvar_alpha,0.05,NaN,55,0.74106914593354,0.732208965198104,1.14996634136185e-05,1,28,0.0916605
CVaR-game,Robust SOTA,cvar_alpha,0.1,NaN,55,0.74106914593354,0.732208965198104,1.14996634136185e-05,1,28,0.0868535
CVaR-game,Robust SOTA,cvar_alpha,0.2,NaN,55,0.74106914593354,0.732208965198104,1.14996634136185e-05,1,28,0.0877173
CVaR-game,Robust SOTA,cvar_alpha,0.3,NaN,55,0.74106914593354,0.732208965198104,1.14996634136185e-05,1,28,0.099195
CVaR-game,Robust SOTA,cvar_alpha,0.5,NaN,55,0.849123188553231,0.384582350072118,0.999965501009759,1,28,0.0927076
CVaR-game,Robust SOTA,cvar_alpha,0.7,NaN,55,0.849123188553231,0.384582350072118,0.999965501009759,1,28,0.0958496
CVaR-game,Robust SOTA,cvar_alpha,0.9,NaN,55,0.849123188553231,0.384582350072118,0.999965501009759,1,28,0.0884358
DRNE-VI,Robust SOTA,drne_alpha,0.1,NaN,55,0.838472860538771,0.533037434194988,0.68314808412777,0,300,0.006286
DRNE-VI,Robust SOTA,drne_alpha,0.3,NaN,55,0.835176156290966,0.562854417963103,0.614740028810854,0,300,0.0060881
DRNE-VI,Robust SOTA,drne_alpha,0.5,NaN,55,0.828787576188632,0.5974128346056,0.527848662315903,0,300,0.0062512
DRNE-VI,Robust SOTA,drne_alpha,0.7,NaN,55,0.810541837560681,0.649032434474009,0.372300867869437,0,300,0.0060975
DRNE-VI,Robust SOTA,drne_alpha,0.9,NaN,55,0.790838758266824,0.697841898724408,0.218513674676503,0,300,0.0061259
DRNE-VI,Robust SOTA,drne_alpha,0.95,NaN,55,0.789952060863397,0.699874242857846,0.211739533641091,0,300,0.0034801
Proposed IT2-W-FBRI,Proposed,alpha,0,0,56,0.741123048507739,0.731792983183797,8.94773382864643e-05,1,41,0.0053941
Proposed IT2-W-FBRI,Proposed,alpha,0,5,56,0.740871670726489,0.73147990725768,1.67057195471425e-05,1,46,0.0096361
Proposed IT2-W-FBRI,Proposed,alpha,0,10,56,0.740872190048639,0.731480316420393,1.39726600934858e-05,1,46,0.0108206
Proposed IT2-W-FBRI,Proposed,alpha,0,15,56,0.742512928347603,0.733518883925684,2.66573960426204e-05,1,44,0.0073184
Proposed IT2-W-FBRI,Proposed,alpha,0,20,56,0.781085912963938,0.77645675844681,2.57581610642006e-05,1,44,0.0071446
Proposed IT2-W-FBRI,Proposed,alpha,0,40,56,0.816123521795634,0.807544562571305,1.21092956572883e-05,1,46,0.0075736
Proposed IT2-W-FBRI,Proposed,alpha,0.1,0,56,0.742610360664659,0.733501464419794,0.00151740994882433,1,41,0.0054016
Proposed IT2-W-FBRI,Proposed,alpha,0.1,5,56,0.740872265497463,0.731480550129833,1.86251506308891e-05,1,46,0.0080129
Proposed IT2-W-FBRI,Proposed,alpha,0.1,10,56,0.740872959092489,0.731481251727761,1.58603282230563e-05,1,46,0.007603
Proposed IT2-W-FBRI,Proposed,alpha,0.1,15,56,0.746640719742105,0.738484326317919,3.04377454406511e-05,1,44,0.0102437
Proposed IT2-W-FBRI,Proposed,alpha,0.1,20,56,0.789271076298893,0.784330503291918,2.94990195707893e-05,1,44,0.0072456
Proposed IT2-W-FBRI,Proposed,alpha,0.1,40,56,0.816125691184425,0.807546477556469,1.39204189786579e-05,1,46,0.0077506
Proposed IT2-W-FBRI,Proposed,alpha,0.2,0,56,0.760025980761888,0.737838926450604,0.0601391410465896,1,52,0.0098055
Proposed IT2-W-FBRI,Proposed,alpha,0.2,5,56,0.740872801589871,0.731481155813304,2.06918145615084e-05,1,45,0.0111824
Proposed IT2-W-FBRI,Proposed,alpha,0.2,10,56,0.740879313549076,0.731489134392668,1.7946959306186e-05,1,45,0.0073941
Proposed IT2-W-FBRI,Proposed,alpha,0.2,15,56,0.755176975702784,0.748600989779974,3.46501093710019e-05,1,44,0.0115911
Proposed IT2-W-FBRI,Proposed,alpha,0.2,20,56,0.797626761200531,0.792079868173746,3.36881866311091e-05,1,44,0.0071173
Proposed IT2-W-FBRI,Proposed,alpha,0.2,40,56,0.816127430701284,0.807548042684155,1.59603069581986e-05,1,46,0.0076345
Proposed IT2-W-FBRI,Proposed,alpha,0.3,0,56,0.836500390665647,0.581530916773445,0.57624988392347,1,48,0.0098678
Proposed IT2-W-FBRI,Proposed,alpha,0.3,5,56,0.740873347775389,0.731481789272489,2.2897982175069e-05,1,44,0.008703
Proposed IT2-W-FBRI,Proposed,alpha,0.3,10,56,0.740971897087586,0.731604256477415,2.02287166609663e-05,1,45,0.0081299
Proposed IT2-W-FBRI,Proposed,alpha,0.3,15,56,0.767684132547327,0.762225424317928,3.93220578634314e-05,1,43,0.0068903
Proposed IT2-W-FBRI,Proposed,alpha,0.3,20,56,0.805510548536662,0.799294050395312,3.83584447760447e-05,1,43,0.0072109
Proposed IT2-W-FBRI,Proposed,alpha,0.3,40,56,0.816128848792907,0.807549349893199,1.82443112308902e-05,1,46,0.0076322
Proposed IT2-W-FBRI,Proposed,alpha,0.4,0,56,0.845124313182262,0.521196993356271,0.71986734113962,1,42,0.0056509
Proposed IT2-W-FBRI,Proposed,alpha,0.4,5,56,0.740875211034019,0.73148406778637,2.52325348592485e-05,1,44,0.0075563
Proposed IT2-W-FBRI,Proposed,alpha,0.4,10,56,0.742287570453712,0.733238643073023,3.24460235010513e-05,1,44,0.0071805
Proposed IT2-W-FBRI,Proposed,alpha,0.4,15,56,0.782854659816248,0.778191812049258,4.44512492023023e-05,1,43,0.0071055
Proposed IT2-W-FBRI,Proposed,alpha,0.4,20,56,0.811647905153528,0.803911324581158,4.35126056765136e-05,1,43,0.0070398
Proposed IT2-W-FBRI,Proposed,alpha,0.4,40,56,0.816130028766566,0.80755046997445,2.07877511509143e-05,1,45,0.0072978
Proposed IT2-W-FBRI,Proposed,alpha,0.5,0,56,0.848415137732781,0.476330580116387,0.817368393118776,1,42,0.0063225
Proposed IT2-W-FBRI,Proposed,alpha,0.5,5,56,0.740943345697254,0.731568772125162,2.76951429038174e-05,1,43,0.0069506
Proposed IT2-W-FBRI,Proposed,alpha,0.5,10,56,0.752720484483751,0.745925732416247,5.18330652514989e-05,1,42,0.0067165
Proposed IT2-W-FBRI,Proposed,alpha,0.5,15,56,0.798775578410102,0.793224902321572,5.00577203484045e-05,1,42,0.0068725
Proposed IT2-W-FBRI,Proposed,alpha,0.5,20,56,0.814835827866994,0.806463069355869,3.44189144327914e-05,1,44,0.0071315
Proposed IT2-W-FBRI,Proposed,alpha,0.5,40,56,0.816131034026328,0.807551456328746,2.3592079159442e-05,1,45,0.0096747
Proposed IT2-W-FBRI,Proposed,alpha,0.6,0,56,0.850355349506594,0.439935379016332,0.891987787139624,1,42,0.0055385
Proposed IT2-W-FBRI,Proposed,alpha,0.6,5,56,0.744048826508244,0.735401233576855,4.32569668377033e-05,1,42,0.0068423
Proposed IT2-W-FBRI,Proposed,alpha,0.6,10,56,0.779394905844292,0.774656288549175,4.03915445955427e-05,1,43,0.0092997
Proposed IT2-W-FBRI,Proposed,alpha,0.6,15,56,0.811125306569511,0.803538176104538,5.61226887999916e-05,1,42,0.0103051
Proposed IT2-W-FBRI,Proposed,alpha,0.6,20,56,0.815837197707287,0.807304616796428,2.71139313371166e-05,1,44,0.007177
Proposed IT2-W-FBRI,Proposed,alpha,0.6,40,56,0.816131912990781,0.80755235006248,2.66659138886224e-05,1,44,0.0074305
Proposed IT2-W-FBRI,Proposed,alpha,0.7,0,56,0.851535948332425,0.414122521514105,0.943559731652047,1,42,0.0073749
Proposed IT2-W-FBRI,Proposed,alpha,0.7,5,56,0.783144117695368,0.778537457387219,0.00132275651426778,1,42,0.0068233
Proposed IT2-W-FBRI,Proposed,alpha,0.7,10,56,0.807494442097277,0.800815882687971,5.76653657629387e-05,1,42,0.0067211
Proposed IT2-W-FBRI,Proposed,alpha,0.7,15,56,0.815473753286302,0.806999287452296,3.11274266559582e-05,1,43,0.0068171
Proposed IT2-W-FBRI,Proposed,alpha,0.7,20,56,0.816070809170981,0.807501168465542,3.04027539847452e-05,1,44,0.0069486
Proposed IT2-W-FBRI,Proposed,alpha,0.7,40,56,0.816132702219382,0.807553181525106,3.00008976830575e-05,1,44,0.0072762
Proposed IT2-W-FBRI,Proposed,alpha,0.8,0,56,0.8521782955142,0.39881481113856,0.973683090392011,1,43,0.0055185
Proposed IT2-W-FBRI,Proposed,alpha,0.8,5,56,0.831304457112075,0.690298145503065,0.334583758087249,1,42,0.0067801
Proposed IT2-W-FBRI,Proposed,alpha,0.8,10,56,0.816852509638262,0.807647486594764,0.022069874564068,1,42,0.0082872
Proposed IT2-W-FBRI,Proposed,alpha,0.8,15,56,0.816147787319688,0.80763683980958,0.00149244413811528,1,43,0.0069785
Proposed IT2-W-FBRI,Proposed,alpha,0.8,20,56,0.816133931447098,0.807565999364708,0.000272730751983721,1,43,0.0068264
Proposed IT2-W-FBRI,Proposed,alpha,0.8,40,56,0.816134308641257,0.807555510043464,5.00199330591651e-05,1,43,0.0069439
Proposed IT2-W-FBRI,Proposed,alpha,0.85,0,56,0.852361951745596,0.394260660534976,0.98258253362728,1,43,0.0056592
Proposed IT2-W-FBRI,Proposed,alpha,0.85,5,56,0.842184011138138,0.575502901924934,0.604053136689081,1,42,0.0068036
Proposed IT2-W-FBRI,Proposed,alpha,0.85,10,56,0.827073170978401,0.736894346562123,0.221140616845381,1,42,0.0067384
Proposed IT2-W-FBRI,Proposed,alpha,0.85,15,56,0.819334646110259,0.799460974210147,0.0613635849128774,1,42,0.006891
Proposed IT2-W-FBRI,Proposed,alpha,0.85,20,56,0.817156664815492,0.80780501430324,0.0193908044314331,1,42,0.0077041
Proposed IT2-W-FBRI,Proposed,alpha,0.85,40,56,0.816284238909097,0.807734769900887,0.00284578672770383,1,43,0.010455
Proposed IT2-W-FBRI,Proposed,alpha,0.9,0,56,0.852485130470317,0.391160174967506,0.988625360288185,1,43,0.0058083
Proposed IT2-W-FBRI,Proposed,alpha,0.9,5,56,0.849045523222415,0.466701501779467,0.837588494631692,1,42,0.0070625
Proposed IT2-W-FBRI,Proposed,alpha,0.9,10,56,0.842401607509284,0.573418413779364,0.608811487866532,1,42,0.0079623
Proposed IT2-W-FBRI,Proposed,alpha,0.9,15,56,0.836435053356986,0.646740486193178,0.441426922190927,1,42,0.0064838
Proposed IT2-W-FBRI,Proposed,alpha,0.9,20,56,0.832179321849048,0.69091264060939,0.335716956707744,1,42,0.006839
Proposed IT2-W-FBRI,Proposed,alpha,0.9,40,56,0.825909057397276,0.747403065326246,0.194693404094478,1,42,0.0078899
Proposed IT2-W-FBRI,Proposed,alpha,1,0,56,0.852618699932966,0.387756738137962,0.995244075947317,1,43,0.0055838
Proposed IT2-W-FBRI,Proposed,alpha,1,5,56,0.852618699932966,0.387756738137962,0.995244075947317,1,43,0.008888
Proposed IT2-W-FBRI,Proposed,alpha,1,10,56,0.852618699932966,0.387756738137962,0.995244075947317,1,43,0.0071643
Proposed IT2-W-FBRI,Proposed,alpha,1,15,56,0.852618699932966,0.387756738137962,0.995244075947317,1,43,0.0071586
Proposed IT2-W-FBRI,Proposed,alpha,1,20,56,0.852618699932966,0.387756738137962,0.995244075947317,1,43,0.0070697
Proposed IT2-W-FBRI,Proposed,alpha,1,40,56,0.852618699932966,0.387756738137962,0.995244075947317,1,43,0.00721
Isobe-APP,Convergence SOTA,none,NaN,NaN,56,0.85272033525843,0.385343109728923,0.999952707283144,1,42,0.0036637
RQE,Robust SOTA,rqe_tau,0.5,NaN,56,0.799000848777934,0.625334500206784,0.387079009704162,1,23,0.2195557
RQE,Robust SOTA,rqe_tau,1,NaN,56,0.799029259014062,0.625262442849073,0.387301729845702,1,23,0.2518132
RQE,Robust SOTA,rqe_tau,2,NaN,56,0.79908656990064,0.62511672834369,0.387751753161038,1,23,0.2222531
RQE,Robust SOTA,rqe_tau,5,NaN,56,0.799262007068523,0.624667700009703,0.389135510165119,1,23,0.2364718
RQE,Robust SOTA,rqe_tau,10,NaN,56,0.799562890948321,0.623886952791891,0.39153077557716,1,23,0.2224481
RQE,Robust SOTA,rqe_tau,20,NaN,56,0.800169995525397,0.622271379133836,0.396447004690457,1,24,0.2330815
RQE,Robust SOTA,rqe_tau,50,NaN,56,0.801531939221981,0.61837119226527,0.408046575209918,1,24,0.2555345
MF-RQE,Robust SOTA,mfrqe_tau,0.5,NaN,56,0.786551759192602,0.649601545273691,0.305679700496965,1,22,0.225204
MF-RQE,Robust SOTA,mfrqe_tau,1,NaN,56,0.785735131027043,0.650622566348239,0.30159767495099,1,22,0.2412885
MF-RQE,Robust SOTA,mfrqe_tau,2,NaN,56,0.784131508967375,0.652580779678501,0.293680068763852,1,22,0.232072
MF-RQE,Robust SOTA,mfrqe_tau,5,NaN,56,0.779962349413284,0.657305524339657,0.273686363205582,1,21,0.1953633
MF-RQE,Robust SOTA,mfrqe_tau,10,NaN,56,0.775941341997096,0.661477058576438,0.255170663561366,1,20,0.19878
MF-RQE,Robust SOTA,mfrqe_tau,20,NaN,56,0.773775632458948,0.663588178289262,0.245498098235752,1,19,0.2142655
MF-RQE,Robust SOTA,mfrqe_tau,50,NaN,56,0.773410770053624,0.66393517564994,0.243887842033785,1,19,0.1746755
CVaR-game,Robust SOTA,cvar_alpha,0.05,NaN,56,0.740871894528831,0.731478966914709,1.14996634136185e-05,1,28,0.0919096
CVaR-game,Robust SOTA,cvar_alpha,0.1,NaN,56,0.740871894528831,0.731478966914709,1.14996634136185e-05,1,28,0.0834464
CVaR-game,Robust SOTA,cvar_alpha,0.2,NaN,56,0.740871894528831,0.731478966914709,1.14996634136185e-05,1,28,0.1112689
CVaR-game,Robust SOTA,cvar_alpha,0.3,NaN,56,0.740871894528831,0.731478966914709,1.14996634136185e-05,1,28,0.0982102
CVaR-game,Robust SOTA,cvar_alpha,0.5,NaN,56,0.852718274948271,0.385332694106622,0.999965501009759,1,28,0.0906195
CVaR-game,Robust SOTA,cvar_alpha,0.7,NaN,56,0.852718274948271,0.385332694106622,0.999965501009759,1,28,0.0952717
CVaR-game,Robust SOTA,cvar_alpha,0.9,NaN,56,0.852718274948271,0.385332694106622,0.999965501009759,1,28,0.0931511
DRNE-VI,Robust SOTA,drne_alpha,0.1,NaN,56,0.840986011756804,0.534063074713214,0.68314808412777,0,300,0.0078611
DRNE-VI,Robust SOTA,drne_alpha,0.3,NaN,56,0.83747247086828,0.563602703855621,0.614740028810854,0,300,0.0070323
DRNE-VI,Robust SOTA,drne_alpha,0.5,NaN,56,0.830807138392242,0.597713960039049,0.527848662315903,0,300,0.005959
DRNE-VI,Robust SOTA,drne_alpha,0.7,NaN,56,0.812029851961619,0.648679313452522,0.372300867869437,0,300,0.005965
DRNE-VI,Robust SOTA,drne_alpha,0.9,NaN,56,0.791777554531893,0.6978022360119,0.218513674676503,0,300,0.0060599
DRNE-VI,Robust SOTA,drne_alpha,0.95,NaN,56,0.7908662424067,0.699915329437994,0.211739533641091,0,300,0.0035242
Proposed IT2-W-FBRI,Proposed,alpha,0,0,57,0.740697218753291,0.730316554167736,8.94771097693654e-05,1,41,0.0054199
Proposed IT2-W-FBRI,Proposed,alpha,0,5,57,0.740444032463107,0.72999932572317,1.67056748579388e-05,1,46,0.0078364
Proposed IT2-W-FBRI,Proposed,alpha,0,10,57,0.740444611584626,0.729999739442698,1.39726172467911e-05,1,46,0.0076366
Proposed IT2-W-FBRI,Proposed,alpha,0,15,57,0.742107097358614,0.732081975059075,2.66573098353324e-05,1,44,0.007244
Proposed IT2-W-FBRI,Proposed,alpha,0,20,57,0.780957067339327,0.776420949817535,2.57580752547668e-05,1,44,0.006986
Proposed IT2-W-FBRI,Proposed,alpha,0,40,57,0.815819725111762,0.806683555316964,1.21092537387899e-05,1,46,0.0074473
Proposed IT2-W-FBRI,Proposed,alpha,0.1,0,57,0.742173079588586,0.732226320181509,0.0015174096924549,1,41,0.0053394
Proposed IT2-W-FBRI,Proposed,alpha,0.1,5,57,0.740444588858135,0.729999998307836,1.86251067158599e-05,1,46,0.0093994
Proposed IT2-W-FBRI,Proposed,alpha,0.1,10,57,0.740445348064294,0.730000701241108,1.58602858131116e-05,1,46,0.0075432
Proposed IT2-W-FBRI,Proposed,alpha,0.1,15,57,0.74628652986323,0.737540655983783,3.04376599337226e-05,1,44,0.0094877
Proposed IT2-W-FBRI,Proposed,alpha,0.1,20,57,0.789139199890899,0.784312222886772,2.94989343753477e-05,1,44,0.0069564
Proposed IT2-W-FBRI,Proposed,alpha,0.1,40,57,0.815821840052273,0.806685387426713,1.39203773118041e-05,1,46,0.0077426
Proposed IT2-W-FBRI,Proposed,alpha,0.2,0,57,0.758535699160628,0.733305061157696,0.0601391397951882,1,52,0.0066104
Proposed IT2-W-FBRI,Proposed,alpha,0.2,5,57,0.740445083761134,0.730000631340638,2.06917536557542e-05,1,45,0.007296
Proposed IT2-W-FBRI,Proposed,alpha,0.2,10,57,0.740451741700051,0.730008692207877,1.79468999253387e-05,1,45,0.0067663
Proposed IT2-W-FBRI,Proposed,alpha,0.2,15,57,0.754913244865289,0.747965447698459,3.46500249061247e-05,1,44,0.0072474
Proposed IT2-W-FBRI,Proposed,alpha,0.2,20,57,0.797468341741911,0.791919749584743,3.36881023822749e-05,1,44,0.0094903
Proposed IT2-W-FBRI,Proposed,alpha,0.2,40,57,0.81582352613669,0.806686889306582,1.59602657022771e-05,1,46,0.0076356
Proposed IT2-W-FBRI,Proposed,alpha,0.3,0,57,0.825178503803571,0.577660441709433,0.576249883594147,1,48,0.0062884
Proposed IT2-W-FBRI,Proposed,alpha,0.3,5,57,0.740445586316461,0.730001292214264,2.28978978541249e-05,1,44,0.0071972
Proposed IT2-W-FBRI,Proposed,alpha,0.3,10,57,0.740545535018528,0.730125170569109,2.02286583658341e-05,1,45,0.0135363
Proposed IT2-W-FBRI,Proposed,alpha,0.3,15,57,0.767512142410619,0.762572646935388,3.93219396851851e-05,1,43,0.0103188
Proposed IT2-W-FBRI,Proposed,alpha,0.3,20,57,0.805304833742722,0.798454785882416,3.83583267456533e-05,1,43,0.0091803
Proposed IT2-W-FBRI,Proposed,alpha,0.3,40,57,0.815824890339958,0.806688148340867,1.82442705673792e-05,1,46,0.0077255
Proposed IT2-W-FBRI,Proposed,alpha,0.4,0,57,0.830914383284838,0.515610846604985,0.719867341141074,1,42,0.0063993
Proposed IT2-W-FBRI,Proposed,alpha,0.4,5,57,0.740447421287583,0.730003617537406,2.52324528871123e-05,1,44,0.007229
Proposed IT2-W-FBRI,Proposed,alpha,0.4,10,57,0.741878608822988,0.731780790487824,3.24459421392492e-05,1,44,0.0073798
Proposed IT2-W-FBRI,Proposed,alpha,0.4,15,57,0.782726713894986,0.778288703792017,4.44511334686152e-05,1,43,0.0118743
Proposed IT2-W-FBRI,Proposed,alpha,0.4,20,57,0.811390059750971,0.803388020783331,4.3512489966726e-05,1,43,0.0070416
Proposed IT2-W-FBRI,Proposed,alpha,0.4,40,57,0.8158260147744,0.806689231824608,2.07876943455288e-05,1,45,0.0075369
Proposed IT2-W-FBRI,Proposed,alpha,0.5,0,57,0.832159371799301,0.468828376205686,0.817368393190107,1,42,0.0058656
Proposed IT2-W-FBRI,Proposed,alpha,0.5,5,57,0.740516428348647,0.730089325642685,2.76950297546885e-05,1,43,0.0069522
Proposed IT2-W-FBRI,Proposed,alpha,0.5,10,57,0.75243261425305,0.745182868563223,5.18329041055314e-05,1,42,0.0089769
Proposed IT2-W-FBRI,Proposed,alpha,0.5,15,57,0.798611341478488,0.79293083654601,5.00575595006859e-05,1,42,0.0086507
Proposed IT2-W-FBRI,Proposed,alpha,0.5,20,57,0.814545770960368,0.805656308060204,3.44188354450361e-05,1,44,0.0076198
Proposed IT2-W-FBRI,Proposed,alpha,0.5,40,57,0.815826962120041,0.806690190487241,2.35920237096958e-05,1,45,0.0074171
Proposed IT2-W-FBRI,Proposed,alpha,0.6,0,57,0.832495619023426,0.430897310928126,0.891987787218771,1,42,0.0054517
Proposed IT2-W-FBRI,Proposed,alpha,0.6,5,57,0.743662444770357,0.734121704843364,4.32568105329782e-05,1,42,0.0073777
Proposed IT2-W-FBRI,Proposed,alpha,0.6,10,57,0.779263610131602,0.774714477588194,4.03914352802503e-05,1,43,0.0081328
Proposed IT2-W-FBRI,Proposed,alpha,0.6,15,57,0.810872205954009,0.802991383827442,5.61225326584544e-05,1,42,0.0074118
Proposed IT2-W-FBRI,Proposed,alpha,0.6,20,57,0.815536347912307,0.806455893929002,2.71138547217184e-05,1,44,0.0114957
Proposed IT2-W-FBRI,Proposed,alpha,0.6,40,57,0.815827780095587,0.806691063372991,2.66658370146561e-05,1,44,0.009823
Proposed IT2-W-FBRI,Proposed,alpha,0.7,0,57,0.832550575384167,0.404799817069231,0.943559731710202,1,42,0.0056192
Proposed IT2-W-FBRI,Proposed,alpha,0.7,5,57,0.782991618615807,0.778337441378979,0.00132275633401613,1,42,0.0073804
Proposed IT2-W-FBRI,Proposed,alpha,0.7,10,57,0.807273079493807,0.800170300007308,5.76652147065844e-05,1,42,0.0072736
Proposed IT2-W-FBRI,Proposed,alpha,0.7,15,57,0.815176851381726,0.806165957055843,3.11273208620535e-05,1,43,0.0077312
Proposed IT2-W-FBRI,Proposed,alpha,0.7,20,57,0.815767298303268,0.806642511483889,3.04026799524986e-05,1,44,0.0075381
Proposed IT2-W-FBRI,Proposed,alpha,0.7,40,57,0.815828505004888,0.806691879266444,3.00008233906609e-05,1,44,0.0099961
Proposed IT2-W-FBRI,Proposed,alpha,0.8,0,57,0.832529230377374,0.389369044969609,0.973683090391791,1,43,0.006289
Proposed IT2-W-FBRI,Proposed,alpha,0.8,5,57,0.824820491736907,0.687226142703784,0.334583758086728,1,42,0.0071295
Proposed IT2-W-FBRI,Proposed,alpha,0.8,10,57,0.816160172724009,0.805834436960844,0.0220698745082176,1,42,0.0077602
Proposed IT2-W-FBRI,Proposed,alpha,0.8,15,57,0.815818298108734,0.806780111569003,0.0014924440422178,1,43,0.0073146
Proposed IT2-W-FBRI,Proposed,alpha,0.8,20,57,0.815825553289443,0.806705518605385,0.000272730650849895,1,43,0.0073258
Proposed IT2-W-FBRI,Proposed,alpha,0.8,40,57,0.815829751548119,0.806694217463664,5.00198307269104e-05,1,43,0.0088168
Proposed IT2-W-FBRI,Proposed,alpha,0.85,0,57,0.832515945271603,0.384784654648358,0.982582533603865,1,43,0.0079534
Proposed IT2-W-FBRI,Proposed,alpha,0.85,5,57,0.830378739701712,0.571274827365517,0.604053136761038,1,42,0.0100562
Proposed IT2-W-FBRI,Proposed,alpha,0.85,10,57,0.822739496902198,0.733770281966389,0.221140616910102,1,42,0.0075117
Proposed IT2-W-FBRI,Proposed,alpha,0.85,15,57,0.817932879016535,0.793777681988008,0.0613635849517743,1,42,0.0072532
Proposed IT2-W-FBRI,Proposed,alpha,0.85,20,57,0.816507646345484,0.806932432647478,0.0193908043842747,1,42,0.0071356
Proposed IT2-W-FBRI,Proposed,alpha,0.85,40,57,0.815929971607259,0.806792521389568,0.00284578663978462,1,43,0.0073531
Proposed IT2-W-FBRI,Proposed,alpha,0.9,0,57,0.832505174969627,0.381665229199867,0.988625360244707,1,43,0.0056934
Proposed IT2-W-FBRI,Proposed,alpha,0.9,5,57,0.832360222200662,0.458756043814254,0.837588494715817,1,42,0.0067793
Proposed IT2-W-FBRI,Proposed,alpha,0.9,10,57,0.830500467199536,0.569137037042549,0.608811487947037,1,42,0.0067068
Proposed IT2-W-FBRI,Proposed,alpha,0.9,15,57,0.827882314818342,0.64336354341843,0.44142692227073,1,42,0.0078182
Proposed IT2-W-FBRI,Proposed,alpha,0.9,20,57,0.825677278991674,0.687786650451049,0.33571695678819,1,42,0.0068809
Proposed IT2-W-FBRI,Proposed,alpha,0.9,40,57,0.822067919722327,0.744093842496265,0.194693404179229,1,42,0.0069793
Proposed IT2-W-FBRI,Proposed,alpha,1,0,57,0.832491824069336,0.378242520025635,0.995244075877457,1,43,0.0066517
Proposed IT2-W-FBRI,Proposed,alpha,1,5,57,0.832491824069336,0.378242520025635,0.995244075877457,1,43,0.0120333
Proposed IT2-W-FBRI,Proposed,alpha,1,10,57,0.832491824069336,0.378242520025635,0.995244075877457,1,43,0.0071518
Proposed IT2-W-FBRI,Proposed,alpha,1,15,57,0.832491824069336,0.378242520025635,0.995244075877457,1,43,0.0070423
Proposed IT2-W-FBRI,Proposed,alpha,1,20,57,0.832491824069336,0.378242520025635,0.995244075877457,1,43,0.0069713
Proposed IT2-W-FBRI,Proposed,alpha,1,40,57,0.832491824069336,0.378242520025635,0.995244075877457,1,43,0.0069436
Isobe-APP,Convergence SOTA,none,NaN,NaN,57,0.83248902068937,0.375814754825435,0.999952521636595,1,42,0.0039755
RQE,Robust SOTA,rqe_tau,0.5,NaN,57,0.791161129781774,0.623946972232678,0.387079009704162,1,23,0.2272942
RQE,Robust SOTA,rqe_tau,1,NaN,57,0.791185186736505,0.623872776665253,0.387301729845702,1,23,0.2265793
RQE,Robust SOTA,rqe_tau,2,NaN,57,0.791233700478396,0.623722737183323,0.387751753161038,1,23,0.2139263
RQE,Robust SOTA,rqe_tau,5,NaN,57,0.79138207930662,0.623265268079034,0.389135510165119,1,23,0.2464597
RQE,Robust SOTA,rqe_tau,10,NaN,57,0.791636095485278,0.622472073586347,0.39153077557716,1,23,0.2547524
RQE,Robust SOTA,rqe_tau,20,NaN,57,0.792146890406879,0.620831192419285,0.396447004690457,1,24,0.2803832
RQE,Robust SOTA,rqe_tau,50,NaN,57,0.793280794565064,0.616873226420955,0.408046575209918,1,24,0.2908162
MF-RQE,Robust SOTA,mfrqe_tau,0.5,NaN,57,0.780284677013597,0.648487663464607,0.305679700496965,1,22,0.2167098
MF-RQE,Robust SOTA,mfrqe_tau,1,NaN,57,0.779545500667662,0.649499556773577,0.30159767495099,1,22,0.2235064
MF-RQE,Robust SOTA,mfrqe_tau,2,NaN,57,0.778092096990433,0.651441319053117,0.293680068763852,1,22,0.2348038
MF-RQE,Robust SOTA,mfrqe_tau,5,NaN,57,0.774302243989182,0.656219039623802,0.273686363205582,1,21,0.2099091
MF-RQE,Robust SOTA,mfrqe_tau,10,NaN,57,0.77063252459559,0.660478832053805,0.255170663561366,1,20,0.2155207
MF-RQE,Robust SOTA,mfrqe_tau,20,NaN,57,0.768650352250057,0.662638347675276,0.245498098235752,1,19,0.1964492
MF-RQE,Robust SOTA,mfrqe_tau,50,NaN,57,0.768316048194396,0.662993564471808,0.243887842033785,1,19,0.1939061
CVaR-game,Robust SOTA,cvar_alpha,0.05,NaN,57,0.740444332113997,0.729998438807308,1.14996634136185e-05,1,28,0.088142
CVaR-game,Robust SOTA,cvar_alpha,0.1,NaN,57,0.740444332113997,0.729998438807308,1.14996634136185e-05,1,28,0.0870269
CVaR-game,Robust SOTA,cvar_alpha,0.2,NaN,57,0.740444332113997,0.729998438807308,1.14996634136185e-05,1,28,0.0909249
CVaR-game,Robust SOTA,cvar_alpha,0.3,NaN,57,0.740444332113997,0.729998438807308,1.14996634136185e-05,1,28,0.090316
CVaR-game,Robust SOTA,cvar_alpha,0.5,NaN,57,0.832486611926758,0.375804637591341,0.999965501009759,1,28,0.0955483
CVaR-game,Robust SOTA,cvar_alpha,0.7,NaN,57,0.832486611926758,0.375804637591341,0.999965501009759,1,28,0.0919139
CVaR-game,Robust SOTA,cvar_alpha,0.9,NaN,57,0.832486611926758,0.375804637591341,0.999965501009759,1,28,0.1004072
DRNE-VI,Robust SOTA,drne_alpha,0.1,NaN,57,0.827480703764325,0.528882421215128,0.68314808412777,0,300,0.011117
DRNE-VI,Robust SOTA,drne_alpha,0.3,NaN,57,0.825359352096076,0.559179896380325,0.614740028810854,0,300,0.0074598
DRNE-VI,Robust SOTA,drne_alpha,0.5,NaN,57,0.820411047822462,0.594509324495059,0.527848662315903,0,300,0.0074342
DRNE-VI,Robust SOTA,drne_alpha,0.7,NaN,57,0.804609330920393,0.646675372627126,0.372300867869437,0,300,0.007408
DRNE-VI,Robust SOTA,drne_alpha,0.9,NaN,57,0.78731503748182,0.695303190079182,0.218513674676503,0,300,0.0062414
DRNE-VI,Robust SOTA,drne_alpha,0.95,NaN,57,0.786534723653986,0.69739396717285,0.211739533641091,0,300,0.0034576
Proposed IT2-W-FBRI,Proposed,alpha,0,0,58,0.740877960179099,0.73098406560952,8.94771728260426e-05,1,41,0.0056211
Proposed IT2-W-FBRI,Proposed,alpha,0,5,58,0.740628090973765,0.730700439420897,1.67056841913848e-05,1,46,0.0078448
Proposed IT2-W-FBRI,Proposed,alpha,0,10,58,0.740628641190922,0.730701543115715,1.39726276873758e-05,1,46,0.0076923
Proposed IT2-W-FBRI,Proposed,alpha,0,15,58,0.742264032759313,0.732682443995555,2.66573319204867e-05,1,44,0.0076187
Proposed IT2-W-FBRI,Proposed,alpha,0,20,58,0.780687163102463,0.776052457608794,2.57580977319316e-05,1,44,0.0074118
Proposed IT2-W-FBRI,Proposed,alpha,0,40,58,0.815550344150254,0.807688831495817,1.21092650926194e-05,1,46,0.0102953
Proposed IT2-W-FBRI,Proposed,alpha,0.1,0,58,0.742346358103413,0.732527562273026,0.00151740973212885,1,41,0.0054787
Proposed IT2-W-FBRI,Proposed,alpha,0.1,5,58,0.740628667609963,0.730700624690817,1.86251160060877e-05,1,46,0.011448
Proposed IT2-W-FBRI,Proposed,alpha,0.1,10,58,0.740629389975717,0.730701998131094,1.58602960987496e-05,1,46,0.0076249
Proposed IT2-W-FBRI,Proposed,alpha,0.1,15,58,0.746378280951342,0.73784048442387,3.04376816881835e-05,1,44,0.0103383
Proposed IT2-W-FBRI,Proposed,alpha,0.1,20,58,0.788834314471111,0.78413869258377,2.94989565401886e-05,1,44,0.0071547
Proposed IT2-W-FBRI,Proposed,alpha,0.1,40,58,0.815552487875825,0.80769053635501,1.39203885458132e-05,1,46,0.0074599
Proposed IT2-W-FBRI,Proposed,alpha,0.2,0,58,0.759137700282795,0.73389929861674,0.0601391392681019,1,52,0.0065881
Proposed IT2-W-FBRI,Proposed,alpha,0.2,5,58,0.740629183421558,0.730700730160557,2.06917673036393e-05,1,45,0.009796
Proposed IT2-W-FBRI,Proposed,alpha,0.2,10,58,0.740635704739294,0.73070908532605,1.79469147280319e-05,1,45,0.0075974
Proposed IT2-W-FBRI,Proposed,alpha,0.2,15,58,0.754884543412042,0.747935695363705,3.46500464253659e-05,1,44,0.0093445
Proposed IT2-W-FBRI,Proposed,alpha,0.2,20,58,0.797149299404802,0.792051010011384,3.36881243216683e-05,1,44,0.0075198
Proposed IT2-W-FBRI,Proposed,alpha,0.2,40,58,0.815554202270447,0.807691938557986,1.59602768519706e-05,1,46,0.0068414
Proposed IT2-W-FBRI,Proposed,alpha,0.3,0,58,0.830652352634858,0.579209645550408,0.576249883388279,1,48,0.0060772
Proposed IT2-W-FBRI,Proposed,alpha,0.3,5,58,0.740629707555494,0.730700825292674,2.28979180337545e-05,1,44,0.0115454
Proposed IT2-W-FBRI,Proposed,alpha,0.3,10,58,0.740727976536041,0.73081924259886,2.02286731318989e-05,1,45,0.0073264
Proposed IT2-W-FBRI,Proposed,alpha,0.3,15,58,0.76734307314167,0.762012292482728,3.9321970743354e-05,1,43,0.0068644
Proposed IT2-W-FBRI,Proposed,alpha,0.3,20,58,0.804993089404507,0.798930371619948,3.83583583804025e-05,1,43,0.0069475
Proposed IT2-W-FBRI,Proposed,alpha,0.3,40,58,0.815555595079274,0.807693118826251,1.8244281678828e-05,1,46,0.0073544
Proposed IT2-W-FBRI,Proposed,alpha,0.4,0,58,0.837838512632292,0.517877445004712,0.719867341043375,1,42,0.006611
Proposed IT2-W-FBRI,Proposed,alpha,0.4,5,58,0.740631543222074,0.730702469779329,2.52324734464145e-05,1,44,0.0073344
Proposed IT2-W-FBRI,Proposed,alpha,0.4,10,58,0.742039359069268,0.732414545356525,3.24459633453616e-05,1,44,0.0073342
Proposed IT2-W-FBRI,Proposed,alpha,0.4,15,58,0.7824477063481,0.777806666730256,4.44511645938629e-05,1,43,0.0073123
Proposed IT2-W-FBRI,Proposed,alpha,0.4,20,58,0.811098337783657,0.804067028477278,4.35125216487148e-05,1,43,0.0069147
Proposed IT2-W-FBRI,Proposed,alpha,0.4,40,58,0.815556749040524,0.80769413933864,2.07877104457158e-05,1,45,0.0073747
Proposed IT2-W-FBRI,Proposed,alpha,0.5,0,58,0.840094051320543,0.47131615023279,0.817368393137501,1,42,0.005383
Proposed IT2-W-FBRI,Proposed,alpha,0.5,5,58,0.740699441392781,0.730783337200141,2.76950604810462e-05,1,43,0.0075219
Proposed IT2-W-FBRI,Proposed,alpha,0.5,10,58,0.752436784609342,0.744866825441032,5.18329487057708e-05,1,42,0.006978
Proposed IT2-W-FBRI,Proposed,alpha,0.5,15,58,0.798292252316406,0.793097335778414,5.00576050742854e-05,1,42,0.0071481
Proposed IT2-W-FBRI,Proposed,alpha,0.5,20,58,0.814269378795031,0.806616322240997,3.44188578153609e-05,1,44,0.0075356
Proposed IT2-W-FBRI,Proposed,alpha,0.5,40,58,0.815557727212062,0.807695046921441,2.35920399227897e-05,1,45,0.0089883
Proposed IT2-W-FBRI,Proposed,alpha,0.6,0,58,0.841214984755464,0.43413223733119,0.891987787180323,1,42,0.0053356
Proposed IT2-W-FBRI,Proposed,alpha,0.6,5,58,0.743794841662821,0.73450466403872,4.32568558142762e-05,1,42,0.0067934
Proposed IT2-W-FBRI,Proposed,alpha,0.6,10,58,0.779003645220833,0.774377477274619,4.0391467185269e-05,1,43,0.006964
Proposed IT2-W-FBRI,Proposed,alpha,0.6,15,58,0.810578401012248,0.80364349897027,5.61225790362651e-05,1,42,0.0068059
Proposed IT2-W-FBRI,Proposed,alpha,0.6,20,58,0.815265441857678,0.807472798699671,2.71138777531321e-05,1,44,0.0071633
Proposed IT2-W-FBRI,Proposed,alpha,0.6,40,58,0.815558577678771,0.807695877623292,2.66658607368427e-05,1,44,0.0072422
Proposed IT2-W-FBRI,Proposed,alpha,0.7,0,58,0.841817326967583,0.408212100832237,0.943559731690825,1,42,0.005452
Proposed IT2-W-FBRI,Proposed,alpha,0.7,5,58,0.782724735748227,0.778135646759346,0.00132275637765173,1,42,0.0077935
Proposed IT2-W-FBRI,Proposed,alpha,0.7,10,58,0.80696655644707,0.800619472827962,5.7665262231057e-05,1,42,0.0068809
Proposed IT2-W-FBRI,Proposed,alpha,0.7,15,58,0.814903916314195,0.807151216446408,3.11273545558345e-05,1,43,0.006978
Proposed IT2-W-FBRI,Proposed,alpha,0.7,20,58,0.815497773209837,0.80765112579022,3.04027035181336e-05,1,44,0.0072064
Proposed IT2-W-FBRI,Proposed,alpha,0.7,40,58,0.815559336876236,0.807696657959281,3.00008475380351e-05,1,44,0.0073062
Proposed IT2-W-FBRI,Proposed,alpha,0.8,0,58,0.842117573010264,0.392900815263612,0.973683090397774,1,43,0.0054349
Proposed IT2-W-FBRI,Proposed,alpha,0.8,5,58,0.827834432706544,0.688788839400483,0.334583758002178,1,42,0.0070375
Proposed IT2-W-FBRI,Proposed,alpha,0.8,10,58,0.816102503477911,0.806612968174048,0.0220698744812,1,42,0.0067456
Proposed IT2-W-FBRI,Proposed,alpha,0.8,15,58,0.815562945750539,0.807787503895891,0.00149244407174877,1,43,0.0070326
Proposed IT2-W-FBRI,Proposed,alpha,0.8,20,58,0.815558669159779,0.807710816189187,0.000272730685012845,1,43,0.0070537
Proposed IT2-W-FBRI,Proposed,alpha,0.8,40,58,0.815560778952927,0.807698950910202,5.00198662715664e-05,1,43,0.0071431
Proposed IT2-W-FBRI,Proposed,alpha,0.85,0,58,0.842199558680763,0.388307409857494,0.982582533619117,1,43,0.0064665
Proposed IT2-W-FBRI,Proposed,alpha,0.85,5,58,0.836106435613347,0.572914791949666,0.604053136702187,1,42,0.0065102
Proposed IT2-W-FBRI,Proposed,alpha,0.85,10,58,0.824630289738566,0.735320796513541,0.221140616834589,1,42,0.0097825
Proposed IT2-W-FBRI,Proposed,alpha,0.85,15,58,0.818259589792371,0.795828184150606,0.0613635848864333,1,42,0.0068649
Proposed IT2-W-FBRI,Proposed,alpha,0.85,20,58,0.816426337418443,0.807383458158512,0.0193908043741669,1,42,0.0069306
Proposed IT2-W-FBRI,Proposed,alpha,0.85,40,58,0.815688116729434,0.807961707984887,0.00284578666902014,1,43,0.0074104
Proposed IT2-W-FBRI,Proposed,alpha,0.9,0,58,0.842253546427394,0.385180954466188,0.988625360267426,1,43,0.0062407
Proposed IT2-W-FBRI,Proposed,alpha,0.9,5,58,0.840505900373316,0.461438959377367,0.837588494676199,1,42,0.0067537
Proposed IT2-W-FBRI,Proposed,alpha,0.9,10,58,0.836276412079253,0.570828361995104,0.608811487896922,1,42,0.0070374
Proposed IT2-W-FBRI,Proposed,alpha,0.9,15,58,0.831962950861009,0.644837950492112,0.441426922217958,1,42,0.0067112
Proposed IT2-W-FBRI,Proposed,alpha,0.9,20,58,0.828701762757049,0.689332501268591,0.335716956736461,1,42,0.0085658
Proposed IT2-W-FBRI,Proposed,alpha,0.9,40,58,0.823698642686178,0.745799385483431,0.194693404421245,1,43,0.0071403
Proposed IT2-W-FBRI,Proposed,alpha,1,0,58,0.84231118776264,0.381749712069829,0.995244075909479,1,43,0.0055051
Proposed IT2-W-FBRI,Proposed,alpha,1,5,58,0.84231118776264,0.381749712069829,0.995244075909479,1,43,0.0082174
Proposed IT2-W-FBRI,Proposed,alpha,1,10,58,0.84231118776264,0.381749712069829,0.995244075909479,1,43,0.0086746
Proposed IT2-W-FBRI,Proposed,alpha,1,15,58,0.84231118776264,0.381749712069829,0.995244075909479,1,43,0.0072075
Proposed IT2-W-FBRI,Proposed,alpha,1,20,58,0.84231118776264,0.381749712069829,0.995244075909479,1,43,0.0068869
Proposed IT2-W-FBRI,Proposed,alpha,1,40,58,0.84231118776264,0.381749712069829,0.995244075909479,1,43,0.0069876
Isobe-APP,Convergence SOTA,none,NaN,NaN,58,0.84235883809213,0.379316663718602,0.999952639356912,1,42,0.0038391
RQE,Robust SOTA,rqe_tau,0.5,NaN,58,0.794909701401609,0.624389816509483,0.387079009704162,1,23,0.2298106
RQE,Robust SOTA,rqe_tau,1,NaN,58,0.794935936336036,0.624315238600429,0.387301729845702,1,23,0.2372413
RQE,Robust SOTA,rqe_tau,2,NaN,58,0.794988851332151,0.624164430377947,0.387751753161038,1,23,0.2194858
RQE,Robust SOTA,rqe_tau,5,NaN,58,0.795150767383798,0.623699733308536,0.389135510165119,1,23,0.2396159
RQE,Robust SOTA,rqe_tau,10,NaN,58,0.795428230699611,0.6228918412955,0.39153077557716,1,23,0.2233896
RQE,Robust SOTA,rqe_tau,20,NaN,58,0.795987204013128,0.621220452413869,0.396447004690457,1,24,0.2385984
RQE,Robust SOTA,rqe_tau,50,NaN,58,0.79723517936642,0.617188232435636,0.408046575209918,1,24,0.2919053
MF-RQE,Robust SOTA,mfrqe_tau,0.5,NaN,58,0.783245464140124,0.648795106916475,0.305679700496965,1,22,0.2228922
MF-RQE,Robust SOTA,mfrqe_tau,1,NaN,58,0.782467722637182,0.649799142344076,0.30159767495099,1,22,0.2071814
MF-RQE,Robust SOTA,mfrqe_tau,2,NaN,58,0.780939540472701,0.651726401537218,0.293680068763852,1,22,0.2276898
MF-RQE,Robust SOTA,mfrqe_tau,5,NaN,58,0.776960992497644,0.656394076913545,0.273686363205582,1,21,0.1891546
MF-RQE,Robust SOTA,mfrqe_tau,10,NaN,58,0.773116693935855,0.660532117787287,0.255170663561366,1,20,0.1932006
MF-RQE,Robust SOTA,mfrqe_tau,20,NaN,58,0.77104338876961,0.662628867193069,0.245498098235752,1,19,0.1914927
MF-RQE,Robust SOTA,mfrqe_tau,50,NaN,58,0.770693916398633,0.662973693909388,0.243887842033785,1,19,0.1755694
CVaR-game,Robust SOTA,cvar_alpha,0.05,NaN,58,0.74062839518033,0.730701080929512,1.14996634136185e-05,1,28,0.0798326
CVaR-game,Robust SOTA,cvar_alpha,0.1,NaN,58,0.74062839518033,0.730701080929512,1.14996634136185e-05,1,28,0.0823768
CVaR-game,Robust SOTA,cvar_alpha,0.2,NaN,58,0.74062839518033,0.730701080929512,1.14996634136185e-05,1,28,0.0938989
CVaR-game,Robust SOTA,cvar_alpha,0.3,NaN,58,0.74062839518033,0.730701080929512,1.14996634136185e-05,1,28,0.0894204
CVaR-game,Robust SOTA,cvar_alpha,0.5,NaN,58,0.842356595226694,0.379306195466812,0.999965501009759,1,28,0.0925718
CVaR-game,Robust SOTA,cvar_alpha,0.7,NaN,58,0.842356595226694,0.379306195466812,0.999965501009759,1,28,0.0892782
CVaR-game,Robust SOTA,cvar_alpha,0.9,NaN,58,0.842356595226694,0.379306195466812,0.999965501009759,1,28,0.0915616
DRNE-VI,Robust SOTA,drne_alpha,0.1,NaN,58,0.834051114486426,0.530960703297064,0.68314808412777,0,300,0.0060367
DRNE-VI,Robust SOTA,drne_alpha,0.3,NaN,58,0.831233633629795,0.561040762982942,0.614740028810854,0,300,0.0060033
DRNE-VI,Robust SOTA,drne_alpha,0.5,NaN,58,0.825417721687445,0.595821986089067,0.527848662315903,0,300,0.0061317
DRNE-VI,Robust SOTA,drne_alpha,0.7,NaN,58,0.808105339776674,0.647073383722758,0.372300867869437,0,300,0.0061794
DRNE-VI,Robust SOTA,drne_alpha,0.9,NaN,58,0.789321415225528,0.695768415104641,0.218513674676503,0,300,0.0060944
DRNE-VI,Robust SOTA,drne_alpha,0.95,NaN,58,0.788475396108374,0.69794749310144,0.211739533641091,0,300,0.0033115
Proposed IT2-W-FBRI,Proposed,alpha,0,0,59,0.740743644713998,0.730124004639773,8.94772030229601e-05,1,41,0.0053214
Proposed IT2-W-FBRI,Proposed,alpha,0,5,59,0.74049315413106,0.729808729025608,1.67056916696104e-05,1,46,0.0074461
Proposed IT2-W-FBRI,Proposed,alpha,0,10,59,0.740493721762807,0.729809051473884,1.39726339775196e-05,1,46,0.0098687
Proposed IT2-W-FBRI,Proposed,alpha,0,15,59,0.742137375750588,0.731851472437038,2.6657343939967e-05,1,44,0.0072545
Proposed IT2-W-FBRI,Proposed,alpha,0,20,59,0.780614670204669,0.776144036256848,2.57581093634152e-05,1,44,0.0071967
Proposed IT2-W-FBRI,Proposed,alpha,0,40,59,0.815268371831219,0.806906437780728,1.21092704649556e-05,1,46,0.0108618
Proposed IT2-W-FBRI,Proposed,alpha,0.1,0,59,0.742206422462594,0.732018713140723,0.00151740977890546,1,41,0.0062826
Proposed IT2-W-FBRI,Proposed,alpha,0.1,5,59,0.740493710323656,0.72980939871116,1.86251233635822e-05,1,46,0.0074621
Proposed IT2-W-FBRI,Proposed,alpha,0.1,10,59,0.740494455120423,0.72981002399455,1.58603024289416e-05,1,46,0.0074438
Proposed IT2-W-FBRI,Proposed,alpha,0.1,15,59,0.746270424180723,0.736821873600888,3.04376938369251e-05,1,44,0.0071535
Proposed IT2-W-FBRI,Proposed,alpha,0.1,20,59,0.788736251879701,0.784540369975436,2.94989682980361e-05,1,44,0.0071683
Proposed IT2-W-FBRI,Proposed,alpha,0.1,40,59,0.815270480841927,0.806908166523322,1.39203939553969e-05,1,46,0.0075001
Proposed IT2-W-FBRI,Proposed,alpha,0.2,0,59,0.758529651908232,0.734317485289166,0.0601391396282246,1,52,0.0066932
Proposed IT2-W-FBRI,Proposed,alpha,0.2,5,59,0.740494205751318,0.729810039007985,2.06917771594801e-05,1,45,0.0071744
Proposed IT2-W-FBRI,Proposed,alpha,0.2,10,59,0.740500781638239,0.729817963276956,1.79469234524966e-05,1,45,0.007098
Proposed IT2-W-FBRI,Proposed,alpha,0.2,15,59,0.754805998478753,0.747411938398255,3.46500585490034e-05,1,44,0.0072776
Proposed IT2-W-FBRI,Proposed,alpha,0.2,20,59,0.797010775891905,0.792251849395493,3.36881360599541e-05,1,44,0.0070134
Proposed IT2-W-FBRI,Proposed,alpha,0.2,40,59,0.815272163074822,0.806909591146269,1.59602822341821e-05,1,46,0.0075842
Proposed IT2-W-FBRI,Proposed,alpha,0.3,0,59,0.825318062280439,0.578662657498396,0.576249883523829,1,48,0.0086155
Proposed IT2-W-FBRI,Proposed,alpha,0.3,5,59,0.740494708961009,0.729810712044337,2.28979310331933e-05,1,44,0.0071644
Proposed IT2-W-FBRI,Proposed,alpha,0.3,10,59,0.740593511832554,0.729933379295684,2.0228681658371e-05,1,45,0.0072115
Proposed IT2-W-FBRI,Proposed,alpha,0.3,15,59,0.767283390479565,0.761778332136821,3.93219873007597e-05,1,43,0.0070407
Proposed IT2-W-FBRI,Proposed,alpha,0.3,20,59,0.804802633006974,0.79885648335817,3.83583744283779e-05,1,43,0.007051
Proposed IT2-W-FBRI,Proposed,alpha,0.3,40,59,0.815273525092825,0.806910793147262,1.82442869553809e-05,1,46,0.007767
Proposed IT2-W-FBRI,Proposed,alpha,0.4,0,59,0.8311319139998,0.518127707096666,0.719867341151225,1,42,0.0058865
Proposed IT2-W-FBRI,Proposed,alpha,0.4,5,59,0.740496529661174,0.729813037309594,2.5232485643713e-05,1,44,0.0107843
Proposed IT2-W-FBRI,Proposed,alpha,0.4,10,59,0.741911488969761,0.731570891523559,3.24459750237155e-05,1,44,0.0076478
Proposed IT2-W-FBRI,Proposed,alpha,0.4,15,59,0.782370691185361,0.778003920526696,4.44511805591604e-05,1,43,0.0078408
Proposed IT2-W-FBRI,Proposed,alpha,0.4,20,59,0.810857902391957,0.80373454710879,4.35125371389099e-05,1,43,0.007643
Proposed IT2-W-FBRI,Proposed,alpha,0.4,40,59,0.815274648697947,0.806911835325481,2.07877175182842e-05,1,45,0.0108262
Proposed IT2-W-FBRI,Proposed,alpha,0.5,0,59,0.832440919840595,0.471843296642453,0.817368393215323,1,42,0.0104843
Proposed IT2-W-FBRI,Proposed,alpha,0.5,5,59,0.740564756751026,0.729897971803815,2.76950759934382e-05,1,43,0.0083455
Proposed IT2-W-FBRI,Proposed,alpha,0.5,10,59,0.752350974666611,0.744334744131085,5.18329704245734e-05,1,42,0.007322
Proposed IT2-W-FBRI,Proposed,alpha,0.5,15,59,0.798146877676055,0.793269736932924,5.00576260034022e-05,1,42,0.0087793
Proposed IT2-W-FBRI,Proposed,alpha,0.5,20,59,0.813999724692529,0.805969402576607,3.44188680451681e-05,1,44,0.0087995
Proposed IT2-W-FBRI,Proposed,alpha,0.5,40,59,0.815275596316301,0.806912764910104,2.35920465921318e-05,1,45,0.0091736
Proposed IT2-W-FBRI,Proposed,alpha,0.6,0,59,0.832825745453618,0.435248193558229,0.891987787245778,1,42,0.0056592
Proposed IT2-W-FBRI,Proposed,alpha,0.6,5,59,0.743675342408631,0.733760868971087,4.32568756826177e-05,1,42,0.0069751
Proposed IT2-W-FBRI,Proposed,alpha,0.6,10,59,0.778934605084006,0.774381609508297,4.03914810445882e-05,1,43,0.0102931
Proposed IT2-W-FBRI,Proposed,alpha,0.6,15,59,0.810342454067561,0.80331002441439,5.61225982281685e-05,1,42,0.0068608
Proposed IT2-W-FBRI,Proposed,alpha,0.6,20,59,0.814986172397432,0.806694781513387,2.71138869112063e-05,1,44,0.007714
Proposed IT2-W-FBRI,Proposed,alpha,0.6,40,59,0.815276415487147,0.806913618316697,2.66658692872665e-05,1,44,0.007394
Proposed IT2-W-FBRI,Proposed,alpha,0.7,0,59,0.832912908025676,0.4087814257818,0.943559731741189,1,42,0.0061948
Proposed IT2-W-FBRI,Proposed,alpha,0.7,5,59,0.78263607012142,0.778264896292847,0.00132275639280357,1,42,0.0069646
Proposed IT2-W-FBRI,Proposed,alpha,0.7,10,59,0.806760755601518,0.800331035879547,5.76652792468779e-05,1,42,0.0069296
Proposed IT2-W-FBRI,Proposed,alpha,0.7,15,59,0.814628161459304,0.806424811777793,3.11273661804288e-05,1,43,0.0069884
Proposed IT2-W-FBRI,Proposed,alpha,0.7,20,59,0.81521618510622,0.806868498656941,3.04027116353154e-05,1,44,0.007116
Proposed IT2-W-FBRI,Proposed,alpha,0.7,40,59,0.815277142352636,0.806914422234368,3.00008551478292e-05,1,44,0.0071783
Proposed IT2-W-FBRI,Proposed,alpha,0.8,0,59,0.832909748270623,0.393345740738867,0.973683089629305,1,42,0.0049092
Proposed IT2-W-FBRI,Proposed,alpha,0.8,5,59,0.82468705639841,0.687980174809969,0.334583758099858,1,42,0.0066108
Proposed IT2-W-FBRI,Proposed,alpha,0.8,10,59,0.815641465317163,0.805823938919585,0.0220698745516638,1,42,0.0105659
Proposed IT2-W-FBRI,Proposed,alpha,0.8,15,59,0.815269247353699,0.807014264038588,0.00149244408572036,1,43,0.010973
Proposed IT2-W-FBRI,Proposed,alpha,0.8,20,59,0.815274579336258,0.806930066820048,0.000272730695329144,1,43,0.0071526
Proposed IT2-W-FBRI,Proposed,alpha,0.8,40,59,0.815278414624405,0.806916845628198,5.00198754414291e-05,1,43,0.0074107
Proposed IT2-W-FBRI,Proposed,alpha,0.85,0,59,0.832901745078345,0.388771221217339,0.982582533635837,1,43,0.0054386
Proposed IT2-W-FBRI,Proposed,alpha,0.85,5,59,0.830496654776294,0.572322202448168,0.604053136787479,1,42,0.0085176
Proposed IT2-W-FBRI,Proposed,alpha,0.85,10,59,0.822473633795848,0.733227914530449,0.221140616937316,1,42,0.0069301
Proposed IT2-W-FBRI,Proposed,alpha,0.85,15,59,0.81746587323953,0.793777910270911,0.0613635849843673,1,42,0.0066014
Proposed IT2-W-FBRI,Proposed,alpha,0.85,20,59,0.815983360581586,0.806645066442999,0.0193908044314909,1,42,0.0071134
Proposed IT2-W-FBRI,Proposed,alpha,0.85,40,59,0.815382564389688,0.807197623489097,0.00284578668206538,1,43,0.0068727
Proposed IT2-W-FBRI,Proposed,alpha,0.9,0,59,0.832894536546176,0.385659020929089,0.988625360279851,1,43,0.0055871
Proposed IT2-W-FBRI,Proposed,alpha,0.9,5,59,0.832654242224172,0.462134367218726,0.837588494742429,1,42,0.0069228
Proposed IT2-W-FBRI,Proposed,alpha,0.9,10,59,0.830621803883898,0.570259737917463,0.608811487973919,1,42,0.0080199
Proposed IT2-W-FBRI,Proposed,alpha,0.9,15,59,0.827852327951999,0.644155227506847,0.441426922297717,1,42,0.0068617
Proposed IT2-W-FBRI,Proposed,alpha,0.9,20,59,0.825539500254863,0.688537793146627,0.335716956815137,1,42,0.0071667
Proposed IT2-W-FBRI,Proposed,alpha,0.9,40,59,0.821770244197247,0.743446984350931,0.19469340420581,1,42,0.0068428
Proposed IT2-W-FBRI,Proposed,alpha,1,0,59,0.832885063984557,0.382244714598685,0.995244075916757,1,43,0.0068626
Proposed IT2-W-FBRI,Proposed,alpha,1,5,59,0.832885063984557,0.382244714598685,0.995244075916757,1,43,0.006581
Proposed IT2-W-FBRI,Proposed,alpha,1,10,59,0.832885063984557,0.382244714598685,0.995244075916757,1,43,0.0066889
Proposed IT2-W-FBRI,Proposed,alpha,1,15,59,0.832885063984557,0.382244714598685,0.995244075916757,1,43,0.0063537
Proposed IT2-W-FBRI,Proposed,alpha,1,20,59,0.832885063984557,0.382244714598685,0.995244075916757,1,43,0.0069445
Proposed IT2-W-FBRI,Proposed,alpha,1,40,59,0.832885063984557,0.382244714598685,0.995244075916757,1,43,0.0069853
Isobe-APP,Convergence SOTA,none,NaN,NaN,59,0.832884938673079,0.379823340537978,0.999952580206905,1,42,0.0038714
RQE,Robust SOTA,rqe_tau,0.5,NaN,59,0.791336001534403,0.623796508477704,0.387079009704162,1,23,0.2308637
RQE,Robust SOTA,rqe_tau,1,NaN,59,0.791360163872471,0.623724283161308,0.387301729845702,1,23,0.2223655
RQE,Robust SOTA,rqe_tau,2,NaN,59,0.791408891134631,0.623578233489095,0.387751753161038,1,23,0.2215016
RQE,Robust SOTA,rqe_tau,5,NaN,59,0.791557931366664,0.623128209796326,0.389135510165119,1,23,0.2328238
RQE,Robust SOTA,rqe_tau,10,NaN,59,0.791813109647529,0.622345865746995,0.39153077557716,1,23,0.2554746
RQE,Robust SOTA,rqe_tau,20,NaN,59,0.792326353210607,0.620722699655622,0.396447004690457,1,24,0.2329251
RQE,Robust SOTA,rqe_tau,50,NaN,59,0.793466488791291,0.616787249120272,0.408046575209918,1,24,0.2599403
MF-RQE,Robust SOTA,mfrqe_tau,0.5,NaN,59,0.780434540708557,0.648627236705863,0.305679700496965,1,22,0.2156971
MF-RQE,Robust SOTA,mfrqe_tau,1,NaN,59,0.77969535800534,0.649639706821711,0.30159767495099,1,22,0.2190299
MF-RQE,Robust SOTA,mfrqe_tau,2,NaN,59,0.778242034074834,0.651582816944182,0.293680068763852,1,22,0.273022
MF-RQE,Robust SOTA,mfrqe_tau,5,NaN,59,0.774452958929778,0.656364595440872,0.273686363205582,1,21,0.1913989
MF-RQE,Robust SOTA,mfrqe_tau,10,NaN,59,0.770784761464288,0.660542330312403,0.255170663561366,1,20,0.1932811
MF-RQE,Robust SOTA,mfrqe_tau,20,NaN,59,0.768803724329955,0.662635629116125,0.245498098235752,1,19,0.2109757
MF-RQE,Robust SOTA,mfrqe_tau,50,NaN,59,0.768469632275518,0.66297982779507,0.243887842033785,1,19,0.1975541
CVaR-game,Robust SOTA,cvar_alpha,0.05,NaN,59,0.740493448976877,0.729807514268146,1.14996634136185e-05,1,28,0.0908356
CVaR-game,Robust SOTA,cvar_alpha,0.1,NaN,59,0.740493448976877,0.729807514268146,1.14996634136185e-05,1,28,0.0865609
CVaR-game,Robust SOTA,cvar_alpha,0.2,NaN,59,0.740493448976877,0.729807514268146,1.14996634136185e-05,1,28,0.0856755
CVaR-game,Robust SOTA,cvar_alpha,0.3,NaN,59,0.740493448976877,0.729807514268146,1.14996634136185e-05,1,28,0.0899685
CVaR-game,Robust SOTA,cvar_alpha,0.5,NaN,59,0.83288255670384,0.379813235071996,0.999965501009759,1,28,0.0899904
CVaR-game,Robust SOTA,cvar_alpha,0.7,NaN,59,0.83288255670384,0.379813235071996,0.999965501009759,1,28,0.0920879
CVaR-game,Robust SOTA,cvar_alpha,0.9,NaN,59,0.83288255670384,0.379813235071996,0.999965501009759,1,28,0.0928465
DRNE-VI,Robust SOTA,drne_alpha,0.1,NaN,59,0.827696967097561,0.531309700664696,0.68314808412777,0,300,0.0066301
DRNE-VI,Robust SOTA,drne_alpha,0.3,NaN,59,0.825531502217158,0.561048885355534,0.614740028810854,0,300,0.0079023
DRNE-VI,Robust SOTA,drne_alpha,0.5,NaN,59,0.820539135163511,0.594829738695674,0.527848662315903,0,300,0.0079617
DRNE-VI,Robust SOTA,drne_alpha,0.7,NaN,59,0.804692689752833,0.646835873554377,0.372300867869437,0,300,0.0058596
DRNE-VI,Robust SOTA,drne_alpha,0.9,NaN,59,0.787323615505128,0.695179822966947,0.218513674676503,0,300,0.0069515
DRNE-VI,Robust SOTA,drne_alpha,0.95,NaN,59,0.786539047654107,0.697291899617547,0.211739533641091,0,300,0.0032804
Proposed IT2-W-FBRI,Proposed,alpha,0,0,60,0.740365810675766,0.729840210422321,8.94772295570961e-05,1,41,0.0071227
Proposed IT2-W-FBRI,Proposed,alpha,0,5,60,0.740113811223174,0.729497061327712,1.67057000571503e-05,1,46,0.0074295
Proposed IT2-W-FBRI,Proposed,alpha,0,10,60,0.740114333127143,0.729497451400916,1.39726404919609e-05,1,46,0.0079412
Proposed IT2-W-FBRI,Proposed,alpha,0,15,60,0.741760738939713,0.731774183123953,2.66573559427558e-05,1,44,0.0071218
Proposed IT2-W-FBRI,Proposed,alpha,0,20,60,0.780529485434491,0.775695009272244,2.57581208325639e-05,1,44,0.0080146
Proposed IT2-W-FBRI,Proposed,alpha,0,40,60,0.815855927364319,0.806712060031551,1.21092757446465e-05,1,46,0.007431
Proposed IT2-W-FBRI,Proposed,alpha,0.1,0,60,0.741853894405937,0.731911420866937,0.00151740984407549,1,41,0.0073176
Proposed IT2-W-FBRI,Proposed,alpha,0.1,5,60,0.74011439793622,0.729497720775544,1.86251314323174e-05,1,46,0.010458
Proposed IT2-W-FBRI,Proposed,alpha,0.1,10,60,0.740115097541309,0.729498457252166,1.58603088764981e-05,1,46,0.0076629
Proposed IT2-W-FBRI,Proposed,alpha,0.1,15,60,0.745903691910033,0.737390982064298,3.04377058056436e-05,1,44,0.0115444
Proposed IT2-W-FBRI,Proposed,alpha,0.1,20,60,0.78877226396773,0.783375426325092,2.94989797603724e-05,1,44,0.0073366
Proposed IT2-W-FBRI,Proposed,alpha,0.1,40,60,0.815858110255711,0.806713792926747,1.39203992303651e-05,1,46,0.0074082
Proposed IT2-W-FBRI,Proposed,alpha,0.2,0,60,0.759155272646428,0.732967002597686,0.0601391408787608,1,52,0.0068784
Proposed IT2-W-FBRI,Proposed,alpha,0.2,5,60,0.740114926558317,0.729498350255563,2.0691787501088e-05,1,45,0.0073584
Proposed IT2-W-FBRI,Proposed,alpha,0.2,10,60,0.740121465605099,0.729507087124232,1.79469320046653e-05,1,45,0.0067097
Proposed IT2-W-FBRI,Proposed,alpha,0.2,15,60,0.754475615161873,0.747741575109441,3.4658676281145e-05,1,43,0.0068626
Proposed IT2-W-FBRI,Proposed,alpha,0.2,20,60,0.797192849036709,0.791538376124826,3.36881472917275e-05,1,44,0.0078113
Proposed IT2-W-FBRI,Proposed,alpha,0.2,40,60,0.815859858049703,0.806715218937844,1.59602874024129e-05,1,46,0.0077126
Proposed IT2-W-FBRI,Proposed,alpha,0.3,0,60,0.834355685971713,0.58090538885882,0.576249883920891,1,48,0.0065249
Proposed IT2-W-FBRI,Proposed,alpha,0.3,5,60,0.740115465378684,0.729499014279374,2.28979439609414e-05,1,44,0.0101677
Proposed IT2-W-FBRI,Proposed,alpha,0.3,10,60,0.740214354377694,0.729633402786343,2.02286897485455e-05,1,45,0.0075883
Proposed IT2-W-FBRI,Proposed,alpha,0.3,15,60,0.767045710855389,0.762013929631061,3.93220025942914e-05,1,43,0.0074783
Proposed IT2-W-FBRI,Proposed,alpha,0.3,20,60,0.805143630858735,0.798569877086851,3.83583891562677e-05,1,43,0.0098407
Proposed IT2-W-FBRI,Proposed,alpha,0.3,40,60,0.815861280194749,0.806716420018843,1.82442918957915e-05,1,46,0.0073769
Proposed IT2-W-FBRI,Proposed,alpha,0.4,0,60,0.842572552279941,0.521257512435751,0.719867341217024,1,42,0.0053328
Proposed IT2-W-FBRI,Proposed,alpha,0.4,5,60,0.74011732553969,0.729501485279513,2.52324971707166e-05,1,44,0.007053
Proposed IT2-W-FBRI,Proposed,alpha,0.4,10,60,0.741534539445686,0.731454631446025,3.24459856171603e-05,1,44,0.0062401
Proposed IT2-W-FBRI,Proposed,alpha,0.4,15,60,0.782310119834058,0.777464888825799,4.445119469798e-05,1,43,0.0091587
Proposed IT2-W-FBRI,Proposed,alpha,0.4,20,60,0.811337088623207,0.803325564712494,4.35125507910443e-05,1,43,0.0067838
Proposed IT2-W-FBRI,Proposed,alpha,0.4,40,60,0.815862460755117,0.806717459309061,2.07877238002417e-05,1,45,0.0071223
Proposed IT2-W-FBRI,Proposed,alpha,0.5,0,60,0.845583664769271,0.47531354455765,0.817368393195716,1,42,0.005201
Proposed IT2-W-FBRI,Proposed,alpha,0.5,5,60,0.740185681329944,0.729594417910968,2.76950894613442e-05,1,43,0.0068445
Proposed IT2-W-FBRI,Proposed,alpha,0.5,10,60,0.752008195955827,0.744761002140872,5.18329886648366e-05,1,42,0.0066249
Proposed IT2-W-FBRI,Proposed,alpha,0.5,15,60,0.798351013465637,0.792692592362031,5.00576432131909e-05,1,42,0.007075
Proposed IT2-W-FBRI,Proposed,alpha,0.5,20,60,0.814555554813418,0.805664389966343,3.44188765417426e-05,1,44,0.007566
Proposed IT2-W-FBRI,Proposed,alpha,0.5,40,60,0.815863463747528,0.806718384326485,2.35920521763051e-05,1,45,0.0076951
Proposed IT2-W-FBRI,Proposed,alpha,0.6,0,60,0.84731308000963,0.43846306246798,0.891987787209702,1,42,0.0087219
Proposed IT2-W-FBRI,Proposed,alpha,0.6,5,60,0.743302037815371,0.733931150852828,4.32568913102348e-05,1,42,0.0070343
Proposed IT2-W-FBRI,Proposed,alpha,0.6,10,60,0.778827206532227,0.773952628605463,4.03914916633823e-05,1,43,0.0072046
Proposed IT2-W-FBRI,Proposed,alpha,0.6,15,60,0.810809521245577,0.802981210038035,5.612261265614e-05,1,42,0.0069812
Proposed IT2-W-FBRI,Proposed,alpha,0.6,20,60,0.815566722018311,0.806499010307236,2.71138937737721e-05,1,44,0.0074289
Proposed IT2-W-FBRI,Proposed,alpha,0.6,40,60,0.815864338036702,0.806719231687648,2.66658757293279e-05,1,44,0.0112802
Proposed IT2-W-FBRI,Proposed,alpha,0.7,0,60,0.848350348261728,0.412406806729439,0.943559731700618,1,42,0.0057183
Proposed IT2-W-FBRI,Proposed,alpha,0.7,5,60,0.782597036569036,0.777619038281057,0.00132275642812224,1,42,0.0094033
Proposed IT2-W-FBRI,Proposed,alpha,0.7,10,60,0.807145173229313,0.800023834039575,5.76652904745102e-05,1,42,0.0070072
Proposed IT2-W-FBRI,Proposed,alpha,0.7,15,60,0.815199696058268,0.806227299932311,3.11273736585456e-05,1,43,0.0104417
Proposed IT2-W-FBRI,Proposed,alpha,0.7,20,60,0.815802616530491,0.806673814080272,3.04039814811686e-05,1,43,0.0105757
Proposed IT2-W-FBRI,Proposed,alpha,0.7,40,60,0.815865120570775,0.806720028276375,3.00008600783441e-05,1,44,0.0071448
Proposed IT2-W-FBRI,Proposed,alpha,0.8,0,60,0.848909938230201,0.397129321178535,0.973683090396936,1,43,0.0074233
Proposed IT2-W-FBRI,Proposed,alpha,0.8,5,60,0.829930637921717,0.689107775659721,0.334583758154977,1,42,0.0070482
Proposed IT2-W-FBRI,Proposed,alpha,0.8,10,60,0.816506182522361,0.806980902395165,0.0220698745763161,1,42,0.0102853
Proposed IT2-W-FBRI,Proposed,alpha,0.8,15,60,0.815874638418011,0.806815131570356,0.00149244409164984,1,43,0.0074517
Proposed IT2-W-FBRI,Proposed,alpha,0.8,20,60,0.815865411924149,0.806734875279035,0.000272730700242257,1,43,0.0075378
Proposed IT2-W-FBRI,Proposed,alpha,0.8,40,60,0.815866663028307,0.806722392861708,5.00198798725014e-05,1,43,0.0099904
Proposed IT2-W-FBRI,Proposed,alpha,0.85,0,60,0.84906928438134,0.392531219069322,0.982582533617071,1,43,0.0060704
Proposed IT2-W-FBRI,Proposed,alpha,0.85,5,60,0.839979158937773,0.575090948021486,0.60405313677138,1,42,0.0084873
Proposed IT2-W-FBRI,Proposed,alpha,0.85,10,60,0.826070655209408,0.734876659822647,0.221140616937521,1,42,0.007686
Proposed IT2-W-FBRI,Proposed,alpha,0.85,15,60,0.818860504028628,0.795574195455052,0.0613635849887089,1,42,0.0090617
Proposed IT2-W-FBRI,Proposed,alpha,0.85,20,60,0.81682366707076,0.807380124694007,0.0193908044357705,1,42,0.0101258
Proposed IT2-W-FBRI,Proposed,alpha,0.85,40,60,0.816007144198202,0.80699465145443,0.00284578668428634,1,43,0.0101942
Proposed IT2-W-FBRI,Proposed,alpha,0.9,0,60,0.849175992792831,0.389400505308105,0.988625360265293,1,43,0.0061738
Proposed IT2-W-FBRI,Proposed,alpha,0.9,5,60,0.846156785569348,0.465580286270629,0.837588494704535,1,42,0.0091146
Proposed IT2-W-FBRI,Proposed,alpha,0.9,10,60,0.840182723065612,0.573039001235701,0.608811487945882,1,42,0.0082375
Proposed IT2-W-FBRI,Proposed,alpha,0.9,15,60,0.834729700107793,0.646082360751702,0.441426922272025,1,42,0.0070146
Proposed IT2-W-FBRI,Proposed,alpha,0.9,20,60,0.830807752701956,0.689690662374838,0.335716956788304,1,42,0.0074033
Proposed IT2-W-FBRI,Proposed,alpha,0.9,40,60,0.824993460423474,0.745161270313101,0.194693404168034,1,42,0.0071341
Proposed IT2-W-FBRI,Proposed,alpha,1,0,60,0.849291556341047,0.385963601792767,0.99524407590813,1,43,0.0083743
Proposed IT2-W-FBRI,Proposed,alpha,1,5,60,0.849291556341047,0.385963601792767,0.99524407590813,1,43,0.0080011
Proposed IT2-W-FBRI,Proposed,alpha,1,10,60,0.849291556341047,0.385963601792767,0.99524407590813,1,43,0.0067665
Proposed IT2-W-FBRI,Proposed,alpha,1,15,60,0.849291556341047,0.385963601792767,0.99524407590813,1,43,0.0070516
Proposed IT2-W-FBRI,Proposed,alpha,1,20,60,0.849291556341047,0.385963601792767,0.99524407590813,1,43,0.0085526
Proposed IT2-W-FBRI,Proposed,alpha,1,40,60,0.849291556341047,0.385963601792767,0.99524407590813,1,43,0.0072018
Isobe-APP,Convergence SOTA,none,NaN,NaN,60,0.849380405187094,0.383526073640235,0.999952564641605,1,42,0.003852
RQE,Robust SOTA,rqe_tau,0.5,NaN,60,0.797418334056763,0.624894253873907,0.387079009704162,1,23,0.2158575
RQE,Robust SOTA,rqe_tau,1,NaN,60,0.79744605903014,0.62482081800976,0.387301729845702,1,23,0.2338596
RQE,Robust SOTA,rqe_tau,2,NaN,60,0.797501985330666,0.624672317426153,0.387751753161038,1,23,0.2154044
RQE,Robust SOTA,rqe_tau,5,NaN,60,0.797673165457992,0.624214716817996,0.389135510165119,1,23,0.2182885
RQE,Robust SOTA,rqe_tau,10,NaN,60,0.797966681866344,0.623419113261636,0.39153077557716,1,23,0.2153057
RQE,Robust SOTA,rqe_tau,20,NaN,60,0.798558670119877,0.621772954344577,0.396447004690457,1,24,0.2505025
RQE,Robust SOTA,rqe_tau,50,NaN,60,0.799884981068972,0.617833313725384,0.408046575209918,1,24,0.2965302
MF-RQE,Robust SOTA,mfrqe_tau,0.5,NaN,60,0.785219157712991,0.649398700141338,0.305679700496965,1,22,0.2275875
MF-RQE,Robust SOTA,mfrqe_tau,1,NaN,60,0.784415361032204,0.650404214114322,0.30159767495099,1,22,0.2117967
MF-RQE,Robust SOTA,mfrqe_tau,2,NaN,60,0.782836699855217,0.652333349654222,0.293680068763852,1,22,0.2294871
MF-RQE,Robust SOTA,mfrqe_tau,5,NaN,60,0.778731024808653,0.656909426436198,0.273686363205582,1,21,0.1979348
MF-RQE,Robust SOTA,mfrqe_tau,10,NaN,60,0.774769434711318,0.660981745314962,0.255170663561366,1,20,0.2135566
MF-RQE,Robust SOTA,mfrqe_tau,20,NaN,60,0.772635028566552,0.663042417102687,0.245498098235752,1,19,0.2077858
MF-RQE,Robust SOTA,mfrqe_tau,50,NaN,60,0.772275394999848,0.663381085291478,0.243887842033785,1,19,0.173446
CVaR-game,Robust SOTA,cvar_alpha,0.05,NaN,60,0.740114009664594,0.729495661159627,1.14996634136185e-05,1,28,0.0870253
CVaR-game,Robust SOTA,cvar_alpha,0.1,NaN,60,0.740114009664594,0.729495661159627,1.14996634136185e-05,1,28,0.0946177
CVaR-game,Robust SOTA,cvar_alpha,0.2,NaN,60,0.740114009664594,0.729495661159627,1.14996634136185e-05,1,28,0.0870767
CVaR-game,Robust SOTA,cvar_alpha,0.3,NaN,60,0.740114009664594,0.729495661159627,1.14996634136185e-05,1,28,0.0913448
CVaR-game,Robust SOTA,cvar_alpha,0.5,NaN,60,0.84937831175148,0.3835154897513,0.999965501009759,1,28,0.0866427
CVaR-game,Robust SOTA,cvar_alpha,0.7,NaN,60,0.84937831175148,0.3835154897513,0.999965501009759,1,28,0.0892196
CVaR-game,Robust SOTA,cvar_alpha,0.9,NaN,60,0.84937831175148,0.3835154897513,0.999965501009759,1,28,0.0900273
DRNE-VI,Robust SOTA,drne_alpha,0.1,NaN,60,0.838534582415662,0.533773609718191,0.68314808412777,0,300,0.0062752
DRNE-VI,Robust SOTA,drne_alpha,0.3,NaN,60,0.835218201733694,0.563317038081893,0.614740028810854,0,300,0.009301
DRNE-VI,Robust SOTA,drne_alpha,0.5,NaN,60,0.82879651842704,0.596966212917914,0.527848662315903,0,300,0.0061844
DRNE-VI,Robust SOTA,drne_alpha,0.7,NaN,60,0.810424934822754,0.647705434480621,0.372300867869437,0,300,0.0060107
DRNE-VI,Robust SOTA,drne_alpha,0.9,NaN,60,0.790567475132618,0.695570348546883,0.218513674676503,0,300,0.0061738
DRNE-VI,Robust SOTA,drne_alpha,0.95,NaN,60,0.789673471698892,0.697616898732458,0.211739533641091,0,300,0.0035969
Proposed IT2-W-FBRI,Proposed,alpha,0,0,61,0.740602553067108,0.73124932134347,8.94772247867938e-05,1,41,0.0056808
Proposed IT2-W-FBRI,Proposed,alpha,0,5,61,0.740351715099279,0.730951465242041,1.67056921411448e-05,1,46,0.0076866
Proposed IT2-W-FBRI,Proposed,alpha,0,10,61,0.740352260994627,0.730951808295109,1.39726362931468e-05,1,46,0.0077861
Proposed IT2-W-FBRI,Proposed,alpha,0,15,61,0.741993888750528,0.732861546445222,2.66573499463925e-05,1,44,0.0068098
Proposed IT2-W-FBRI,Proposed,alpha,0,20,61,0.780555641484601,0.775992524809532,2.5758115950614e-05,1,44,0.0087546
Proposed IT2-W-FBRI,Proposed,alpha,0,40,61,0.815530118234267,0.805306003522435,1.21092741311435e-05,1,46,0.0116154
Proposed IT2-W-FBRI,Proposed,alpha,0.1,0,61,0.742077028672737,0.733030801420259,0.00151740976340475,1,41,0.005592
Proposed IT2-W-FBRI,Proposed,alpha,0.1,5,61,0.740352291623781,0.730952112493101,1.86251239910404e-05,1,46,0.0077198
Proposed IT2-W-FBRI,Proposed,alpha,0.1,10,61,0.740353012274222,0.730952729717387,1.58603046758355e-05,1,46,0.007606
Proposed IT2-W-FBRI,Proposed,alpha,0.1,15,61,0.746123632402207,0.738118309514272,3.04376996338205e-05,1,44,0.0070374
Proposed IT2-W-FBRI,Proposed,alpha,0.1,20,61,0.78873020363077,0.783683404943839,2.9498974673516e-05,1,44,0.0069342
Proposed IT2-W-FBRI,Proposed,alpha,0.1,40,61,0.815532267787239,0.805307523962743,1.39203975430456e-05,1,46,0.0080801
Proposed IT2-W-FBRI,Proposed,alpha,0.2,0,61,0.758944906934972,0.73393583459423,0.0601391385922198,1,52,0.0058172
Proposed IT2-W-FBRI,Proposed,alpha,0.2,5,61,0.740352808033254,0.730952726270853,2.0691779003927e-05,1,45,0.0081806
Proposed IT2-W-FBRI,Proposed,alpha,0.2,10,61,0.740359350693443,0.730960232961629,1.79469271195544e-05,1,45,0.0072961
Proposed IT2-W-FBRI,Proposed,alpha,0.2,15,61,0.754661472463371,0.748045119148133,3.46500643413981e-05,1,44,0.0080651
Proposed IT2-W-FBRI,Proposed,alpha,0.2,20,61,0.797072329828578,0.791212598443028,3.36881424158841e-05,1,44,0.0082931
Proposed IT2-W-FBRI,Proposed,alpha,0.2,40,61,0.815533986680381,0.805308793651065,1.59602858280426e-05,1,46,0.0075279
Proposed IT2-W-FBRI,Proposed,alpha,0.3,0,61,0.830595485135461,0.578336283486997,0.576249883167548,1,48,0.0066728
Proposed IT2-W-FBRI,Proposed,alpha,0.3,5,61,0.740353333204818,0.730953368522825,2.28979352145327e-05,1,44,0.007063
Proposed IT2-W-FBRI,Proposed,alpha,0.3,10,61,0.740451972506474,0.731069292051585,2.02286855710796e-05,1,45,0.0075418
Proposed IT2-W-FBRI,Proposed,alpha,0.3,15,61,0.767165049334499,0.762084735592852,3.93219966231072e-05,1,43,0.0071633
Proposed IT2-W-FBRI,Proposed,alpha,0.3,20,61,0.804940894859925,0.79814569029764,3.83583844819973e-05,1,43,0.0068172
Proposed IT2-W-FBRI,Proposed,alpha,0.3,40,61,0.815535382972618,0.805309882124316,1.82442906587543e-05,1,46,0.0080383
Proposed IT2-W-FBRI,Proposed,alpha,0.4,0,61,0.837758223306014,0.516713571136395,0.719867341039941,1,42,0.0052907
Proposed IT2-W-FBRI,Proposed,alpha,0.4,5,61,0.740355175080858,0.730955570593898,2.52324909085543e-05,1,44,0.0072622
Proposed IT2-W-FBRI,Proposed,alpha,0.4,10,61,0.74176834290679,0.73260665304192,3.24459812573867e-05,1,44,0.0111237
Proposed IT2-W-FBRI,Proposed,alpha,0.4,15,61,0.782322171189401,0.777818630185823,4.44511906094992e-05,1,43,0.0073078
Proposed IT2-W-FBRI,Proposed,alpha,0.4,20,61,0.811064833529287,0.802442945519827,4.35125478619718e-05,1,43,0.0091624
Proposed IT2-W-FBRI,Proposed,alpha,0.4,40,61,0.81553653964245,0.805310843027098,2.07877234222567e-05,1,45,0.0073686
Proposed IT2-W-FBRI,Proposed,alpha,0.5,0,61,0.839997282608237,0.470010893631043,0.817368393181307,1,42,0.0054799
Proposed IT2-W-FBRI,Proposed,alpha,0.5,5,61,0.740423330377925,0.731035825762984,2.76950862053552e-05,1,43,0.0070864
Proposed IT2-W-FBRI,Proposed,alpha,0.5,10,61,0.752204693014255,0.744881121492606,5.18329860424578e-05,1,42,0.0069426
Proposed IT2-W-FBRI,Proposed,alpha,0.5,15,61,0.798218940944735,0.792321812993853,5.0057642885271e-05,1,42,0.0066546
Proposed IT2-W-FBRI,Proposed,alpha,0.5,20,61,0.814245361087523,0.80449082315713,3.44188763124388e-05,1,44,0.0068662
Proposed IT2-W-FBRI,Proposed,alpha,0.5,40,61,0.815537519932744,0.805311716514747,2.35920529881879e-05,1,45,0.0075401
Proposed IT2-W-FBRI,Proposed,alpha,0.6,0,61,0.841105217167475,0.432944351704675,0.891987787231044,1,42,0.0091923
Proposed IT2-W-FBRI,Proposed,alpha,0.6,5,61,0.743530459119067,0.734844927054139,4.32568933543328e-05,1,42,0.0069744
Proposed IT2-W-FBRI,Proposed,alpha,0.6,10,61,0.778866346309753,0.774538747362219,4.03914937203045e-05,1,43,0.0091547
Proposed IT2-W-FBRI,Proposed,alpha,0.6,15,61,0.810543322805397,0.802126422810505,5.61226173139349e-05,1,42,0.0073097
Proposed IT2-W-FBRI,Proposed,alpha,0.6,20,61,0.815244370771884,0.805126863435016,2.71138965995534e-05,1,44,0.0072368
Proposed IT2-W-FBRI,Proposed,alpha,0.6,40,61,0.815538372068644,0.805312533608476,2.66658797172706e-05,1,44,0.0070583
Proposed IT2-W-FBRI,Proposed,alpha,0.7,0,61,0.84169812927921,0.406452727271645,0.943559731742983,1,42,0.0077346
Proposed IT2-W-FBRI,Proposed,alpha,0.7,5,61,0.782600151515875,0.778151053432167,0.00132275639983438,1,42,0.0101455
Proposed IT2-W-FBRI,Proposed,alpha,0.7,10,61,0.80692044875119,0.799807224831069,5.7665301033174e-05,1,42,0.0073924
Proposed IT2-W-FBRI,Proposed,alpha,0.7,15,61,0.814881774915449,0.804897250464829,3.11273819397229e-05,1,43,0.0071827
Proposed IT2-W-FBRI,Proposed,alpha,0.7,20,61,0.815477387319071,0.805274396231807,3.04027226425787e-05,1,44,0.0071786
Proposed IT2-W-FBRI,Proposed,alpha,0.7,40,61,0.815539132594637,0.805313316788241,3.00008667674397e-05,1,44,0.0073173
Proposed IT2-W-FBRI,Proposed,alpha,0.8,0,61,0.841992656249826,0.390849172837373,0.973683090432773,1,43,0.0057385
Proposed IT2-W-FBRI,Proposed,alpha,0.8,5,61,0.827794616630406,0.688315369532121,0.334583758003887,1,42,0.0068461
Proposed IT2-W-FBRI,Proposed,alpha,0.8,10,61,0.816080246851565,0.806527020969857,0.0220698745117867,1,42,0.0068052
Proposed IT2-W-FBRI,Proposed,alpha,0.8,15,61,0.815542506244476,0.805434094943146,0.00149244409932435,1,43,0.007174
Proposed IT2-W-FBRI,Proposed,alpha,0.8,20,61,0.815538421784576,0.805332601335179,0.000272730712906977,1,43,0.008213
Proposed IT2-W-FBRI,Proposed,alpha,0.8,40,61,0.815540575181408,0.80531588696807,5.00198943058076e-05,1,43,0.0072542
Proposed IT2-W-FBRI,Proposed,alpha,0.85,0,61,0.842072920162353,0.386208221674849,0.982582533652902,1,43,0.0055314
Proposed IT2-W-FBRI,Proposed,alpha,0.85,5,61,0.836039848980955,0.572171181632085,0.604053136746634,1,42,0.0065732
Proposed IT2-W-FBRI,Proposed,alpha,0.85,10,61,0.824599213714658,0.734622049145813,0.221140616874976,1,42,0.0112073
Proposed IT2-W-FBRI,Proposed,alpha,0.85,15,61,0.818237009857986,0.79549887992371,0.0613635849269776,1,42,0.0067633
Proposed IT2-W-FBRI,Proposed,alpha,0.85,20,61,0.816405434846759,0.806883821346421,0.0193908044147791,1,42,0.0067718
Proposed IT2-W-FBRI,Proposed,alpha,0.85,40,61,0.81566781792611,0.805622938031426,0.00284578669754685,1,43,0.006971
Proposed IT2-W-FBRI,Proposed,alpha,0.9,0,61,0.842125730132653,0.383048951430991,0.988625360300049,1,43,0.0066483
Proposed IT2-W-FBRI,Proposed,alpha,0.9,5,61,0.840405386528975,0.460092209978494,0.837588494727796,1,42,0.0067884
Proposed IT2-W-FBRI,Proposed,alpha,0.9,10,61,0.836209138806013,0.57005365877801,0.60881148794599,1,42,0.008597
Proposed IT2-W-FBRI,Proposed,alpha,0.9,15,61,0.831914261724815,0.644700371708183,0.441426922266496,1,42,0.0068996
Proposed IT2-W-FBRI,Proposed,alpha,0.9,20,61,0.828662491647281,0.68884706505307,0.335716956785321,1,42,0.0080216
Proposed IT2-W-FBRI,Proposed,alpha,0.9,40,61,0.823669309755241,0.744978476122191,0.194693404190635,1,42,0.0072678
Proposed IT2-W-FBRI,Proposed,alpha,1,0,61,0.842182073059091,0.379581264980193,0.99524407594047,1,43,0.0084643
Proposed IT2-W-FBRI,Proposed,alpha,1,5,61,0.842182073059091,0.379581264980193,0.99524407594047,1,43,0.0088045
Proposed IT2-W-FBRI,Proposed,alpha,1,10,61,0.842182073059091,0.379581264980193,0.99524407594047,1,43,0.0070295
Proposed IT2-W-FBRI,Proposed,alpha,1,15,61,0.842182073059091,0.379581264980193,0.99524407594047,1,43,0.0074739
Proposed IT2-W-FBRI,Proposed,alpha,1,20,61,0.842182073059091,0.379581264980193,0.99524407594047,1,43,0.0068171
Proposed IT2-W-FBRI,Proposed,alpha,1,40,61,0.842182073059091,0.379581264980193,0.99524407594047,1,43,0.0068454
Isobe-APP,Convergence SOTA,none,NaN,NaN,61,0.842228759612427,0.377121197555661,0.999952672507461,1,42,0.0035685
RQE,Robust SOTA,rqe_tau,0.5,NaN,61,0.794907715076974,0.624051929188052,0.387079009704162,1,23,0.2127133
RQE,Robust SOTA,rqe_tau,1,NaN,61,0.794933940969483,0.623977178230368,0.387301729845702,1,23,0.2642879
RQE,Robust SOTA,rqe_tau,2,NaN,61,0.794986837715697,0.623826015558834,0.387751753161038,1,23,0.2173539
RQE,Robust SOTA,rqe_tau,5,NaN,61,0.795148697824056,0.623360188773905,0.389135510165119,1,23,0.238332
RQE,Robust SOTA,rqe_tau,10,NaN,61,0.795426064980091,0.622550200546883,0.39153077557716,1,23,0.2156077
RQE,Robust SOTA,rqe_tau,20,NaN,61,0.795984842681726,0.620873968770692,0.396447004690457,1,24,0.2364856
RQE,Robust SOTA,rqe_tau,50,NaN,61,0.797232398833742,0.616827154164552,0.408046575209918,1,24,0.2417939
MF-RQE,Robust SOTA,mfrqe_tau,0.5,NaN,61,0.783246194829599,0.648676824120439,0.305679700496965,1,22,0.2334446
MF-RQE,Robust SOTA,mfrqe_tau,1,NaN,61,0.782468752147278,0.64970835150246,0.30159767495099,1,22,0.2133452
MF-RQE,Robust SOTA,mfrqe_tau,2,NaN,61,0.780941130688943,0.651648655100911,0.293680068763852,1,22,0.2357809
MF-RQE,Robust SOTA,mfrqe_tau,5,NaN,61,0.776963896754941,0.656287418010924,0.273686363205582,1,21,0.1977551
MF-RQE,Robust SOTA,mfrqe_tau,10,NaN,61,0.773120700693467,0.660431325788139,0.255170663561366,1,20,0.2059242
MF-RQE,Robust SOTA,mfrqe_tau,20,NaN,61,0.771047937493888,0.662593108278281,0.245498098235752,1,19,0.1957282
MF-RQE,Robust SOTA,mfrqe_tau,50,NaN,61,0.770698552892635,0.662960499606367,0.243887842033785,1,19,0.1759407
CVaR-game,Robust SOTA,cvar_alpha,0.05,NaN,61,0.740351988404371,0.730950511969952,1.14996634136185e-05,1,28,0.0878941
CVaR-game,Robust SOTA,cvar_alpha,0.1,NaN,61,0.740351988404371,0.730950511969952,1.14996634136185e-05,1,28,0.097255
CVaR-game,Robust SOTA,cvar_alpha,0.2,NaN,61,0.740351988404371,0.730950511969952,1.14996634136185e-05,1,28,0.1103756
CVaR-game,Robust SOTA,cvar_alpha,0.3,NaN,61,0.740351988404371,0.730950511969952,1.14996634136185e-05,1,28,0.0987478
CVaR-game,Robust SOTA,cvar_alpha,0.5,NaN,61,0.84222652447229,0.377110893311496,0.999965501009759,1,28,0.0919652
CVaR-game,Robust SOTA,cvar_alpha,0.7,NaN,61,0.84222652447229,0.377110893311496,0.999965501009759,1,28,0.1129563
CVaR-game,Robust SOTA,cvar_alpha,0.9,NaN,61,0.84222652447229,0.377110893311496,0.999965501009759,1,28,0.1009801
DRNE-VI,Robust SOTA,drne_alpha,0.1,NaN,61,0.833983390365989,0.530112832417756,0.68314808412777,0,300,0.0059913
DRNE-VI,Robust SOTA,drne_alpha,0.3,NaN,61,0.831175311692356,0.560318869206644,0.614740028810854,0,300,0.0060913
DRNE-VI,Robust SOTA,drne_alpha,0.5,NaN,61,0.825370042651272,0.59480820245208,0.527848662315903,0,300,0.0060756
DRNE-VI,Robust SOTA,drne_alpha,0.7,NaN,61,0.808059377926744,0.646641316496006,0.372300867869437,0,300,0.0096394
DRNE-VI,Robust SOTA,drne_alpha,0.9,NaN,61,0.789241319949911,0.695295604774507,0.218513674676503,0,300,0.0060138
DRNE-VI,Robust SOTA,drne_alpha,0.95,NaN,61,0.78839295524749,0.697407768787141,0.211739533641091,0,300,0.0034652
