Method,Class,RiskName,RiskValue,FocusS,Seed,ExpectedPayoff,WorstCaseQ5,SCShare,Converged,Rounds,RuntimeSec
Proposed IT2-W-FBRI,Proposed,alpha,0,0,42,0.7122542899366,0.726562602268366,8.94770901959793e-05,1,41,0.0064419
Proposed IT2-W-FBRI,Proposed,alpha,0,5,42,0.711972508151124,0.726190907666779,1.67056657996154e-05,1,46,0.0083209
Proposed IT2-W-FBRI,Proposed,alpha,0,10,42,0.711972859352878,0.726191910068263,1.39726111308824e-05,1,46,0.007264
Proposed IT2-W-FBRI,Proposed,alpha,0,15,42,0.713804693052047,0.725231911950371,2.66572993875613e-05,1,44,0.0074848
Proposed IT2-W-FBRI,Proposed,alpha,0,20,42,0.754404967889692,0.498262452546966,2.57580656912057e-05,1,44,0.0088935
Proposed IT2-W-FBRI,Proposed,alpha,0,40,42,0.786686282534113,0.528208670602427,1.21092496787896e-05,1,46,0.0080545
Proposed IT2-W-FBRI,Proposed,alpha,0.1,0,42,0.71393435700354,0.72598737762105,0.00151740961509688,1,41,0.005476
Proposed IT2-W-FBRI,Proposed,alpha,0.1,5,42,0.711973094409308,0.726191090620448,1.86250980460373e-05,1,46,0.0076454
Proposed IT2-W-FBRI,Proposed,alpha,0.1,10,42,0.71197370926785,0.726192545857622,1.58602797024947e-05,1,46,0.0076286
Proposed IT2-W-FBRI,Proposed,alpha,0.1,15,42,0.718374517683339,0.703197767796775,3.04376493586671e-05,1,44,0.007351
Proposed IT2-W-FBRI,Proposed,alpha,0.1,20,42,0.762370274021226,0.511564394417286,2.94989246615505e-05,1,44,0.0072082
Proposed IT2-W-FBRI,Proposed,alpha,0.1,40,42,0.786688201555752,0.528202333295653,1.39203732009161e-05,1,46,0.0077363
Proposed IT2-W-FBRI,Proposed,alpha,0.2,0,42,0.734015334822125,0.685956404077691,0.0601391380736286,1,52,0.0073171
Proposed IT2-W-FBRI,Proposed,alpha,0.2,5,42,0.71197364841482,0.72619122471695,2.06917429815385e-05,1,45,0.007454
Proposed IT2-W-FBRI,Proposed,alpha,0.2,10,42,0.71198080519072,0.726201804729486,1.7946892094428e-05,1,45,0.0074009
Proposed IT2-W-FBRI,Proposed,alpha,0.2,15,42,0.727660928053815,0.655113432492441,3.46500145607392e-05,1,44,0.0074869
Proposed IT2-W-FBRI,Proposed,alpha,0.2,20,42,0.770243938150293,0.520864684863228,3.3688092855546e-05,1,44,0.0072479
Proposed IT2-W-FBRI,Proposed,alpha,0.2,40,42,0.786689764372408,0.528197684433584,1.59602616921162e-05,1,46,0.0119679
Proposed IT2-W-FBRI,Proposed,alpha,0.3,0,42,0.823497837601471,0.579220441652723,0.576249883025871,1,48,0.0076592
Proposed IT2-W-FBRI,Proposed,alpha,0.3,5,42,0.711974228272843,0.726191371696163,2.28978853278534e-05,1,44,0.007291
Proposed IT2-W-FBRI,Proposed,alpha,0.3,10,42,0.712084297749368,0.726344918507318,2.02286511159745e-05,1,45,0.0114164
Proposed IT2-W-FBRI,Proposed,alpha,0.3,15,42,0.740851538564738,0.579116046759542,3.93219269001433e-05,1,43,0.007255
Proposed IT2-W-FBRI,Proposed,alpha,0.3,20,42,0.777423726175269,0.52690532874238,3.83583149921515e-05,1,43,0.0071226
Proposed IT2-W-FBRI,Proposed,alpha,0.3,40,42,0.786691063843007,0.528194351728434,1.82442668398857e-05,1,46,0.0076341
Proposed IT2-W-FBRI,Proposed,alpha,0.4,0,42,0.8350788974236,0.519046947871541,0.719867340991445,1,42,0.0054687
Proposed IT2-W-FBRI,Proposed,alpha,0.4,5,42,0.71197628761625,0.726193545699099,2.52324423718635e-05,1,44,0.0071443
Proposed IT2-W-FBRI,Proposed,alpha,0.4,10,42,0.713552989333486,0.725959206526801,3.24459330948871e-05,1,44,0.0075365
Proposed IT2-W-FBRI,Proposed,alpha,0.4,15,42,0.756147256523871,0.502463170983561,4.44511222289815e-05,1,43,0.0072187
Proposed IT2-W-FBRI,Proposed,alpha,0.4,20,42,0.782838619353192,0.529712556156972,4.35124796500795e-05,1,43,0.0073028
Proposed IT2-W-FBRI,Proposed,alpha,0.4,40,42,0.786692171438687,0.528192051040158,2.0787690148277e-05,1,45,0.0075961
Proposed IT2-W-FBRI,Proposed,alpha,0.5,0,42,0.840308290895709,0.472949284319216,0.817368393163335,1,42,0.007016
Proposed IT2-W-FBRI,Proposed,alpha,0.5,5,42,0.712052439545587,0.72629861932957,2.76950193035726e-05,1,43,0.0072285
Proposed IT2-W-FBRI,Proposed,alpha,0.5,10,42,0.72501178465556,0.669591871835833,5.18328907102544e-05,1,42,0.0069266
Proposed IT2-W-FBRI,Proposed,alpha,0.5,15,42,0.771305997340671,0.521917104320175,5.00575479038017e-05,1,42,0.0072102
Proposed IT2-W-FBRI,Proposed,alpha,0.5,20,42,0.785588560807308,0.530491798959933,3.44188297148476e-05,1,44,0.0073859
Proposed IT2-W-FBRI,Proposed,alpha,0.5,40,42,0.786693141148072,0.528190560710075,2.35920204892202e-05,1,45,0.0072981
Proposed IT2-W-FBRI,Proposed,alpha,0.6,0,42,0.843643098928969,0.436094032101515,0.891987787220159,1,42,0.0053414
Proposed IT2-W-FBRI,Proposed,alpha,0.6,5,42,0.71551034262023,0.717135008696053,4.32568010178037e-05,1,42,0.0070718
Proposed IT2-W-FBRI,Proposed,alpha,0.6,10,42,0.752729188197557,0.50158717440042,4.03914290691212e-05,1,43,0.006884
Proposed IT2-W-FBRI,Proposed,alpha,0.6,15,42,0.782384139537523,0.529544141750992,5.6122525129258e-05,1,42,0.0072036
Proposed IT2-W-FBRI,Proposed,alpha,0.6,20,42,0.786443226926906,0.529231414368989,2.71138514664249e-05,1,44,0.0075002
Proposed IT2-W-FBRI,Proposed,alpha,0.6,40,42,0.786694014489584,0.528189714049139,2.66658347067457e-05,1,44,0.0075573
Proposed IT2-W-FBRI,Proposed,alpha,0.7,0,42,0.845735987690268,0.409899358645585,0.943559731729133,1,42,0.0056532
Proposed IT2-W-FBRI,Proposed,alpha,0.7,5,42,0.756467616743198,0.503299293606741,0.00132275630376374,1,42,0.0070305
Proposed IT2-W-FBRI,Proposed,alpha,0.7,10,42,0.779191659529531,0.527999227562839,5.76652120033735e-05,1,42,0.0068239
Proposed IT2-W-FBRI,Proposed,alpha,0.7,15,42,0.78613357933641,0.53051612640579,3.11273196560225e-05,1,43,0.0070114
Proposed IT2-W-FBRI,Proposed,alpha,0.7,20,42,0.786642198210011,0.528408401417614,3.04026790782484e-05,1,44,0.0071644
Proposed IT2-W-FBRI,Proposed,alpha,0.7,40,42,0.786694822223082,0.528189377682365,3.00008232876223e-05,1,44,0.0070639
Proposed IT2-W-FBRI,Proposed,alpha,0.8,0,42,0.846891273269873,0.394522598431595,0.973683090411013,1,43,0.0087257
Proposed IT2-W-FBRI,Proposed,alpha,0.8,5,42,0.812022842866978,0.591003875908294,0.33458375795758,1,42,0.0073754
Proposed IT2-W-FBRI,Proposed,alpha,0.8,10,42,0.788202193710043,0.536051430000512,0.0220698744437356,1,42,0.0068987
Proposed IT2-W-FBRI,Proposed,alpha,0.8,15,42,0.786767490878902,0.529059798912689,0.00149244404038002,1,43,0.0070779
Proposed IT2-W-FBRI,Proposed,alpha,0.8,20,42,0.786705805853611,0.528338670629188,0.000272730653185244,1,43,0.007083
Proposed IT2-W-FBRI,Proposed,alpha,0.8,40,42,0.786697008071058,0.528196716816098,5.00198345289317e-05,1,43,0.0067553
Proposed IT2-W-FBRI,Proposed,alpha,0.85,0,42,0.84722364508346,0.390054076954611,0.982582533623599,1,43,0.0059928
Proposed IT2-W-FBRI,Proposed,alpha,0.85,5,42,0.82958091517401,0.572633141243312,0.604053136725258,1,42,0.0070936
Proposed IT2-W-FBRI,Proposed,alpha,0.85,10,42,0.804512197153444,0.5720829217879,0.221140616843498,1,42,0.0091235
Proposed IT2-W-FBRI,Proposed,alpha,0.85,15,42,0.791887564913107,0.542682121626331,0.0613635848859518,1,42,0.0071632
Proposed IT2-W-FBRI,Proposed,alpha,0.85,20,42,0.788354232394842,0.53393743432108,0.0193908043535717,1,42,0.007158
Proposed IT2-W-FBRI,Proposed,alpha,0.85,40,42,0.786938902926288,0.529431809417871,0.00284578664235166,1,43,0.0072253
Proposed IT2-W-FBRI,Proposed,alpha,0.9,0,42,0.847447067829987,0.387013658940262,0.988625360264009,1,43,0.0058443
Proposed IT2-W-FBRI,Proposed,alpha,0.9,5,42,0.841323596121423,0.463180067642846,0.837588494718528,1,42,0.0073704
Proposed IT2-W-FBRI,Proposed,alpha,0.9,10,42,0.829903481632796,0.570581794550534,0.608811487930875,1,42,0.0072617
Proposed IT2-W-FBRI,Proposed,alpha,0.9,15,42,0.819895478810742,0.602090177799543,0.441426922249947,1,42,0.0073505
Proposed IT2-W-FBRI,Proposed,alpha,0.9,20,42,0.812847718392987,0.58861338343124,0.335716956769465,1,42,0.0072072
Proposed IT2-W-FBRI,Proposed,alpha,0.9,40,42,0.802562290405618,0.567457926229321,0.194693404181358,1,42,0.0073593
Proposed IT2-W-FBRI,Proposed,alpha,1,0,42,0.847689748384637,0.383677793663444,0.995244075895371,1,43,0.0076018
Proposed IT2-W-FBRI,Proposed,alpha,1,5,42,0.847689748384637,0.383677793663444,0.995244075895371,1,43,0.0085789
Proposed IT2-W-FBRI,Proposed,alpha,1,10,42,0.847689748384637,0.383677793663444,0.995244075895371,1,43,0.0066038
Proposed IT2-W-FBRI,Proposed,alpha,1,15,42,0.847689748384637,0.383677793663444,0.995244075895371,1,43,0.0072491
Proposed IT2-W-FBRI,Proposed,alpha,1,20,42,0.847689748384637,0.383677793663444,0.995244075895371,1,43,0.0071491
Proposed IT2-W-FBRI,Proposed,alpha,1,40,42,0.847689748384637,0.383677793663444,0.995244075895371,1,43,0.007135
Isobe-APP,Convergence SOTA,none,NaN,NaN,42,0.847868110506703,0.381312015361246,0.999952604051967,1,42,0.0044701
RQE,Robust SOTA,rqe_tau,0.5,NaN,42,0.784433384025509,0.624802463759989,0.387079009704162,1,23,0.2324333
RQE,Robust SOTA,rqe_tau,1,NaN,42,0.784465250665697,0.624728891313115,0.387301729845702,1,23,0.2306299
RQE,Robust SOTA,rqe_tau,2,NaN,42,0.784529550995094,0.624580121471253,0.387751753161038,1,23,0.2210935
RQE,Robust SOTA,rqe_tau,5,NaN,42,0.784726525910982,0.624121748665274,0.389135510165119,1,23,0.2531267
RQE,Robust SOTA,rqe_tau,10,NaN,42,0.785064857462999,0.623325004644105,0.39153077557716,1,23,0.2621859
RQE,Robust SOTA,rqe_tau,20,NaN,42,0.785749419937509,0.621677283617335,0.396447004690457,1,24,0.2762248
RQE,Robust SOTA,rqe_tau,50,NaN,42,0.787298640313481,0.617705192329033,0.408046575209918,1,24,0.2829924
MF-RQE,Robust SOTA,mfrqe_tau,0.5,NaN,42,0.7708173286792,0.649446146089015,0.305679700496965,1,22,0.2999439
MF-RQE,Robust SOTA,mfrqe_tau,1,NaN,42,0.76995907858234,0.650295900435781,0.30159767495099,1,22,0.2431687
MF-RQE,Robust SOTA,mfrqe_tau,2,NaN,42,0.768276250956562,0.651566509918573,0.293680068763852,1,22,0.2534896
MF-RQE,Robust SOTA,mfrqe_tau,5,NaN,42,0.763916609063832,0.649448305945659,0.273686363205582,1,21,0.2183866
MF-RQE,Robust SOTA,mfrqe_tau,10,NaN,42,0.759732342648193,0.647453352614966,0.255170663561366,1,20,0.2220854
MF-RQE,Robust SOTA,mfrqe_tau,20,NaN,42,0.757486928656871,0.646707661681909,0.245498098235752,1,19,0.2149227
MF-RQE,Robust SOTA,mfrqe_tau,50,NaN,42,0.757109160443344,0.646590769058633,0.243887842033785,1,19,0.2004928
CVaR-game,Robust SOTA,cvar_alpha,0.05,NaN,42,0.711971621698389,0.72618986759033,1.14996634136185e-05,1,28,0.0907021
CVaR-game,Robust SOTA,cvar_alpha,0.1,NaN,42,0.711971621698389,0.72618986759033,1.14996634136185e-05,1,28,0.0872307
CVaR-game,Robust SOTA,cvar_alpha,0.2,NaN,42,0.711971621698389,0.72618986759033,1.14996634136185e-05,1,28,0.0978598
CVaR-game,Robust SOTA,cvar_alpha,0.3,NaN,42,0.711971621698389,0.72618986759033,1.14996634136185e-05,1,28,0.1046668
CVaR-game,Robust SOTA,cvar_alpha,0.5,NaN,42,0.8478664216982,0.381302109763842,0.999965501009759,1,28,0.0948253
CVaR-game,Robust SOTA,cvar_alpha,0.7,NaN,42,0.8478664216982,0.381302109763842,0.999965501009759,1,28,0.1070213
CVaR-game,Robust SOTA,cvar_alpha,0.9,NaN,42,0.8478664216982,0.381302109763842,0.999965501009759,1,28,0.1169021
DRNE-VI,Robust SOTA,drne_alpha,0.1,NaN,42,0.830361987396305,0.532118428004983,0.68314808412777,0,300,0.0129293
DRNE-VI,Robust SOTA,drne_alpha,0.3,NaN,42,0.825435431416261,0.561482031538626,0.614740028810854,0,300,0.013885
DRNE-VI,Robust SOTA,drne_alpha,0.5,NaN,42,0.816972914595973,0.595688587994848,0.527848662315903,0,300,0.0076894
DRNE-VI,Robust SOTA,drne_alpha,0.7,NaN,42,0.794899255531483,0.647798223430711,0.372300867869437,0,300,0.0102381
DRNE-VI,Robust SOTA,drne_alpha,0.9,NaN,42,0.770958046305884,0.63868112105064,0.218513674676503,0,300,0.0072196
DRNE-VI,Robust SOTA,drne_alpha,0.95,NaN,42,0.769873670931331,0.637938781674505,0.211739533641091,0,300,0.0039687
Proposed IT2-W-FBRI,Proposed,alpha,0,0,43,0.727399461359593,0.730381616997457,8.94772728275133e-05,1,41,0.00583
Proposed IT2-W-FBRI,Proposed,alpha,0,5,43,0.727178032400693,0.730041235866935,1.67057005039697e-05,1,46,0.0079268
Proposed IT2-W-FBRI,Proposed,alpha,0,10,43,0.727178459444918,0.730041684371292,1.39726447196921e-05,1,46,0.0078692
Proposed IT2-W-FBRI,Proposed,alpha,0,15,43,0.72860820171141,0.729391359770354,2.66573671957764e-05,1,44,0.0074233
Proposed IT2-W-FBRI,Proposed,alpha,0,20,43,0.760532023897284,0.498891609931584,2.57581332109328e-05,1,44,0.0075318
Proposed IT2-W-FBRI,Proposed,alpha,0,40,43,0.786407168942439,0.525370372317407,1.21092825683405e-05,1,46,0.0086054
Proposed IT2-W-FBRI,Proposed,alpha,0.1,0,43,0.728733973989017,0.729933630861003,0.00151740980292185,1,41,0.0070867
Proposed IT2-W-FBRI,Proposed,alpha,0.1,5,43,0.727178629833767,0.730041892508619,1.86251323266535e-05,1,46,0.0078272
Proposed IT2-W-FBRI,Proposed,alpha,0.1,10,43,0.727179190950573,0.73004269378326,1.58603130850411e-05,1,46,0.0078031
Proposed IT2-W-FBRI,Proposed,alpha,0.1,15,43,0.732180437380855,0.709577389247762,3.04377168508178e-05,1,44,0.0073221
Proposed IT2-W-FBRI,Proposed,alpha,0.1,20,43,0.766861317547266,0.510565148350869,2.94989918991192e-05,1,44,0.0072583
Proposed IT2-W-FBRI,Proposed,alpha,0.1,40,43,0.786408766570423,0.525364494066634,1.39204059577313e-05,1,46,0.0077445
Proposed IT2-W-FBRI,Proposed,alpha,0.2,0,43,0.745342456224626,0.690601561623976,0.0601391382701496,1,52,0.0078426
Proposed IT2-W-FBRI,Proposed,alpha,0.2,5,43,0.727179172231391,0.73004251468971,2.06917908838619e-05,1,45,0.0071327
Proposed IT2-W-FBRI,Proposed,alpha,0.2,10,43,0.727184804623494,0.730051534564407,1.79469391094686e-05,1,45,0.0123523
Proposed IT2-W-FBRI,Proposed,alpha,0.2,15,43,0.739453324978459,0.659956407941472,3.46500815090405e-05,1,44,0.0097695
Proposed IT2-W-FBRI,Proposed,alpha,0.2,20,43,0.773148669290717,0.519829200758791,3.36881595894232e-05,1,44,0.0097018
Proposed IT2-W-FBRI,Proposed,alpha,0.2,40,43,0.786410079388891,0.525360211838436,1.59602942120437e-05,1,46,0.0074701
Proposed IT2-W-FBRI,Proposed,alpha,0.3,0,43,0.822350000445815,0.579601414658552,0.576249883065678,1,48,0.0063436
Proposed IT2-W-FBRI,Proposed,alpha,0.3,5,43,0.727179724074528,0.730043169782313,2.28979521349825e-05,1,44,0.0074185
Proposed IT2-W-FBRI,Proposed,alpha,0.3,10,43,0.727265697901987,0.730181298960214,2.02286975136537e-05,1,45,0.007556
Proposed IT2-W-FBRI,Proposed,alpha,0.3,15,43,0.749821404723451,0.582536118591441,3.93220210707356e-05,1,43,0.007268
Proposed IT2-W-FBRI,Proposed,alpha,0.3,20,43,0.778913902818171,0.525635171501523,3.8358408931271e-05,1,43,0.0090211
Proposed IT2-W-FBRI,Proposed,alpha,0.3,40,43,0.786411183190437,0.525357176477433,1.82442990028351e-05,1,46,0.007573
Proposed IT2-W-FBRI,Proposed,alpha,0.4,0,43,0.832774032021285,0.519602495870704,0.719867341067881,1,42,0.0053214
Proposed IT2-W-FBRI,Proposed,alpha,0.4,5,43,0.727181428015661,0.730045679595663,2.52325077404572e-05,1,44,0.0067751
Proposed IT2-W-FBRI,Proposed,alpha,0.4,10,43,0.728412539867019,0.729918249892583,3.24459982301506e-05,1,44,0.007113
Proposed IT2-W-FBRI,Proposed,alpha,0.4,15,43,0.761914455519798,0.501403893982988,4.44512149285214e-05,1,43,0.0070561
Proposed IT2-W-FBRI,Proposed,alpha,0.4,20,43,0.783285837591164,0.527027086867716,4.35125721788226e-05,1,43,0.0075316
Proposed IT2-W-FBRI,Proposed,alpha,0.4,40,43,0.786412136330555,0.525355121666431,2.07877352825781e-05,1,45,0.0073056
Proposed IT2-W-FBRI,Proposed,alpha,0.5,0,43,0.837600873310691,0.474278638121133,0.817368393230777,1,42,0.0065671
Proposed IT2-W-FBRI,Proposed,alpha,0.5,5,43,0.727240989437765,0.730141140456461,2.76951101472003e-05,1,43,0.0070292
Proposed IT2-W-FBRI,Proposed,alpha,0.5,10,43,0.737377012868721,0.674518717292785,5.18330205018859e-05,1,42,0.0096523
Proposed IT2-W-FBRI,Proposed,alpha,0.5,15,43,0.773999764757796,0.520853845300141,5.00576774326282e-05,1,42,0.0071584
Proposed IT2-W-FBRI,Proposed,alpha,0.5,20,43,0.785515484300555,0.527788357874965,3.44188932170507e-05,1,44,0.0075093
Proposed IT2-W-FBRI,Proposed,alpha,0.5,40,43,0.786412982832306,0.525353839176461,2.35920647651776e-05,1,45,0.0076094
Proposed IT2-W-FBRI,Proposed,alpha,0.6,0,43,0.84069022405119,0.437107352763181,0.891987787281483,1,42,0.0062633
Proposed IT2-W-FBRI,Proposed,alpha,0.6,5,43,0.729942206893345,0.723965428668724,4.32569273250923e-05,1,42,0.0106318
Proposed IT2-W-FBRI,Proposed,alpha,0.6,10,43,0.759205037042523,0.505784284352629,4.03915176552969e-05,1,43,0.0069946
Proposed IT2-W-FBRI,Proposed,alpha,0.6,15,43,0.782918289168868,0.52699798096548,5.61226515827327e-05,1,42,0.0068402
Proposed IT2-W-FBRI,Proposed,alpha,0.6,20,43,0.786209936811475,0.526332299319895,2.71139133847504e-05,1,44,0.0074292
Proposed IT2-W-FBRI,Proposed,alpha,0.6,40,43,0.786413756494022,0.525353172784063,2.66658964268538e-05,1,44,0.008923
Proposed IT2-W-FBRI,Proposed,alpha,0.7,0,43,0.842621563495997,0.411158968616506,0.943559731790599,1,42,0.0055496
Proposed IT2-W-FBRI,Proposed,alpha,0.7,5,43,0.762188690667263,0.502249909906638,0.00132275642277055,1,42,0.0068593
Proposed IT2-W-FBRI,Proposed,alpha,0.7,10,43,0.780339815601262,0.52637634526102,5.7665334930538e-05,1,42,0.0067668
Proposed IT2-W-FBRI,Proposed,alpha,0.7,15,43,0.785958443415797,0.52754104744208,3.11274057368374e-05,1,43,0.0073798
Proposed IT2-W-FBRI,Proposed,alpha,0.7,20,43,0.786371706011254,0.525558814072411,3.04027392649337e-05,1,44,0.007084
Proposed IT2-W-FBRI,Proposed,alpha,0.7,40,43,0.786414482294888,0.525352996789787,3.00008833229962e-05,1,44,0.0067928
Proposed IT2-W-FBRI,Proposed,alpha,0.8,0,43,0.84368314771918,0.395588284396794,0.973683090462348,1,43,0.0050142
Proposed IT2-W-FBRI,Proposed,alpha,0.8,5,43,0.810877409718602,0.591700280853931,0.334583758032445,1,42,0.0069165
Proposed IT2-W-FBRI,Proposed,alpha,0.8,10,43,0.787926908495301,0.53400073508697,0.0220698745531432,1,42,0.0073167
Proposed IT2-W-FBRI,Proposed,alpha,0.8,15,43,0.786492779256659,0.526234169280946,0.00149244412369309,1,43,0.0071804
Proposed IT2-W-FBRI,Proposed,alpha,0.8,20,43,0.786426621301278,0.525503780616215,0.000272730736575892,1,43,0.0071761
Proposed IT2-W-FBRI,Proposed,alpha,0.8,40,43,0.786416549344672,0.52536075508395,5.00199177723797e-05,1,43,0.0076038
Proposed IT2-W-FBRI,Proposed,alpha,0.85,0,43,0.843987832454863,0.390954004982602,0.982582533680608,1,43,0.0096532
Proposed IT2-W-FBRI,Proposed,alpha,0.85,5,43,0.827505869632626,0.573649741709644,0.604053136798613,1,42,0.007215
Proposed IT2-W-FBRI,Proposed,alpha,0.85,10,43,0.803575435049678,0.572290601927112,0.221140616929298,1,42,0.0072047
Proposed IT2-W-FBRI,Proposed,alpha,0.85,15,43,0.791423659573616,0.541411888077143,0.0613635849806203,1,42,0.0070496
Proposed IT2-W-FBRI,Proposed,alpha,0.85,20,43,0.788015731567597,0.531930138820296,0.0193908044589395,1,42,0.0071848
Proposed IT2-W-FBRI,Proposed,alpha,0.85,40,43,0.786649890436831,0.526642259993781,0.00284578672211637,1,43,0.0070821
Proposed IT2-W-FBRI,Proposed,alpha,0.9,0,43,0.844192445162856,0.3877984812254,0.988625360326209,1,43,0.0058879
Proposed IT2-W-FBRI,Proposed,alpha,0.9,5,43,0.838534520905556,0.464481582322028,0.837588494778925,1,42,0.0099643
Proposed IT2-W-FBRI,Proposed,alpha,0.9,10,43,0.827803645264007,0.571580174550728,0.608811487998536,1,42,0.0071443
Proposed IT2-W-FBRI,Proposed,alpha,0.9,15,43,0.818293188026117,0.602707803319334,0.441426922319477,1,42,0.0070558
Proposed IT2-W-FBRI,Proposed,alpha,0.9,20,43,0.811559207545541,0.589563005806819,0.335716956838201,1,42,0.0099071
Proposed IT2-W-FBRI,Proposed,alpha,0.9,40,43,0.801694116572913,0.567601993254094,0.194693404241952,1,42,0.009317
Proposed IT2-W-FBRI,Proposed,alpha,1,0,43,0.844414509046125,0.384334182589287,0.995244075964671,1,43,0.0084531
Proposed IT2-W-FBRI,Proposed,alpha,1,5,43,0.844414509046125,0.384334182589287,0.995244075964671,1,43,0.0100106
Proposed IT2-W-FBRI,Proposed,alpha,1,10,43,0.844414509046125,0.384334182589287,0.995244075964671,1,43,0.0073411
Proposed IT2-W-FBRI,Proposed,alpha,1,15,43,0.844414509046125,0.384334182589287,0.995244075964671,1,43,0.0077756
Proposed IT2-W-FBRI,Proposed,alpha,1,20,43,0.844414509046125,0.384334182589287,0.995244075964671,1,43,0.0072858
Proposed IT2-W-FBRI,Proposed,alpha,1,40,43,0.844414509046125,0.384334182589287,0.995244075964671,1,43,0.0070495
Isobe-APP,Convergence SOTA,none,NaN,NaN,43,0.844577841432337,0.38187776181979,0.999952680845484,1,42,0.0042098
RQE,Robust SOTA,rqe_tau,0.5,NaN,43,0.784784275256988,0.625559906266398,0.387079009704162,1,23,0.2237592
RQE,Robust SOTA,rqe_tau,1,NaN,43,0.784815039782183,0.625487473639187,0.387301729845702,1,23,0.2501061
RQE,Robust SOTA,rqe_tau,2,NaN,43,0.784877117596401,0.625341004627985,0.387751753161038,1,23,0.2184775
RQE,Robust SOTA,rqe_tau,5,NaN,43,0.785067294419777,0.624889687851915,0.389135510165119,1,23,0.2617446
RQE,Robust SOTA,rqe_tau,10,NaN,43,0.785393981673937,0.62410509295819,0.39153077557716,1,23,0.2310648
RQE,Robust SOTA,rqe_tau,20,NaN,43,0.786055124114193,0.622482052914037,0.396447004690457,1,24,0.2604093
RQE,Robust SOTA,rqe_tau,50,NaN,43,0.787551907596635,0.618567141884456,0.408046575209918,1,24,0.2678378
MF-RQE,Robust SOTA,mfrqe_tau,0.5,NaN,43,0.771723059684161,0.64996413961957,0.305679700496965,1,22,0.2363244
MF-RQE,Robust SOTA,mfrqe_tau,1,NaN,43,0.770892780218318,0.650620809960556,0.30159767495099,1,22,0.2132009
MF-RQE,Robust SOTA,mfrqe_tau,2,NaN,43,0.769263702777952,0.651575140223315,0.293680068763852,1,22,0.2287715
MF-RQE,Robust SOTA,mfrqe_tau,5,NaN,43,0.765036397893955,0.651148526156481,0.273686363205582,1,21,0.1877734
MF-RQE,Robust SOTA,mfrqe_tau,10,NaN,43,0.760969600153322,0.649780280575977,0.255170663561366,1,20,0.2000541
MF-RQE,Robust SOTA,mfrqe_tau,20,NaN,43,0.758783168077797,0.649147124881214,0.245498098235752,1,19,0.2011664
MF-RQE,Robust SOTA,mfrqe_tau,50,NaN,43,0.758415071580268,0.648843724337231,0.243887842033785,1,19,0.1775128
CVaR-game,Robust SOTA,cvar_alpha,0.05,NaN,43,0.727178351547922,0.730039924485944,1.14996634136185e-05,1,28,0.0880962
CVaR-game,Robust SOTA,cvar_alpha,0.1,NaN,43,0.727178351547922,0.730039924485944,1.14996634136185e-05,1,28,0.0846543
CVaR-game,Robust SOTA,cvar_alpha,0.2,NaN,43,0.727178351547922,0.730039924485944,1.14996634136185e-05,1,28,0.0910442
CVaR-game,Robust SOTA,cvar_alpha,0.3,NaN,43,0.727178351547922,0.730039924485944,1.14996634136185e-05,1,28,0.0880305
CVaR-game,Robust SOTA,cvar_alpha,0.5,NaN,43,0.84457618649067,0.38186695916982,0.999965501009759,1,28,0.0948438
CVaR-game,Robust SOTA,cvar_alpha,0.7,NaN,43,0.84457618649067,0.38186695916982,0.999965501009759,1,28,0.0931969
CVaR-game,Robust SOTA,cvar_alpha,0.9,NaN,43,0.84457618649067,0.38186695916982,0.999965501009759,1,28,0.0920507
DRNE-VI,Robust SOTA,drne_alpha,0.1,NaN,43,0.828487844941514,0.532454838443845,0.68314808412777,0,300,0.0061446
DRNE-VI,Robust SOTA,drne_alpha,0.3,NaN,43,0.823976267545608,0.561885536634578,0.614740028810854,0,300,0.0090827
DRNE-VI,Robust SOTA,drne_alpha,0.5,NaN,43,0.816393318577343,0.596210195750467,0.527848662315903,0,300,0.0061624
DRNE-VI,Robust SOTA,drne_alpha,0.7,NaN,43,0.797101988712416,0.648188654939513,0.372300867869437,0,300,0.0084034
DRNE-VI,Robust SOTA,drne_alpha,0.9,NaN,43,0.77621492356675,0.640842988812847,0.218513674676503,0,300,0.0060788
DRNE-VI,Robust SOTA,drne_alpha,0.95,NaN,43,0.775269440455317,0.640129962980732,0.211739533641091,0,300,0.003648
Proposed IT2-W-FBRI,Proposed,alpha,0,0,44,0.707899809763682,0.414426126535985,8.94774301156233e-05,1,41,0.00565
Proposed IT2-W-FBRI,Proposed,alpha,0,5,44,0.707588235753347,0.412943353714795,1.67057326128033e-05,1,46,0.0077737
Proposed IT2-W-FBRI,Proposed,alpha,0,10,44,0.707588598335679,0.412942833652922,1.39726748110635e-05,1,46,0.0077404
Proposed IT2-W-FBRI,Proposed,alpha,0,15,44,0.709616608714138,0.418955610288334,2.66574272378812e-05,1,44,0.011541
Proposed IT2-W-FBRI,Proposed,alpha,0,20,44,0.754954030504981,0.498604228049881,2.57581927368868e-05,1,44,0.0075824
Proposed IT2-W-FBRI,Proposed,alpha,0,40,44,0.791781931242078,0.804635316669775,1.21093114530832e-05,1,46,0.0078814
Proposed IT2-W-FBRI,Proposed,alpha,0.1,0,44,0.709755069184677,0.419527482545654,0.00151740999258841,1,41,0.0055933
Proposed IT2-W-FBRI,Proposed,alpha,0.1,5,44,0.707588859082301,0.412944049953868,1.86251638421356e-05,1,46,0.0075091
Proposed IT2-W-FBRI,Proposed,alpha,0.1,10,44,0.707589526177079,0.412946146284637,1.58603429094903e-05,1,46,0.0076025
Proposed IT2-W-FBRI,Proposed,alpha,0.1,15,44,0.714681099095372,0.429418190737481,3.04377765069004e-05,1,44,0.0095667
Proposed IT2-W-FBRI,Proposed,alpha,0.1,20,44,0.763959379613676,0.575943054737575,2.94990510970346e-05,1,44,0.0072362
Proposed IT2-W-FBRI,Proposed,alpha,0.1,40,44,0.791784123333115,0.804637035363972,1.39204347020038e-05,1,46,0.0085861
Proposed IT2-W-FBRI,Proposed,alpha,0.2,0,44,0.731812094371161,0.475926623973883,0.0601391394641452,1,52,0.0104942
Proposed IT2-W-FBRI,Proposed,alpha,0.2,5,44,0.707589451959582,0.412945064564051,2.06918342610657e-05,1,45,0.0072987
Proposed IT2-W-FBRI,Proposed,alpha,0.2,10,44,0.707597365231927,0.412982839008576,1.79469807043765e-05,1,45,0.0077184
Proposed IT2-W-FBRI,Proposed,alpha,0.2,15,44,0.724999502590653,0.449443750438834,3.46501404563015e-05,1,44,0.009921
Proposed IT2-W-FBRI,Proposed,alpha,0.2,20,44,0.772908296919481,0.6525967589119,3.36882181480679e-05,1,44,0.0084606
Proposed IT2-W-FBRI,Proposed,alpha,0.2,40,44,0.791785899810158,0.804638451228053,1.5960322670015e-05,1,46,0.0081701
Proposed IT2-W-FBRI,Proposed,alpha,0.3,0,44,0.829519962727127,0.582397635824723,0.576249883411387,1,48,0.0092259
Proposed IT2-W-FBRI,Proposed,alpha,0.3,5,44,0.707590075300444,0.4129463895829,2.28980116167898e-05,1,44,0.0129858
Proposed IT2-W-FBRI,Proposed,alpha,0.3,10,44,0.707711882680676,0.413536029434324,2.02287382619596e-05,1,45,0.0097967
Proposed IT2-W-FBRI,Proposed,alpha,0.3,15,44,0.739724804703739,0.474626705130923,3.93221031400173e-05,1,43,0.0092392
Proposed IT2-W-FBRI,Proposed,alpha,0.3,20,44,0.781115598405101,0.722313968591695,3.83584905830364e-05,1,43,0.0078162
Proposed IT2-W-FBRI,Proposed,alpha,0.3,40,44,0.791787367865211,0.804639645349118,1.82443270054366e-05,1,46,0.0079989
Proposed IT2-W-FBRI,Proposed,alpha,0.4,0,44,0.842118749655968,0.523490619942742,0.71986734112368,1,42,0.0057173
Proposed IT2-W-FBRI,Proposed,alpha,0.4,5,44,0.707592336420917,0.4129556891739,2.5232565153829e-05,1,44,0.0076034
Proposed IT2-W-FBRI,Proposed,alpha,0.4,10,44,0.709337719808939,0.418359271324026,3.24460548540993e-05,1,44,0.0074767
Proposed IT2-W-FBRI,Proposed,alpha,0.4,15,44,0.756919854320582,0.514917728626433,4.44512950088148e-05,1,43,0.0074042
Proposed IT2-W-FBRI,Proposed,alpha,0.4,20,44,0.787339397662442,0.77454900764263,4.35126519488652e-05,1,43,0.0140472
Proposed IT2-W-FBRI,Proposed,alpha,0.4,40,44,0.79178860997373,0.804640680209291,2.07877741420935e-05,1,45,0.00766
Proposed IT2-W-FBRI,Proposed,alpha,0.5,0,44,0.84786096047319,0.47873466856939,0.817368393212465,1,42,0.0062837
Proposed IT2-W-FBRI,Proposed,alpha,0.5,5,44,0.707676592958553,0.413362042770429,2.76951883192769e-05,1,43,0.0073545
Proposed IT2-W-FBRI,Proposed,alpha,0.5,10,44,0.722052031893694,0.443911397677307,5.18331314710437e-05,1,42,0.0071715
Proposed IT2-W-FBRI,Proposed,alpha,0.5,15,44,0.774119168035576,0.662924474802539,5.00577876765528e-05,1,42,0.0066423
Proposed IT2-W-FBRI,Proposed,alpha,0.5,20,44,0.790512549013683,0.799355234184238,3.44189473469575e-05,1,44,0.0082062
Proposed IT2-W-FBRI,Proposed,alpha,0.5,40,44,0.79178968851889,0.804641602799654,2.35921024795897e-05,1,45,0.0073067
Proposed IT2-W-FBRI,Proposed,alpha,0.6,0,44,0.851582639664147,0.443161401943774,0.891987787249817,1,42,0.0057174
Proposed IT2-W-FBRI,Proposed,alpha,0.6,5,44,0.71150569351418,0.422896851393135,4.32570340194039e-05,1,42,0.0068402
Proposed IT2-W-FBRI,Proposed,alpha,0.6,10,44,0.753064634727995,0.495229296573578,4.03915921880549e-05,1,43,0.0071644
Proposed IT2-W-FBRI,Proposed,alpha,0.6,15,44,0.786815615448668,0.770163903385209,5.61227576381758e-05,1,42,0.0072919
Proposed IT2-W-FBRI,Proposed,alpha,0.6,20,44,0.791500548296527,0.80442463728438,2.7113965274063e-05,1,44,0.0073471
Proposed IT2-W-FBRI,Proposed,alpha,0.6,40,44,0.791790651463372,0.804642449356942,2.66659481430293e-05,1,44,0.0072765
Proposed IT2-W-FBRI,Proposed,alpha,0.7,0,44,0.853953763257297,0.41816212440563,0.943559731764919,1,42,0.0094557
Proposed IT2-W-FBRI,Proposed,alpha,0.7,5,44,0.757271441663041,0.517104441194738,0.00132275654687585,1,42,0.0071011
Proposed IT2-W-FBRI,Proposed,alpha,0.7,10,44,0.783143771118008,0.739364125403856,5.76654363002065e-05,1,42,0.0081271
Proposed IT2-W-FBRI,Proposed,alpha,0.7,15,44,0.791142406776929,0.803448935228766,3.11274765300887e-05,1,43,0.0069755
Proposed IT2-W-FBRI,Proposed,alpha,0.7,20,44,0.79173065326987,0.804597546384723,3.04027888046516e-05,1,44,0.0074879
Proposed IT2-W-FBRI,Proposed,alpha,0.7,40,44,0.791791534448661,0.804643246438695,3.0000932749664e-05,1,44,0.0083622
Proposed IT2-W-FBRI,Proposed,alpha,0.8,0,44,0.85527700201094,0.403381506449709,0.973683089694736,1,42,0.0060376
Proposed IT2-W-FBRI,Proposed,alpha,0.8,5,44,0.817675799837693,0.683672123982742,0.334583758083059,1,42,0.0069893
Proposed IT2-W-FBRI,Proposed,alpha,0.8,10,44,0.793267750896379,0.802087950280785,0.0220698746199982,1,42,0.0064525
Proposed IT2-W-FBRI,Proposed,alpha,0.8,15,44,0.791857600631802,0.804741645356496,0.00149244418898174,1,43,0.0068893
Proposed IT2-W-FBRI,Proposed,alpha,0.8,20,44,0.791801242717742,0.804658651918888,0.000272730803423769,1,43,0.0070535
Proposed IT2-W-FBRI,Proposed,alpha,0.8,40,44,0.791793805493952,0.804645643826543,5.00199848001376e-05,1,43,0.0091365
Proposed IT2-W-FBRI,Proposed,alpha,0.85,0,44,0.855659814699911,0.398990486928417,0.982582533696929,1,43,0.0081798
Proposed IT2-W-FBRI,Proposed,alpha,0.85,5,44,0.836204052711329,0.576485619865532,0.604053136783603,1,42,0.0072219
Proposed IT2-W-FBRI,Proposed,alpha,0.85,10,44,0.809979549244002,0.730175391064905,0.22114061692919,1,42,0.008849
Proposed IT2-W-FBRI,Proposed,alpha,0.85,15,44,0.797066458032609,0.789320237760078,0.0613635849954107,1,42,0.0070213
Proposed IT2-W-FBRI,Proposed,alpha,0.85,20,44,0.793475180046095,0.803388076724054,0.0193908045106963,1,42,0.0069672
Proposed IT2-W-FBRI,Proposed,alpha,0.85,40,44,0.792039251256315,0.804923218912178,0.00284578678131308,1,43,0.0075898
Proposed IT2-W-FBRI,Proposed,alpha,0.9,0,44,0.855917705854162,0.396002706126327,0.988625360354117,1,43,0.0055543
Proposed IT2-W-FBRI,Proposed,alpha,0.9,5,44,0.848986345959419,0.469239041157678,0.837588494744092,1,42,0.0069576
Proposed IT2-W-FBRI,Proposed,alpha,0.9,10,44,0.836551392709488,0.57447328046492,0.608811487972342,1,42,0.0065166
Proposed IT2-W-FBRI,Proposed,alpha,0.9,15,44,0.82595498117141,0.639616817696348,0.441426922295317,1,42,0.0068592
Proposed IT2-W-FBRI,Proposed,alpha,0.9,20,44,0.818600367547929,0.684108524994895,0.335716956812964,1,42,0.0070077
Proposed IT2-W-FBRI,Proposed,alpha,0.9,40,44,0.807981378231738,0.740412790610437,0.194693404206992,1,42,0.0075228
Proposed IT2-W-FBRI,Proposed,alpha,1,0,44,0.856198347541063,0.39272451620147,0.995244076008099,1,43,0.005943
Proposed IT2-W-FBRI,Proposed,alpha,1,5,44,0.856198347541063,0.39272451620147,0.995244076008099,1,43,0.0072895
Proposed IT2-W-FBRI,Proposed,alpha,1,10,44,0.856198347541063,0.39272451620147,0.995244076008099,1,43,0.0072133
Proposed IT2-W-FBRI,Proposed,alpha,1,15,44,0.856198347541063,0.39272451620147,0.995244076008099,1,43,0.0078277
Proposed IT2-W-FBRI,Proposed,alpha,1,20,44,0.856198347541063,0.39272451620147,0.995244076008099,1,43,0.0071785
Proposed IT2-W-FBRI,Proposed,alpha,1,40,44,0.856198347541063,0.39272451620147,0.995244076008099,1,43,0.0072451
Isobe-APP,Convergence SOTA,none,NaN,NaN,44,0.856404304051026,0.390400744533698,0.999952767294405,1,42,0.004161
RQE,Robust SOTA,rqe_tau,0.5,NaN,44,0.787610939659374,0.62579049930129,0.387079009704162,1,23,0.2326991
RQE,Robust SOTA,rqe_tau,1,NaN,44,0.787645004711226,0.625717719227391,0.387301729845702,1,23,0.221467
RQE,Robust SOTA,rqe_tau,2,NaN,44,0.787713740466128,0.625570537899926,0.387751753161038,1,23,0.2243843
RQE,Robust SOTA,rqe_tau,5,NaN,44,0.787924298602069,0.625116944991165,0.389135510165119,1,23,0.2328118
RQE,Robust SOTA,rqe_tau,10,NaN,44,0.788285947942525,0.624328103484259,0.39153077557716,1,23,0.2446318
RQE,Robust SOTA,rqe_tau,20,NaN,44,0.78901764266383,0.622695178385426,0.396447004690457,1,24,0.2402251
RQE,Robust SOTA,rqe_tau,50,NaN,44,0.790673219646218,0.618749237046848,0.408046575209918,1,24,0.2708723
MF-RQE,Robust SOTA,mfrqe_tau,0.5,NaN,44,0.773027543919375,0.649780009819925,0.305679700496965,1,22,0.2391256
MF-RQE,Robust SOTA,mfrqe_tau,1,NaN,44,0.772108503437246,0.650307480825357,0.30159767495099,1,22,0.254911
MF-RQE,Robust SOTA,mfrqe_tau,2,NaN,44,0.770306603956387,0.651526957323592,0.293680068763852,1,22,0.2465356
MF-RQE,Robust SOTA,mfrqe_tau,5,NaN,44,0.765639235580398,0.648312373059628,0.273686363205582,1,21,0.193925
MF-RQE,Robust SOTA,mfrqe_tau,10,NaN,44,0.761160582990089,0.64239205296723,0.255170663561366,1,20,0.2017084
MF-RQE,Robust SOTA,mfrqe_tau,20,NaN,44,0.758757582363357,0.639158260512199,0.245498098235752,1,19,0.1943274
MF-RQE,Robust SOTA,mfrqe_tau,50,NaN,44,0.758353322269538,0.638621387960126,0.243887842033785,1,19,0.2205038
CVaR-game,Robust SOTA,cvar_alpha,0.05,NaN,44,0.707587077444909,0.412921974102336,1.14996634136185e-05,1,28,0.0939814
CVaR-game,Robust SOTA,cvar_alpha,0.1,NaN,44,0.707587077444909,0.412921974102336,1.14996634136185e-05,1,28,0.0940139
CVaR-game,Robust SOTA,cvar_alpha,0.2,NaN,44,0.707587077444909,0.412921974102336,1.14996634136185e-05,1,28,0.1006889
CVaR-game,Robust SOTA,cvar_alpha,0.3,NaN,44,0.707587077444909,0.412921974102336,1.14996634136185e-05,1,28,0.0922787
CVaR-game,Robust SOTA,cvar_alpha,0.5,NaN,44,0.856402548996436,0.39039070823142,0.999965501009759,1,28,0.1020766
CVaR-game,Robust SOTA,cvar_alpha,0.7,NaN,44,0.856402548996436,0.39039070823142,0.999965501009759,1,28,0.0978508
CVaR-game,Robust SOTA,cvar_alpha,0.9,NaN,44,0.856402548996436,0.39039070823142,0.999965501009759,1,28,0.1018399
DRNE-VI,Robust SOTA,drne_alpha,0.1,NaN,44,0.836992171316295,0.53603104942498,0.68314808412777,0,300,0.0062233
DRNE-VI,Robust SOTA,drne_alpha,0.3,NaN,44,0.831644637567282,0.564989484818374,0.614740028810854,0,300,0.0072192
DRNE-VI,Robust SOTA,drne_alpha,0.5,NaN,44,0.822458560292143,0.598285793219896,0.527848662315903,0,300,0.0078434
DRNE-VI,Robust SOTA,drne_alpha,0.7,NaN,44,0.798408847046725,0.64907308329961,0.372300867869437,0,300,0.0060948
DRNE-VI,Robust SOTA,drne_alpha,0.9,NaN,44,0.772350558860642,0.58669556292012,0.218513674676503,0,300,0.0060571
DRNE-VI,Robust SOTA,drne_alpha,0.95,NaN,44,0.771170895241722,0.583175201633714,0.211739533641091,0,300,0.0035191
Proposed IT2-W-FBRI,Proposed,alpha,0,0,45,0.725963819252071,0.729119313037133,8.94771688523229e-05,1,41,0.0056944
Proposed IT2-W-FBRI,Proposed,alpha,0,5,45,0.725758453665814,0.728819307073768,1.67056821979574e-05,1,46,0.0081152
Proposed IT2-W-FBRI,Proposed,alpha,0,10,45,0.725758883048831,0.728819630474531,1.3972626249455e-05,1,46,0.0079293
Proposed IT2-W-FBRI,Proposed,alpha,0,15,45,0.727076703974661,0.729094676646078,2.66573293694321e-05,1,44,0.010192
Proposed IT2-W-FBRI,Proposed,alpha,0,20,45,0.75607412125703,0.494705570442377,2.57580952932062e-05,1,44,0.007444
Proposed IT2-W-FBRI,Proposed,alpha,0,40,45,0.778672172556987,0.235734837309268,1.21092638981396e-05,1,46,0.0085134
Proposed IT2-W-FBRI,Proposed,alpha,0.1,0,45,0.727214598234331,0.729420998193394,0.00151740971043978,1,41,0.0058144
Proposed IT2-W-FBRI,Proposed,alpha,0.1,5,45,0.725759074009853,0.728819936140801,1.8625114191797e-05,1,46,0.0103222
Proposed IT2-W-FBRI,Proposed,alpha,0.1,10,45,0.725759599404975,0.728820547369901,1.58602947628657e-05,1,46,0.0082605
Proposed IT2-W-FBRI,Proposed,alpha,0.1,15,45,0.730363942312301,0.707514628198255,3.0437679297188e-05,1,44,0.007419
Proposed IT2-W-FBRI,Proposed,alpha,0.1,20,45,0.761697484978996,0.438891120198564,2.94989542344404e-05,1,44,0.0088191
Proposed IT2-W-FBRI,Proposed,alpha,0.1,40,45,0.778673583449098,0.235719764253815,1.39203873952148e-05,1,46,0.0077962
Proposed IT2-W-FBRI,Proposed,alpha,0.2,0,45,0.743333960680032,0.688205741178429,0.0601391385346997,1,52,0.0070865
Proposed IT2-W-FBRI,Proposed,alpha,0.2,5,45,0.725759633431177,0.728820536104311,2.06917651680335e-05,1,45,0.0076155
Proposed IT2-W-FBRI,Proposed,alpha,0.2,10,45,0.725764822522794,0.728828098770808,1.79469131177211e-05,1,45,0.0077248
Proposed IT2-W-FBRI,Proposed,alpha,0.2,15,45,0.737027531476926,0.657779326090139,3.46500442642232e-05,1,44,0.0085175
Proposed IT2-W-FBRI,Proposed,alpha,0.2,20,45,0.767228631077219,0.379302667928255,3.36881222159549e-05,1,44,0.0118858
Proposed IT2-W-FBRI,Proposed,alpha,0.2,40,45,0.778674758957497,0.235708544221491,1.59602757776987e-05,1,46,0.0100591
Proposed IT2-W-FBRI,Proposed,alpha,0.3,0,45,0.820799326456265,0.579609305282574,0.576249883175571,1,48,0.0085071
Proposed IT2-W-FBRI,Proposed,alpha,0.3,5,45,0.72576019863116,0.728821166386943,2.28979156372766e-05,1,44,0.0074095
Proposed IT2-W-FBRI,Proposed,alpha,0.3,10,45,0.725839484046054,0.728938030296687,2.02286717606542e-05,1,45,0.007523
Proposed IT2-W-FBRI,Proposed,alpha,0.3,15,45,0.746451048527055,0.580996404311583,3.93219682314291e-05,1,43,0.0082636
Proposed IT2-W-FBRI,Proposed,alpha,0.3,20,45,0.772245136763935,0.320186079613153,3.83583558957182e-05,1,43,0.0071273
Proposed IT2-W-FBRI,Proposed,alpha,0.3,40,45,0.778675763945126,0.235700312617235,1.82442807177939e-05,1,46,0.0077667
Proposed IT2-W-FBRI,Proposed,alpha,0.4,0,45,0.832098407820767,0.51905462563503,0.719867341081461,1,42,0.0059555
Proposed IT2-W-FBRI,Proposed,alpha,0.4,5,45,0.72576182637199,0.728823369611755,2.52324715723344e-05,1,44,0.0074926
Proposed IT2-W-FBRI,Proposed,alpha,0.4,10,45,0.726896822833058,0.72898314095705,3.24459617982346e-05,1,44,0.0075949
Proposed IT2-W-FBRI,Proposed,alpha,0.4,15,45,0.757307138387768,0.482876367000502,4.44511625885898e-05,1,43,0.0088618
Proposed IT2-W-FBRI,Proposed,alpha,0.4,20,45,0.77600903723839,0.27193832592905,4.35125196324479e-05,1,43,0.0073437
Proposed IT2-W-FBRI,Proposed,alpha,0.4,40,45,0.778676648416572,0.235694408928271,2.07877093439452e-05,1,45,0.0073808
Proposed IT2-W-FBRI,Proposed,alpha,0.5,0,45,0.837640708819802,0.473002907498353,0.817368393220576,1,42,0.0055714
Proposed IT2-W-FBRI,Proposed,alpha,0.5,5,45,0.725816821282286,0.728904260632562,2.76950587210372e-05,1,43,0.0072259
Proposed IT2-W-FBRI,Proposed,alpha,0.5,10,45,0.735129677281917,0.672229277077672,5.18329466310254e-05,1,42,0.0071063
Proposed IT2-W-FBRI,Proposed,alpha,0.5,15,45,0.76797311297209,0.370918527496016,5.0057603165793e-05,1,42,0.0071705
Proposed IT2-W-FBRI,Proposed,alpha,0.5,20,45,0.777913817510625,0.246254178164628,3.4418856802285e-05,1,44,0.0119821
Proposed IT2-W-FBRI,Proposed,alpha,0.5,40,45,0.778677449906563,0.23569031974258,2.35920390848879e-05,1,45,0.0108558
Proposed IT2-W-FBRI,Proposed,alpha,0.6,0,45,0.84127658400556,0.436586642795978,0.891987787266379,1,42,0.0059177
Proposed IT2-W-FBRI,Proposed,alpha,0.6,5,45,0.728305910314262,0.722385996479475,4.32568544345003e-05,1,42,0.0132291
Proposed IT2-W-FBRI,Proposed,alpha,0.6,10,45,0.754889476356995,0.503992342556959,4.03914664359835e-05,1,43,0.0096519
Proposed IT2-W-FBRI,Proposed,alpha,0.6,15,45,0.775694420606543,0.276126409959671,5.61225780463171e-05,1,42,0.0123796
Proposed IT2-W-FBRI,Proposed,alpha,0.6,20,45,0.77850493747751,0.23809729917843,2.7113877222665e-05,1,44,0.0092725
Proposed IT2-W-FBRI,Proposed,alpha,0.6,40,45,0.778678197301281,0.235687658002111,2.666586002218e-05,1,44,0.0120184
Proposed IT2-W-FBRI,Proposed,alpha,0.7,0,45,0.843575078283937,0.410263986379416,0.943559731767076,1,42,0.0057592
Proposed IT2-W-FBRI,Proposed,alpha,0.7,5,45,0.757576040311955,0.482353553414005,0.00132275635589521,1,42,0.0072988
Proposed IT2-W-FBRI,Proposed,alpha,0.7,10,45,0.773477617193267,0.304800115668217,5.7665262137783e-05,1,42,0.0073032
Proposed IT2-W-FBRI,Proposed,alpha,0.7,15,45,0.778291133471581,0.241069158760499,3.1127354550866e-05,1,43,0.0073465
Proposed IT2-W-FBRI,Proposed,alpha,0.7,20,45,0.778642559406624,0.236192664402573,3.04027034768864e-05,1,44,0.0072899
Proposed IT2-W-FBRI,Proposed,alpha,0.7,40,45,0.77867891169185,0.235686116593976,3.000084732613e-05,1,44,0.0072502
Proposed IT2-W-FBRI,Proposed,alpha,0.8,0,45,0.844846210947845,0.394669879511687,0.973683090434697,1,43,0.0064856
Proposed IT2-W-FBRI,Proposed,alpha,0.8,5,45,0.806785687801819,0.495657298684096,0.334583758040147,1,42,0.0073238
Proposed IT2-W-FBRI,Proposed,alpha,0.8,10,45,0.780490267264844,0.257348256500773,0.0220698745185496,1,42,0.00723
Proposed IT2-W-FBRI,Proposed,alpha,0.8,15,45,0.778780613728494,0.237403225770203,0.00149244407528467,1,43,0.0074575
Proposed IT2-W-FBRI,Proposed,alpha,0.8,20,45,0.778695079389429,0.23598219770019,0.00027273068611154,1,43,0.0094325
Proposed IT2-W-FBRI,Proposed,alpha,0.8,40,45,0.77868116841678,0.23569894342066,5.00198667509513e-05,1,43,0.0074576
Proposed IT2-W-FBRI,Proposed,alpha,0.85,0,45,0.84521207848905,0.390032803183992,0.982582533647087,1,43,0.0058272
Proposed IT2-W-FBRI,Proposed,alpha,0.85,5,45,0.825822094680181,0.573177919899715,0.604053136788752,1,42,0.0095231
Proposed IT2-W-FBRI,Proposed,alpha,0.85,10,45,0.798267843170675,0.40836494561501,0.221140616922557,1,42,0.0072515
Proposed IT2-W-FBRI,Proposed,alpha,0.85,15,45,0.784386646097649,0.285482332720154,0.0613635849661993,1,42,0.0070184
Proposed IT2-W-FBRI,Proposed,alpha,0.85,20,45,0.780502749372002,0.251552797699651,0.0193908044169699,1,42,0.0067921
Proposed IT2-W-FBRI,Proposed,alpha,0.85,40,45,0.778946670000702,0.237989711780893,0.00284578667500253,1,43,0.0070586
Proposed IT2-W-FBRI,Proposed,alpha,0.9,0,45,0.845458043903467,0.386876457525602,0.988625360287759,1,43,0.0089467
Proposed IT2-W-FBRI,Proposed,alpha,0.9,5,45,0.838718895322332,0.463424391236828,0.837588494764519,1,42,0.0085491
Proposed IT2-W-FBRI,Proposed,alpha,0.9,10,45,0.826155751621325,0.571112278331934,0.608811487986308,1,42,0.00696
Proposed IT2-W-FBRI,Proposed,alpha,0.9,15,45,0.815151037573976,0.563277398588021,0.441426922307768,1,42,0.0063986
Proposed IT2-W-FBRI,Proposed,alpha,0.9,20,45,0.807404551770268,0.490380881431706,0.335716956826293,1,42,0.0068064
Proposed IT2-W-FBRI,Proposed,alpha,0.9,40,45,0.796103796729932,0.38831211507063,0.19469340422773,1,42,0.0069898
Proposed IT2-W-FBRI,Proposed,alpha,1,0,45,0.845725222438285,0.383412256250264,0.995244075919874,1,43,0.0056555
Proposed IT2-W-FBRI,Proposed,alpha,1,5,45,0.845725222438285,0.383412256250264,0.995244075919874,1,43,0.0069024
Proposed IT2-W-FBRI,Proposed,alpha,1,10,45,0.845725222438285,0.383412256250264,0.995244075919874,1,43,0.0069926
Proposed IT2-W-FBRI,Proposed,alpha,1,15,45,0.845725222438285,0.383412256250264,0.995244075919874,1,43,0.0071696
Proposed IT2-W-FBRI,Proposed,alpha,1,20,45,0.845725222438285,0.383412256250264,0.995244075919874,1,43,0.0074918
Proposed IT2-W-FBRI,Proposed,alpha,1,40,45,0.845725222438285,0.383412256250264,0.995244075919874,1,43,0.0070088
Isobe-APP,Convergence SOTA,none,NaN,NaN,45,0.845920367492611,0.381004780892757,0.999952595289681,1,42,0.0046343
RQE,Robust SOTA,rqe_tau,0.5,NaN,45,0.782189991449587,0.625215644706749,0.387079009704162,1,23,0.2182108
RQE,Robust SOTA,rqe_tau,1,NaN,45,0.782222433396552,0.625143051305395,0.387301729845702,1,23,0.2284675
RQE,Robust SOTA,rqe_tau,2,NaN,45,0.782287902209456,0.624996249208906,0.387751753161038,1,23,0.2312348
RQE,Robust SOTA,rqe_tau,5,NaN,45,0.782488519210403,0.624543839357953,0.389135510165119,1,23,0.2429204
RQE,Robust SOTA,rqe_tau,10,NaN,45,0.782833324161849,0.623757105815887,0.39153077557716,1,23,0.2189278
RQE,Robust SOTA,rqe_tau,20,NaN,45,0.783531827290489,0.622128705374244,0.396447004690457,1,24,0.2432631
RQE,Robust SOTA,rqe_tau,50,NaN,45,0.785117882164713,0.618194392131292,0.408046575209918,1,24,0.2759853
MF-RQE,Robust SOTA,mfrqe_tau,0.5,NaN,45,0.768571202618949,0.649283368184359,0.305679700496965,1,22,0.2327824
MF-RQE,Robust SOTA,mfrqe_tau,1,NaN,45,0.767713523893643,0.650304636580001,0.30159767495099,1,22,0.2052137
MF-RQE,Robust SOTA,mfrqe_tau,2,NaN,45,0.766031022905975,0.651250287267087,0.293680068763852,1,22,0.260002
MF-RQE,Robust SOTA,mfrqe_tau,5,NaN,45,0.761667005417563,0.650163673829087,0.273686363205582,1,21,0.2029794
MF-RQE,Robust SOTA,mfrqe_tau,10,NaN,45,0.757471005085623,0.648574988931005,0.255170663561366,1,20,0.2096886
MF-RQE,Robust SOTA,mfrqe_tau,20,NaN,45,0.755215924970406,0.647877420568735,0.245498098235752,1,19,0.1865733
MF-RQE,Robust SOTA,mfrqe_tau,50,NaN,45,0.75483632623715,0.647772884564402,0.243887842033785,1,19,0.1821755
CVaR-game,Robust SOTA,cvar_alpha,0.05,NaN,45,0.725759090370439,0.728818188900513,1.14996634136185e-05,1,28,0.0950726
CVaR-game,Robust SOTA,cvar_alpha,0.1,NaN,45,0.725759090370439,0.728818188900513,1.14996634136185e-05,1,28,0.0836693
CVaR-game,Robust SOTA,cvar_alpha,0.2,NaN,45,0.725759090370439,0.728818188900513,1.14996634136185e-05,1,28,0.0945839
CVaR-game,Robust SOTA,cvar_alpha,0.3,NaN,45,0.725759090370439,0.728818188900513,1.14996634136185e-05,1,28,0.0852195
CVaR-game,Robust SOTA,cvar_alpha,0.5,NaN,45,0.845918843813251,0.380994965078844,0.999965501009759,1,28,0.0860383
CVaR-game,Robust SOTA,cvar_alpha,0.7,NaN,45,0.845918843813251,0.380994965078844,0.999965501009759,1,28,0.0983286
CVaR-game,Robust SOTA,cvar_alpha,0.9,NaN,45,0.845918843813251,0.380994965078844,0.999965501009759,1,28,0.098639
DRNE-VI,Robust SOTA,drne_alpha,0.1,NaN,45,0.827661519107286,0.532070796890446,0.68314808412777,0,300,0.0060993
DRNE-VI,Robust SOTA,drne_alpha,0.3,NaN,45,0.822678887322137,0.561771522854788,0.614740028810854,0,300,0.0059662
DRNE-VI,Robust SOTA,drne_alpha,0.5,NaN,45,0.814626650274421,0.595795587039801,0.527848662315903,0,300,0.0060755
DRNE-VI,Robust SOTA,drne_alpha,0.7,NaN,45,0.794937951852861,0.647926320413185,0.372300867869437,0,300,0.005979
DRNE-VI,Robust SOTA,drne_alpha,0.9,NaN,45,0.773691632348897,0.640113302485386,0.218513674676503,0,300,0.0059048
DRNE-VI,Robust SOTA,drne_alpha,0.95,NaN,45,0.772730144746867,0.639368951733279,0.211739533641091,0,300,0.0034296
Proposed IT2-W-FBRI,Proposed,alpha,0,0,46,0.730272333125488,0.729807642933167,8.94771912443345e-05,1,41,0.005646
Proposed IT2-W-FBRI,Proposed,alpha,0,5,46,0.730086952992163,0.729462949410168,1.67056823439115e-05,1,46,0.0115431
Proposed IT2-W-FBRI,Proposed,alpha,0,10,46,0.730087326600728,0.729463341952947,1.39726284170113e-05,1,46,0.0076967
Proposed IT2-W-FBRI,Proposed,alpha,0,15,46,0.731269340401111,0.729102717867034,2.66573351964687e-05,1,44,0.0070042
Proposed IT2-W-FBRI,Proposed,alpha,0,20,46,0.75708700285553,0.496425655603645,2.57581017310128e-05,1,44,0.0098337
Proposed IT2-W-FBRI,Proposed,alpha,0,40,46,0.776838785599888,0.238093543852104,1.21092674779448e-05,1,46,0.0075338
Proposed IT2-W-FBRI,Proposed,alpha,0.1,0,46,0.731415776474579,0.729276435104236,0.00151740968892341,1,41,0.0053759
Proposed IT2-W-FBRI,Proposed,alpha,0.1,5,46,0.730087555177284,0.729463574751267,1.86251145602595e-05,1,46,0.0102579
Proposed IT2-W-FBRI,Proposed,alpha,0.1,10,46,0.73008800362923,0.729464327593442,1.58602969038794e-05,1,46,0.0078513
Proposed IT2-W-FBRI,Proposed,alpha,0.1,15,46,0.734215021632059,0.708796115200601,3.04376849833939e-05,1,44,0.0111423
Proposed IT2-W-FBRI,Proposed,alpha,0.1,20,46,0.762040780530378,0.439245227057036,2.94989605181866e-05,1,44,0.0072775
Proposed IT2-W-FBRI,Proposed,alpha,0.1,40,46,0.77684004269355,0.238078868339545,1.3920390915094e-05,1,46,0.0077731
Proposed IT2-W-FBRI,Proposed,alpha,0.2,0,46,0.746735852108704,0.689557094761956,0.0601391372114064,1,52,0.0083688
Proposed IT2-W-FBRI,Proposed,alpha,0.2,5,46,0.730088100048935,0.729464173316563,2.06917667992405e-05,1,45,0.0064369
Proposed IT2-W-FBRI,Proposed,alpha,0.2,10,46,0.73009272729994,0.729472986705119,1.79469167401565e-05,1,45,0.0072229
Proposed IT2-W-FBRI,Proposed,alpha,0.2,15,46,0.740172995411545,0.65920147409681,3.46500500361964e-05,1,44,0.007286
Proposed IT2-W-FBRI,Proposed,alpha,0.2,20,46,0.766891042258278,0.378782090479905,3.36881285586053e-05,1,44,0.0070808
Proposed IT2-W-FBRI,Proposed,alpha,0.2,40,46,0.776841101533122,0.238067948932528,1.59602793327062e-05,1,46,0.0076703
Proposed IT2-W-FBRI,Proposed,alpha,0.3,0,46,0.823251503324062,0.583024051354547,0.576249882737011,1,48,0.0061837
Proposed IT2-W-FBRI,Proposed,alpha,0.3,5,46,0.730088650251569,0.729464807130584,2.28979197330221e-05,1,44,0.0084065
Proposed IT2-W-FBRI,Proposed,alpha,0.3,10,46,0.730159751924323,0.729600139857632,2.02286757159172e-05,1,45,0.0116418
Proposed IT2-W-FBRI,Proposed,alpha,0.3,15,46,0.748565068105731,0.581909365037807,3.93219777239431e-05,1,43,0.0090328
Proposed IT2-W-FBRI,Proposed,alpha,0.3,20,46,0.771267957599745,0.320525008290288,3.83583661103239e-05,1,43,0.007479
Proposed IT2-W-FBRI,Proposed,alpha,0.3,40,46,0.776842018440557,0.238059943243607,1.82442844227653e-05,1,46,0.0083495
Proposed IT2-W-FBRI,Proposed,alpha,0.4,0,46,0.835277949880616,0.523333666018337,0.719867340990339,1,42,0.0049852
Proposed IT2-W-FBRI,Proposed,alpha,0.4,5,46,0.730090154899396,0.729467259615248,2.52324769277905e-05,1,44,0.0071365
Proposed IT2-W-FBRI,Proposed,alpha,0.4,10,46,0.731108258256687,0.729587825151573,3.24459682363501e-05,1,44,0.0074928
Proposed IT2-W-FBRI,Proposed,alpha,0.4,15,46,0.758175336533899,0.484319757234974,4.44511729864342e-05,1,43,0.0069781
Proposed IT2-W-FBRI,Proposed,alpha,0.4,20,46,0.774536123812102,0.273648385405521,4.35125306797558e-05,1,43,0.0092142
Proposed IT2-W-FBRI,Proposed,alpha,0.4,40,46,0.776842836892335,0.238054207801411,2.07877153394328e-05,1,45,0.0073783
Proposed IT2-W-FBRI,Proposed,alpha,0.5,0,46,0.841519816728879,0.478601974341106,0.81736839322407,1,42,0.0072084
Proposed IT2-W-FBRI,Proposed,alpha,0.5,5,46,0.73013954065233,0.729560793190258,2.76950693530055e-05,1,43,0.0069528
Proposed IT2-W-FBRI,Proposed,alpha,0.5,10,46,0.738478295717394,0.673827356784277,5.18329630135838e-05,1,42,0.010356
Proposed IT2-W-FBRI,Proposed,alpha,0.5,15,46,0.767542321858994,0.370448474642237,5.00515597743705e-05,1,43,0.0071415
Proposed IT2-W-FBRI,Proposed,alpha,0.5,20,46,0.776184158556963,0.248346601418606,3.44188654297622e-05,1,44,0.00739
Proposed IT2-W-FBRI,Proposed,alpha,0.5,40,46,0.776843589359089,0.238050242225752,2.35920456607241e-05,1,45,0.0107288
Proposed IT2-W-FBRI,Proposed,alpha,0.6,0,46,0.845735433132841,0.44352617454872,0.891987787289885,1,42,0.0055955
Proposed IT2-W-FBRI,Proposed,alpha,0.6,5,46,0.73237168648509,0.723336131194103,4.32568730664002e-05,1,42,0.0070407
Proposed IT2-W-FBRI,Proposed,alpha,0.6,10,46,0.756041226414847,0.504496516299489,4.03914798722352e-05,1,43,0.0069653
Proposed IT2-W-FBRI,Proposed,alpha,0.6,15,46,0.774263787542023,0.277711133730141,5.61225982284903e-05,1,42,0.0068539
Proposed IT2-W-FBRI,Proposed,alpha,0.6,20,46,0.776694729709273,0.240395825090417,2.71138874201491e-05,1,44,0.008989
Proposed IT2-W-FBRI,Proposed,alpha,0.6,40,46,0.776844300917096,0.238047669533516,2.66658708616763e-05,1,44,0.0070518
Proposed IT2-W-FBRI,Proposed,alpha,0.7,0,46,0.848445990567167,0.418459781055631,0.943559731802515,1,42,0.0052978
Proposed IT2-W-FBRI,Proposed,alpha,0.7,5,46,0.758434375567036,0.483760058484841,0.00132275635527732,1,42,0.0065133
Proposed IT2-W-FBRI,Proposed,alpha,0.7,10,46,0.772340234709901,0.30555871928075,5.76652852866899e-05,1,42,0.0069262
Proposed IT2-W-FBRI,Proposed,alpha,0.7,15,46,0.776510186301414,0.243292174911013,3.11273712783657e-05,1,43,0.0071488
Proposed IT2-W-FBRI,Proposed,alpha,0.7,20,46,0.776813614215368,0.238539804214841,3.04027151451623e-05,1,44,0.0068085
Proposed IT2-W-FBRI,Proposed,alpha,0.7,40,46,0.776844989644761,0.238046190264176,3.00008595167017e-05,1,44,0.0072363
Proposed IT2-W-FBRI,Proposed,alpha,0.8,0,46,0.849961003468365,0.403380787540668,0.973683089691776,1,42,0.0054147
Proposed IT2-W-FBRI,Proposed,alpha,0.8,5,46,0.807193859265991,0.496154575104834,0.334583757963904,1,42,0.008577
Proposed IT2-W-FBRI,Proposed,alpha,0.8,10,46,0.778829351563523,0.259454133365678,0.0220698744973499,1,42,0.0069615
Proposed IT2-W-FBRI,Proposed,alpha,0.8,15,46,0.776960811900902,0.239738861135902,0.00149244409138431,1,43,0.0074042
Proposed IT2-W-FBRI,Proposed,alpha,0.8,20,46,0.776863605446312,0.238337910567729,0.000272730705046451,1,43,0.0073984
Proposed IT2-W-FBRI,Proposed,alpha,0.8,40,46,0.776847330136743,0.238058932095466,5.00198866739592e-05,1,43,0.007773
Proposed IT2-W-FBRI,Proposed,alpha,0.85,0,46,0.850399328033092,0.398896197630095,0.982582533676644,1,43,0.0057177
Proposed IT2-W-FBRI,Proposed,alpha,0.85,5,46,0.828079003686881,0.577159326829626,0.604053136787168,1,42,0.010695
Proposed IT2-W-FBRI,Proposed,alpha,0.85,10,46,0.797851688393956,0.408603946021825,0.22114061690078,1,42,0.0091839
Proposed IT2-W-FBRI,Proposed,alpha,0.85,15,46,0.782936707799841,0.286924008002509,0.0613635849458748,1,42,0.0071542
Proposed IT2-W-FBRI,Proposed,alpha,0.85,20,46,0.778789309510798,0.253768149922155,0.0193908044206661,1,42,0.0095188
Proposed IT2-W-FBRI,Proposed,alpha,0.85,40,46,0.777130090213561,0.240328348465818,0.00284578669393014,1,43,0.0107635
Proposed IT2-W-FBRI,Proposed,alpha,0.9,0,46,0.850694592620303,0.395843460784348,0.988625360317178,1,43,0.006241
Proposed IT2-W-FBRI,Proposed,alpha,0.9,5,46,0.842746539411452,0.469291152609672,0.83758849478908,1,42,0.0090914
Proposed IT2-W-FBRI,Proposed,alpha,0.9,10,46,0.828442614901821,0.575067771569961,0.608811487998458,1,42,0.0072075
Proposed IT2-W-FBRI,Proposed,alpha,0.9,15,46,0.816231757753968,0.562901986237625,0.441426922316918,1,42,0.0092385
Proposed IT2-W-FBRI,Proposed,alpha,0.9,20,46,0.80775249759694,0.490936074642942,0.335716956836809,1,42,0.0106398
Proposed IT2-W-FBRI,Proposed,alpha,0.9,40,46,0.795508541391173,0.388536693034166,0.194693404251947,1,42,0.0157097
Proposed IT2-W-FBRI,Proposed,alpha,1,0,46,0.851015856776978,0.392492799398157,0.99524407594857,1,43,0.0101994
Proposed IT2-W-FBRI,Proposed,alpha,1,5,46,0.851015856776978,0.392492799398157,0.99524407594857,1,43,0.0114574
Proposed IT2-W-FBRI,Proposed,alpha,1,10,46,0.851015856776978,0.392492799398157,0.99524407594857,1,43,0.0076467
Proposed IT2-W-FBRI,Proposed,alpha,1,15,46,0.851015856776978,0.392492799398157,0.99524407594857,1,43,0.0071715
Proposed IT2-W-FBRI,Proposed,alpha,1,20,46,0.851015856776978,0.392492799398157,0.99524407594857,1,43,0.0072928
Proposed IT2-W-FBRI,Proposed,alpha,1,40,46,0.851015856776978,0.392492799398157,0.99524407594857,1,43,0.0080886
Isobe-APP,Convergence SOTA,none,NaN,NaN,46,0.851248973749127,0.390116437860549,0.99995266671164,1,42,0.0045363
RQE,Robust SOTA,rqe_tau,0.5,NaN,46,0.785420552308322,0.627102059355671,0.387079009704162,1,23,0.2159133
RQE,Robust SOTA,rqe_tau,1,NaN,46,0.78545323724262,0.627031396041196,0.387301729845702,1,23,0.23197
RQE,Robust SOTA,rqe_tau,2,NaN,46,0.785519203613087,0.626888499312297,0.387751753161038,1,23,0.2331601
RQE,Robust SOTA,rqe_tau,5,NaN,46,0.785721405356734,0.626448144216363,0.389135510165119,1,23,0.2409753
RQE,Robust SOTA,rqe_tau,10,NaN,46,0.786069148234323,0.625682445578618,0.39153077557716,1,23,0.205035
RQE,Robust SOTA,rqe_tau,20,NaN,46,0.786774410305489,0.624097900124176,0.396447004690457,1,24,0.2295255
RQE,Robust SOTA,rqe_tau,50,NaN,46,0.788381329352968,0.620271971592312,0.408046575209918,1,24,0.2606376
MF-RQE,Robust SOTA,mfrqe_tau,0.5,NaN,46,0.771861517884367,0.650818189265783,0.305679700496965,1,22,0.2343995
MF-RQE,Robust SOTA,mfrqe_tau,1,NaN,46,0.771019600284097,0.651288277983121,0.30159767495099,1,22,0.2089301
MF-RQE,Robust SOTA,mfrqe_tau,2,NaN,46,0.769368876938907,0.651697457972401,0.293680068763852,1,22,0.2272907
MF-RQE,Robust SOTA,mfrqe_tau,5,NaN,46,0.765092430444549,0.650002133397031,0.273686363205582,1,21,0.2151997
MF-RQE,Robust SOTA,mfrqe_tau,10,NaN,46,0.760987297795263,0.648549602997106,0.255170663561366,1,20,0.210573
MF-RQE,Robust SOTA,mfrqe_tau,20,NaN,46,0.758783648449593,0.647902311048666,0.245498098235752,1,19,0.250202
MF-RQE,Robust SOTA,mfrqe_tau,50,NaN,46,0.758412875330755,0.647802116833502,0.243887842033785,1,19,0.1802339
CVaR-game,Robust SOTA,cvar_alpha,0.05,NaN,46,0.730087611343977,0.729461426410052,1.14996634136185e-05,1,28,0.0832509
CVaR-game,Robust SOTA,cvar_alpha,0.1,NaN,46,0.730087611343977,0.729461426410052,1.14996634136185e-05,1,28,0.0957626
CVaR-game,Robust SOTA,cvar_alpha,0.2,NaN,46,0.730087611343977,0.729461426410052,1.14996634136185e-05,1,28,0.0950504
CVaR-game,Robust SOTA,cvar_alpha,0.3,NaN,46,0.730087611343977,0.729461426410052,1.14996634136185e-05,1,28,0.0927708
CVaR-game,Robust SOTA,cvar_alpha,0.5,NaN,46,0.851247724050662,0.390106287093682,0.999965501009759,1,28,0.099684
CVaR-game,Robust SOTA,cvar_alpha,0.7,NaN,46,0.851247724050662,0.390106287093682,0.999965501009759,1,28,0.1141433
CVaR-game,Robust SOTA,cvar_alpha,0.9,NaN,46,0.851247724050662,0.390106287093682,0.999965501009759,1,28,0.101661
DRNE-VI,Robust SOTA,drne_alpha,0.1,NaN,46,0.83080119596784,0.535980395531401,0.68314808412777,0,300,0.0058998
DRNE-VI,Robust SOTA,drne_alpha,0.3,NaN,46,0.82541833642428,0.565320090182076,0.614740028810854,0,300,0.0061789
DRNE-VI,Robust SOTA,drne_alpha,0.5,NaN,46,0.817035400494551,0.598984579797787,0.527848662315903,0,300,0.0060342
DRNE-VI,Robust SOTA,drne_alpha,0.7,NaN,46,0.797303836974817,0.649523958849906,0.372300867869437,0,300,0.0060447
DRNE-VI,Robust SOTA,drne_alpha,0.9,NaN,46,0.776120795850869,0.640304786261792,0.218513674676503,0,300,0.0060581
DRNE-VI,Robust SOTA,drne_alpha,0.95,NaN,46,0.775162971578538,0.6396012683457,0.211739533641091,0,300,0.003388
Proposed IT2-W-FBRI,Proposed,alpha,0,0,47,0.722860463196742,0.729118407168751,8.94771144016275e-05,1,41,0.0056459
Proposed IT2-W-FBRI,Proposed,alpha,0,5,47,0.722653141112518,0.72889595848202,1.67056740035669e-05,1,46,0.0075415
Proposed IT2-W-FBRI,Proposed,alpha,0,10,47,0.722653525574684,0.728894814918046,1.39726172615137e-05,1,46,0.0073917
Proposed IT2-W-FBRI,Proposed,alpha,0,15,47,0.723983229514666,0.726664586666231,2.66573104678211e-05,1,44,0.0069861
Proposed IT2-W-FBRI,Proposed,alpha,0,20,47,0.752813389817504,0.494542718658242,2.57580761424842e-05,1,44,0.0064199
Proposed IT2-W-FBRI,Proposed,alpha,0,40,47,0.774427664984631,0.229733573701051,1.21092543424161e-05,1,46,0.0076943
Proposed IT2-W-FBRI,Proposed,alpha,0.1,0,47,0.724124529648967,0.7274882929356,0.00151740967793375,1,41,0.0054952
Proposed IT2-W-FBRI,Proposed,alpha,0.1,5,47,0.722653745261521,0.728896361944025,1.86251059766567e-05,1,46,0.0073633
Proposed IT2-W-FBRI,Proposed,alpha,0.1,10,47,0.722654242846967,0.728894331700545,1.58602858333634e-05,1,46,0.0073906
Proposed IT2-W-FBRI,Proposed,alpha,0.1,15,47,0.727293241930443,0.703797381372901,3.04376605363086e-05,1,44,0.007495
Proposed IT2-W-FBRI,Proposed,alpha,0.1,20,47,0.758283701022977,0.438405666491552,2.94989352242495e-05,1,44,0.0071126
Proposed IT2-W-FBRI,Proposed,alpha,0.1,40,47,0.77442899832532,0.22971795698496,1.39203778998791e-05,1,46,0.0074283
Proposed IT2-W-FBRI,Proposed,alpha,0.2,0,47,0.74043938348327,0.685150827448911,0.0601391391941734,1,52,0.006373
Proposed IT2-W-FBRI,Proposed,alpha,0.2,5,47,0.72265429548765,0.72889674552146,2.06917531013494e-05,1,45,0.0077246
Proposed IT2-W-FBRI,Proposed,alpha,0.2,10,47,0.722659508779121,0.72888175208237,1.79469002202954e-05,1,45,0.0074042
Proposed IT2-W-FBRI,Proposed,alpha,0.2,15,47,0.733974313360073,0.654477709216472,3.46500255791059e-05,1,44,0.0072691
Proposed IT2-W-FBRI,Proposed,alpha,0.2,20,47,0.763611984043495,0.377559478660241,3.36881032869393e-05,1,44,0.0075648
Proposed IT2-W-FBRI,Proposed,alpha,0.2,40,47,0.774430115292438,0.229706311784139,1.5960266317408e-05,1,46,0.0075126
Proposed IT2-W-FBRI,Proposed,alpha,0.3,0,47,0.818682589972102,0.579891067004562,0.576249883398959,1,48,0.0072922
Proposed IT2-W-FBRI,Proposed,alpha,0.3,5,47,0.722654854714764,0.728897087255611,2.28978978533665e-05,1,44,0.0098527
Proposed IT2-W-FBRI,Proposed,alpha,0.3,10,47,0.722734857423806,0.728930425518227,2.02286588294014e-05,1,45,0.0078354
Proposed IT2-W-FBRI,Proposed,alpha,0.3,15,47,0.743348331571908,0.577935741750859,3.93219412247766e-05,1,43,0.0073666
Proposed IT2-W-FBRI,Proposed,alpha,0.3,20,47,0.768391961109905,0.316585697018908,3.83583285726729e-05,1,43,0.0072659
Proposed IT2-W-FBRI,Proposed,alpha,0.3,40,47,0.774431076407259,0.22969774495038,1.82442712606636e-05,1,46,0.0080979
Proposed IT2-W-FBRI,Proposed,alpha,0.4,0,47,0.83026482818064,0.519303338828777,0.719867341108661,1,42,0.0058353
Proposed IT2-W-FBRI,Proposed,alpha,0.4,5,47,0.722656487768683,0.728894578468509,2.52324534628131e-05,1,44,0.0087408
Proposed IT2-W-FBRI,Proposed,alpha,0.4,10,47,0.723801660343105,0.727444187898144,3.24459431766364e-05,1,44,0.0074902
Proposed IT2-W-FBRI,Proposed,alpha,0.4,15,47,0.754017121388365,0.482673139614613,4.44511354461975e-05,1,43,0.0073543
Proposed IT2-W-FBRI,Proposed,alpha,0.4,20,47,0.771940135908035,0.26656221900245,4.35124921980011e-05,1,43,0.0103309
Proposed IT2-W-FBRI,Proposed,alpha,0.4,40,47,0.774431928361759,0.229691574052774,2.07876956553475e-05,1,45,0.0089667
Proposed IT2-W-FBRI,Proposed,alpha,0.5,0,47,0.836033494850802,0.473583770282496,0.817368393199712,1,42,0.0055326
Proposed IT2-W-FBRI,Proposed,alpha,0.5,5,47,0.722711984599343,0.728895200923095,2.76950318876478e-05,1,43,0.0068674
Proposed IT2-W-FBRI,Proposed,alpha,0.5,10,47,0.732075602807251,0.668552469178768,5.18329076655506e-05,1,42,0.0079182
Proposed IT2-W-FBRI,Proposed,alpha,0.5,15,47,0.764324846545033,0.368898078538511,5.0057563589199e-05,1,42,0.0097392
Proposed IT2-W-FBRI,Proposed,alpha,0.5,20,47,0.773721505109572,0.24054703348161,3.44188374241929e-05,1,44,0.0076542
Proposed IT2-W-FBRI,Proposed,alpha,0.5,40,47,0.774432706102934,0.229687268937596,2.35920252915969e-05,1,45,0.0077063
Proposed IT2-W-FBRI,Proposed,alpha,0.6,0,47,0.839839206446849,0.437372739235197,0.891987787236591,1,42,0.0056787
Proposed IT2-W-FBRI,Proposed,alpha,0.6,5,47,0.72522180900959,0.718791666020738,4.32568151128716e-05,1,42,0.0070073
Proposed IT2-W-FBRI,Proposed,alpha,0.6,10,47,0.751654860881434,0.499456047924723,4.03914386603815e-05,1,43,0.0072139
Proposed IT2-W-FBRI,Proposed,alpha,0.6,15,47,0.771645068425656,0.270963486445548,5.61225378809894e-05,1,42,0.0073347
Proposed IT2-W-FBRI,Proposed,alpha,0.6,20,47,0.774272208399477,0.232172139540272,2.71138573957963e-05,1,44,0.0081825
Proposed IT2-W-FBRI,Proposed,alpha,0.6,40,47,0.774433436591535,0.229684429718583,2.66658399201159e-05,1,44,0.0100182
Proposed IT2-W-FBRI,Proposed,alpha,0.7,0,47,0.842250022975981,0.411371684227141,0.943559731731511,1,42,0.0054794
Proposed IT2-W-FBRI,Proposed,alpha,0.7,5,47,0.754286341310083,0.482138839089058,0.00132275632893382,1,42,0.0066717
Proposed IT2-W-FBRI,Proposed,alpha,0.7,10,47,0.769557861076968,0.300813678791081,5.7665221250966e-05,1,42,0.0069189
Proposed IT2-W-FBRI,Proposed,alpha,0.7,15,47,0.774073169510877,0.235239419740668,3.11273256521636e-05,1,43,0.0070081
Proposed IT2-W-FBRI,Proposed,alpha,0.7,20,47,0.774400321529574,0.230205736848557,3.04026832867236e-05,1,44,0.0069869
Proposed IT2-W-FBRI,Proposed,alpha,0.7,40,47,0.774434139367635,0.229682739533486,3.00008269105281e-05,1,44,0.0071011
Proposed IT2-W-FBRI,Proposed,alpha,0.8,0,47,0.843584556332057,0.395949460389644,0.97368309040629,1,43,0.005996
Proposed IT2-W-FBRI,Proposed,alpha,0.8,5,47,0.803818755476657,0.492077452194216,0.334583758060098,1,42,0.0095619
Proposed IT2-W-FBRI,Proposed,alpha,0.8,10,47,0.776353806690688,0.251323247265762,0.0220698745021616,1,42,0.0067323
Proposed IT2-W-FBRI,Proposed,alpha,0.8,15,47,0.774544438107603,0.231413865759118,0.00149244404722707,1,43,0.0070379
Proposed IT2-W-FBRI,Proposed,alpha,0.8,20,47,0.774451786877123,0.229981500337844,0.000272730656675138,1,43,0.0068585
Proposed IT2-W-FBRI,Proposed,alpha,0.8,40,47,0.774436456214674,0.229695407113769,5.00198368664632e-05,1,43,0.0111786
Proposed IT2-W-FBRI,Proposed,alpha,0.85,0,47,0.84396883279476,0.39137993242645,0.98258253361742,1,43,0.0060009
Proposed IT2-W-FBRI,Proposed,alpha,0.85,5,47,0.823661353837461,0.573820111532763,0.60405313676896,1,42,0.0071583
Proposed IT2-W-FBRI,Proposed,alpha,0.85,10,47,0.794879648408177,0.403017319133786,0.22114061691012,1,42,0.0068032
Proposed IT2-W-FBRI,Proposed,alpha,0.85,15,47,0.780390618075534,0.279077523929273,0.0613635849512355,1,42,0.0069717
Proposed IT2-W-FBRI,Proposed,alpha,0.85,20,47,0.776337462235545,0.245509578345203,0.0193908043885713,1,42,0.0068565
Proposed IT2-W-FBRI,Proposed,alpha,0.85,40,47,0.774713436256679,0.231980804932579,0.00284578664624101,1,43,0.0069187
Proposed IT2-W-FBRI,Proposed,alpha,0.9,0,47,0.844227213234547,0.388236694201259,0.988625360257226,1,43,0.0056958
Proposed IT2-W-FBRI,Proposed,alpha,0.9,5,47,0.837156834734434,0.464062731925402,0.837588494734324,1,42,0.0086995
Proposed IT2-W-FBRI,Proposed,alpha,0.9,10,47,0.824006687366138,0.571765963085655,0.608811487960716,1,42,0.0073422
Proposed IT2-W-FBRI,Proposed,alpha,0.9,15,47,0.812504963850449,0.560203777483198,0.441426922283258,1,42,0.0074196
Proposed IT2-W-FBRI,Proposed,alpha,0.9,20,47,0.804414281370107,0.486802666984907,0.33571695680127,1,42,0.0101725
Proposed IT2-W-FBRI,Proposed,alpha,0.9,40,47,0.792616880784018,0.382449474205852,0.194693404197649,1,42,0.007111
Proposed IT2-W-FBRI,Proposed,alpha,1,0,47,0.844507909550702,0.384821427003434,0.995244075888411,1,43,0.0057491
Proposed IT2-W-FBRI,Proposed,alpha,1,5,47,0.844507909550702,0.384821427003434,0.995244075888411,1,43,0.0084519
Proposed IT2-W-FBRI,Proposed,alpha,1,10,47,0.844507909550702,0.384821427003434,0.995244075888411,1,43,0.0076413
Proposed IT2-W-FBRI,Proposed,alpha,1,15,47,0.844507909550702,0.384821427003434,0.995244075888411,1,43,0.0071148
Proposed IT2-W-FBRI,Proposed,alpha,1,20,47,0.844507909550702,0.384821427003434,0.995244075888411,1,43,0.0070051
Proposed IT2-W-FBRI,Proposed,alpha,1,40,47,0.844507909550702,0.384821427003434,0.995244075888411,1,43,0.0074653
Isobe-APP,Convergence SOTA,none,NaN,NaN,47,0.844712415808607,0.382417779297661,0.999952543715388,1,42,0.0040821
RQE,Robust SOTA,rqe_tau,0.5,NaN,47,0.780560909217676,0.625554705095888,0.387079009704162,1,23,0.2432252
RQE,Robust SOTA,rqe_tau,1,NaN,47,0.780593309882005,0.625480246622423,0.387301729845702,1,23,0.2485192
RQE,Robust SOTA,rqe_tau,2,NaN,47,0.780658698018897,0.625329672940168,0.387751753161038,1,23,0.2096791
RQE,Robust SOTA,rqe_tau,5,NaN,47,0.780859089833709,0.624865640574563,0.389135510165119,1,23,0.243923
RQE,Robust SOTA,rqe_tau,10,NaN,47,0.781203586655995,0.62405869900149,0.39153077557716,1,23,0.2577282
RQE,Robust SOTA,rqe_tau,20,NaN,47,0.781901759017158,0.622388484816587,0.396447004690457,1,24,0.2376307
RQE,Robust SOTA,rqe_tau,50,NaN,47,0.783489133104192,0.618354205647213,0.408046575209918,1,24,0.261395
MF-RQE,Robust SOTA,mfrqe_tau,0.5,NaN,47,0.767013753564229,0.649405177113578,0.305679700496965,1,22,0.223808
MF-RQE,Robust SOTA,mfrqe_tau,1,NaN,47,0.766166232873305,0.650204154915817,0.30159767495099,1,22,0.2312313
MF-RQE,Robust SOTA,mfrqe_tau,2,NaN,47,0.764504114572085,0.65098981289189,0.293680068763852,1,22,0.2405426
MF-RQE,Robust SOTA,mfrqe_tau,5,NaN,47,0.760195751890586,0.648843555408282,0.273686363205582,1,21,0.1938888
MF-RQE,Robust SOTA,mfrqe_tau,10,NaN,47,0.756056968129166,0.647210303574938,0.255170663561366,1,20,0.199855
MF-RQE,Robust SOTA,mfrqe_tau,20,NaN,47,0.753834129609075,0.646551507467837,0.245498098235752,1,19,0.2103657
MF-RQE,Robust SOTA,mfrqe_tau,50,NaN,47,0.753460053782967,0.64645453131797,0.243887842033785,1,19,0.2085731
CVaR-game,Robust SOTA,cvar_alpha,0.05,NaN,47,0.722653526253497,0.728900403139382,1.14996634136185e-05,1,28,0.1223629
CVaR-game,Robust SOTA,cvar_alpha,0.1,NaN,47,0.722653526253497,0.728900403139382,1.14996634136185e-05,1,28,0.1006399
CVaR-game,Robust SOTA,cvar_alpha,0.2,NaN,47,0.722653526253497,0.728900403139382,1.14996634136185e-05,1,28,0.0891796
CVaR-game,Robust SOTA,cvar_alpha,0.3,NaN,47,0.722653526253497,0.728900403139382,1.14996634136185e-05,1,28,0.0997696
CVaR-game,Robust SOTA,cvar_alpha,0.5,NaN,47,0.844710985186735,0.38240757263476,0.999965501009759,1,28,0.0917165
CVaR-game,Robust SOTA,cvar_alpha,0.7,NaN,47,0.844710985186735,0.38240757263476,0.999965501009759,1,28,0.0947189
CVaR-game,Robust SOTA,cvar_alpha,0.9,NaN,47,0.844710985186735,0.38240757263476,0.999965501009759,1,28,0.0975015
DRNE-VI,Robust SOTA,drne_alpha,0.1,NaN,47,0.825818528382472,0.532068024999021,0.68314808412777,0,300,0.0062009
DRNE-VI,Robust SOTA,drne_alpha,0.3,NaN,47,0.820689836284655,0.561983183364333,0.614740028810854,0,300,0.0073479
DRNE-VI,Robust SOTA,drne_alpha,0.5,NaN,47,0.812489687265892,0.596162780028468,0.527848662315903,0,300,0.0061619
DRNE-VI,Robust SOTA,drne_alpha,0.7,NaN,47,0.792631631797726,0.64797673581721,0.372300867869437,0,300,0.006075
DRNE-VI,Robust SOTA,drne_alpha,0.9,NaN,47,0.771156565725111,0.637144892578847,0.218513674676503,0,300,0.0060474
DRNE-VI,Robust SOTA,drne_alpha,0.95,NaN,47,0.770183071907562,0.636406036707831,0.211739533641091,0,300,0.006864
Proposed IT2-W-FBRI,Proposed,alpha,0,0,48,0.723796708876892,0.730178818486834,8.94770198537792e-05,1,41,0.0056915
Proposed IT2-W-FBRI,Proposed,alpha,0,5,48,0.723550908014582,0.729872828554921,1.67056480856777e-05,1,46,0.0093085
Proposed IT2-W-FBRI,Proposed,alpha,0,10,48,0.723551310404331,0.729873922633971,1.39725961709701e-05,1,46,0.0100705
Proposed IT2-W-FBRI,Proposed,alpha,0,15,48,0.725141197062079,0.730266131238804,2.66572707515276e-05,1,44,0.0094153
Proposed IT2-W-FBRI,Proposed,alpha,0,20,48,0.760691886661865,0.497860803644642,2.57580378802341e-05,1,44,0.0083967
Proposed IT2-W-FBRI,Proposed,alpha,0,40,48,0.789564249942315,0.803543492327497,1.21092366494324e-05,1,46,0.0072733
Proposed IT2-W-FBRI,Proposed,alpha,0.1,0,48,0.725275598300679,0.730577448780768,0.00151740949705473,1,41,0.0052177
Proposed IT2-W-FBRI,Proposed,alpha,0.1,5,48,0.72355152025764,0.729873059968252,1.862508075581e-05,1,46,0.0077983
Proposed IT2-W-FBRI,Proposed,alpha,0.1,10,48,0.723552101428294,0.729874451630238,1.58602647871629e-05,1,46,0.007333
Proposed IT2-W-FBRI,Proposed,alpha,0.1,15,48,0.729113487686377,0.709090162734578,3.04376206733786e-05,1,44,0.0072787
Proposed IT2-W-FBRI,Proposed,alpha,0.1,20,48,0.767751777759457,0.5768836171986,2.94988967770992e-05,1,44,0.0072927
Proposed IT2-W-FBRI,Proposed,alpha,0.1,40,48,0.789566018491309,0.80354509776499,1.39203601579571e-05,1,46,0.0072835
Proposed IT2-W-FBRI,Proposed,alpha,0.2,0,48,0.743564878330178,0.690096912868984,0.0601391366829564,1,52,0.0068802
Proposed IT2-W-FBRI,Proposed,alpha,0.2,5,48,0.723552084201202,0.729873213306256,2.06917199803184e-05,1,45,0.0079629
Proposed IT2-W-FBRI,Proposed,alpha,0.2,10,48,0.72355831809323,0.729882101974692,1.794687170021e-05,1,45,0.0073941
Proposed IT2-W-FBRI,Proposed,alpha,0.2,15,48,0.737205712402026,0.659671268813765,3.46585590153848e-05,1,43,0.0072787
Proposed IT2-W-FBRI,Proposed,alpha,0.2,20,48,0.774767289500662,0.654039716833265,3.36880652404638e-05,1,44,0.007221
Proposed IT2-W-FBRI,Proposed,alpha,0.2,40,48,0.78956746741074,0.803546424229243,1.59602487905426e-05,1,46,0.0068166
Proposed IT2-W-FBRI,Proposed,alpha,0.3,0,48,0.828773036756881,0.582554676764894,0.576249882568137,1,48,0.0063609
Proposed IT2-W-FBRI,Proposed,alpha,0.3,5,48,0.723552663557284,0.72987336052473,2.28978551641183e-05,1,44,0.0091849
Proposed IT2-W-FBRI,Proposed,alpha,0.3,10,48,0.723648214447052,0.730000345615887,2.02286313566428e-05,1,45,0.0072158
Proposed IT2-W-FBRI,Proposed,alpha,0.3,15,48,0.748752301136751,0.583157843458305,3.9321888403762e-05,1,43,0.0069774
Proposed IT2-W-FBRI,Proposed,alpha,0.3,20,48,0.78120151567312,0.723148497329497,3.8358277448732e-05,1,43,0.0083167
Proposed IT2-W-FBRI,Proposed,alpha,0.3,40,48,0.789568681164014,0.803547546963867,1.82442542646525e-05,1,46,0.0073581
Proposed IT2-W-FBRI,Proposed,alpha,0.4,0,48,0.84063037845276,0.522235064158793,0.719867340831707,1,42,0.0050912
Proposed IT2-W-FBRI,Proposed,alpha,0.4,5,48,0.72355452532914,0.729875174056469,2.52324142615898e-05,1,44,0.0069382
Proposed IT2-W-FBRI,Proposed,alpha,0.4,10,48,0.724923281826839,0.730230687452961,3.24459062546725e-05,1,44,0.0070574
Proposed IT2-W-FBRI,Proposed,alpha,0.4,15,48,0.762233509869453,0.514764038869712,4.44510853973648e-05,1,43,0.0069643
Proposed IT2-W-FBRI,Proposed,alpha,0.4,20,48,0.786081001576231,0.774985220355176,4.35124436677256e-05,1,43,0.006876
Proposed IT2-W-FBRI,Proposed,alpha,0.4,40,48,0.789569724778238,0.80354852395254,2.07876733415785e-05,1,45,0.0084264
Proposed IT2-W-FBRI,Proposed,alpha,0.5,0,48,0.846287157673834,0.476279864783598,0.817368393102877,1,42,0.0054119
Proposed IT2-W-FBRI,Proposed,alpha,0.5,5,48,0.723620701978343,0.729961996365053,2.76949836527245e-05,1,43,0.0073696
Proposed IT2-W-FBRI,Proposed,alpha,0.5,10,48,0.734894713295588,0.674279856146502,5.18328410084602e-05,1,42,0.0070766
Proposed IT2-W-FBRI,Proposed,alpha,0.5,15,48,0.775716968355235,0.664285585042524,5.00574997968227e-05,1,42,0.0102537
Proposed IT2-W-FBRI,Proposed,alpha,0.5,20,48,0.788569173101766,0.800836542955591,3.44188061076589e-05,1,44,0.0075049
Proposed IT2-W-FBRI,Proposed,alpha,0.5,40,48,0.789570647322594,0.803549398787346,2.35920047252718e-05,1,45,0.0075644
Proposed IT2-W-FBRI,Proposed,alpha,0.6,0,48,0.850004522194053,0.440164613734382,0.891987787185191,1,42,0.005385
Proposed IT2-W-FBRI,Proposed,alpha,0.6,5,48,0.726623964521283,0.723302472527285,4.3256755553984e-05,1,42,0.0062567
Proposed IT2-W-FBRI,Proposed,alpha,0.6,10,48,0.759211659600705,0.506161429231613,4.03913975362206e-05,1,43,0.0089593
Proposed IT2-W-FBRI,Proposed,alpha,0.6,15,48,0.785670689998342,0.770562758416856,5.61224812539322e-05,1,42,0.0068999
Proposed IT2-W-FBRI,Proposed,alpha,0.6,20,48,0.789344028922313,0.803348327168182,2.7113830364422e-05,1,44,0.0074242
Proposed IT2-W-FBRI,Proposed,alpha,0.6,40,48,0.789571486503212,0.803550205057933,2.66658145193128e-05,1,44,0.0072132
Proposed IT2-W-FBRI,Proposed,alpha,0.7,0,48,0.852377892166729,0.414922624183852,0.9435597317113,1,42,0.0060532
Proposed IT2-W-FBRI,Proposed,alpha,0.7,5,48,0.762533822322801,0.516994124278961,0.00132275624682807,1,42,0.0070562
Proposed IT2-W-FBRI,Proposed,alpha,0.7,10,48,0.782792569158156,0.740029927785337,5.76651731524971e-05,1,42,0.0092995
Proposed IT2-W-FBRI,Proposed,alpha,0.7,15,48,0.789063333072511,0.803098994622885,3.11272930303493e-05,1,43,0.0069991
Proposed IT2-W-FBRI,Proposed,alpha,0.7,20,48,0.789524535031998,0.80350862091997,3.04039018480705e-05,1,43,0.007074
Proposed IT2-W-FBRI,Proposed,alpha,0.7,40,48,0.789572270196337,0.80355096736802,3.00008053982215e-05,1,44,0.00729
Proposed IT2-W-FBRI,Proposed,alpha,0.8,0,48,0.85370189786237,0.399973445969394,0.97368309040464,1,43,0.0077507
Proposed IT2-W-FBRI,Proposed,alpha,0.8,5,48,0.815976298331029,0.682482113405593,0.334583757815999,1,42,0.0071345
Proposed IT2-W-FBRI,Proposed,alpha,0.8,10,48,0.791171046654598,0.798619509958767,0.0220698743478027,1,42,0.0110584
Proposed IT2-W-FBRI,Proposed,alpha,0.8,15,48,0.789653589069831,0.803609074744031,0.00149244401329389,1,43,0.0120451
Proposed IT2-W-FBRI,Proposed,alpha,0.8,20,48,0.78958480115167,0.803566489720806,0.000272730630184146,1,43,0.0072605
Proposed IT2-W-FBRI,Proposed,alpha,0.8,40,48,0.78957448067627,0.80355329830707,5.00198129659274e-05,1,43,0.0085816
Proposed IT2-W-FBRI,Proposed,alpha,0.85,0,48,0.854084758991599,0.395528713535615,0.982582533617848,1,43,0.0057856
Proposed IT2-W-FBRI,Proposed,alpha,0.85,5,48,0.834538544735232,0.576716794120776,0.604053136654543,1,42,0.0070753
Proposed IT2-W-FBRI,Proposed,alpha,0.85,10,48,0.808019968971312,0.727178272410117,0.221140616742199,1,42,0.0071122
Proposed IT2-W-FBRI,Proposed,alpha,0.85,15,48,0.794924645530005,0.785349378586178,0.0613635847844014,1,42,0.0069953
Proposed IT2-W-FBRI,Proposed,alpha,0.85,20,48,0.79128076386296,0.799930947797392,0.0193908042868433,1,42,0.0070429
Proposed IT2-W-FBRI,Proposed,alpha,0.85,40,48,0.789823327139913,0.803490089401555,0.00284578661961013,1,43,0.0072578
Proposed IT2-W-FBRI,Proposed,alpha,0.9,0,48,0.854342628004805,0.39250342910013,0.988625360257933,1,43,0.0057905
Proposed IT2-W-FBRI,Proposed,alpha,0.9,5,48,0.847396202438731,0.466621404651337,0.837588494684504,1,42,0.009229
Proposed IT2-W-FBRI,Proposed,alpha,0.9,10,48,0.834876675579687,0.574671781126631,0.608811487878188,1,42,0.0070683
Proposed IT2-W-FBRI,Proposed,alpha,0.9,15,48,0.824174023867511,0.639273459154993,0.441426922192629,1,42,0.0073784
Proposed IT2-W-FBRI,Proposed,alpha,0.9,20,48,0.816734489209585,0.682925699985591,0.335716956714155,1,42,0.0072105
Proposed IT2-W-FBRI,Proposed,alpha,0.9,40,48,0.80598200760556,0.73715674739959,0.194693404146685,1,42,0.007125
Proposed IT2-W-FBRI,Proposed,alpha,1,0,48,0.854623187633113,0.389183194637285,0.99524407588806,1,43,0.0057909
Proposed IT2-W-FBRI,Proposed,alpha,1,5,48,0.854623187633113,0.389183194637285,0.99524407588806,1,43,0.0071562
Proposed IT2-W-FBRI,Proposed,alpha,1,10,48,0.854623187633113,0.389183194637285,0.99524407588806,1,43,0.0115581
Proposed IT2-W-FBRI,Proposed,alpha,1,15,48,0.854623187633113,0.389183194637285,0.99524407588806,1,43,0.0072715
Proposed IT2-W-FBRI,Proposed,alpha,1,20,48,0.854623187633113,0.389183194637285,0.99524407588806,1,43,0.0074361
Proposed IT2-W-FBRI,Proposed,alpha,1,40,48,0.854623187633113,0.389183194637285,0.99524407588806,1,43,0.0087842
Isobe-APP,Convergence SOTA,none,NaN,NaN,48,0.85482846799252,0.386828495784316,0.999952661467819,1,42,0.003768
RQE,Robust SOTA,rqe_tau,0.5,NaN,48,0.788999940301764,0.626331998163857,0.387079009704162,1,23,0.2310491
RQE,Robust SOTA,rqe_tau,1,NaN,48,0.789032747804196,0.626259093014878,0.387301729845702,1,23,0.2298766
RQE,Robust SOTA,rqe_tau,2,NaN,48,0.789098950755178,0.626111663756376,0.387751753161038,1,23,0.2370745
RQE,Robust SOTA,rqe_tau,5,NaN,48,0.789301788282827,0.625657348657907,0.389135510165119,1,23,0.2685801
RQE,Robust SOTA,rqe_tau,10,NaN,48,0.789650309142735,0.624867400470002,0.39153077557716,1,23,0.2400276
RQE,Robust SOTA,rqe_tau,20,NaN,48,0.790355954491606,0.623232759185667,0.396447004690457,1,24,0.2568766
RQE,Robust SOTA,rqe_tau,50,NaN,48,0.791955741849482,0.619285997620164,0.408046575209918,1,24,0.2789506
MF-RQE,Robust SOTA,mfrqe_tau,0.5,NaN,48,0.775108192333541,0.650467991588538,0.305679700496965,1,22,0.2295331
MF-RQE,Robust SOTA,mfrqe_tau,1,NaN,48,0.774233178341526,0.651028418001595,0.30159767495099,1,22,0.2374103
MF-RQE,Robust SOTA,mfrqe_tau,2,NaN,48,0.772517243958084,0.651844513357278,0.293680068763852,1,22,0.2429757
MF-RQE,Robust SOTA,mfrqe_tau,5,NaN,48,0.768070137585329,0.651302710444373,0.273686363205582,1,21,0.2032841
MF-RQE,Robust SOTA,mfrqe_tau,10,NaN,48,0.76379926213442,0.649720501002141,0.255170663561366,1,20,0.1935448
MF-RQE,Robust SOTA,mfrqe_tau,20,NaN,48,0.76150607720039,0.648755903282061,0.245498098235752,1,19,0.2237055
MF-RQE,Robust SOTA,mfrqe_tau,50,NaN,48,0.76112019426176,0.648651293739512,0.243887842033785,1,19,0.198425
CVaR-game,Robust SOTA,cvar_alpha,0.05,NaN,48,0.72355082564553,0.729873255173579,1.14996634136185e-05,1,28,0.0874522
CVaR-game,Robust SOTA,cvar_alpha,0.1,NaN,48,0.72355082564553,0.729873255173579,1.14996634136185e-05,1,28,0.084578
CVaR-game,Robust SOTA,cvar_alpha,0.2,NaN,48,0.72355082564553,0.729873255173579,1.14996634136185e-05,1,28,0.0854343
CVaR-game,Robust SOTA,cvar_alpha,0.3,NaN,48,0.72355082564553,0.729873255173579,1.14996634136185e-05,1,28,0.0929844
CVaR-game,Robust SOTA,cvar_alpha,0.5,NaN,48,0.854826869979916,0.386818448002319,0.999965501009759,1,28,0.1165757
CVaR-game,Robust SOTA,cvar_alpha,0.7,NaN,48,0.854826869979916,0.386818448002319,0.999965501009759,1,28,0.1234498
CVaR-game,Robust SOTA,cvar_alpha,0.9,NaN,48,0.854826869979916,0.386818448002319,0.999965501009759,1,28,0.0955846
DRNE-VI,Robust SOTA,drne_alpha,0.1,NaN,48,0.835888220865905,0.535044028399771,0.68314808412777,0,300,0.0062252
DRNE-VI,Robust SOTA,drne_alpha,0.3,NaN,48,0.830755251939527,0.564838189497163,0.614740028810854,0,300,0.0063891
DRNE-VI,Robust SOTA,drne_alpha,0.5,NaN,48,0.822238030731676,0.598598082758748,0.527848662315903,0,300,0.0065566
DRNE-VI,Robust SOTA,drne_alpha,0.7,NaN,48,0.800786285652203,0.649353160938196,0.372300867869437,0,300,0.0063735
DRNE-VI,Robust SOTA,drne_alpha,0.9,NaN,48,0.777735413382483,0.641773136799718,0.218513674676503,0,300,0.0061766
DRNE-VI,Robust SOTA,drne_alpha,0.95,NaN,48,0.776695257526253,0.641072076180217,0.211739533641091,0,300,0.0034364
Proposed IT2-W-FBRI,Proposed,alpha,0,0,49,0.703907138297757,0.0979666217418908,8.94775869309e-05,1,41,0.0056801
Proposed IT2-W-FBRI,Proposed,alpha,0,5,49,0.70359163356052,0.0953526470976094,1.67057699594918e-05,1,46,0.009403
Proposed IT2-W-FBRI,Proposed,alpha,0,10,49,0.703592058396179,0.0953511874529887,1.3972707275468e-05,1,46,0.0076046
Proposed IT2-W-FBRI,Proposed,alpha,0,15,49,0.705651365063401,0.112801367482802,2.66574901391134e-05,1,44,0.0070533
Proposed IT2-W-FBRI,Proposed,alpha,0,20,49,0.751682658700723,0.498313074414422,2.57582542332563e-05,1,44,0.0073251
Proposed IT2-W-FBRI,Proposed,alpha,0,40,49,0.788998840023078,0.800442797453266,1.2109340640339e-05,1,46,0.0073916
Proposed IT2-W-FBRI,Proposed,alpha,0.1,0,49,0.705772679358273,0.113058341076103,0.00151741023707714,1,41,0.0055102
Proposed IT2-W-FBRI,Proposed,alpha,0.1,5,49,0.703592253311684,0.0953533861686553,1.862520029147e-05,1,46,0.0076768
Proposed IT2-W-FBRI,Proposed,alpha,0.1,10,49,0.703592980173784,0.095356800361004,1.58603751661419e-05,1,46,0.0073147
Proposed IT2-W-FBRI,Proposed,alpha,0.1,15,49,0.710794707959927,0.156677286326456,3.04378392623824e-05,1,44,0.0084837
Proposed IT2-W-FBRI,Proposed,alpha,0.1,20,49,0.760817746300178,0.575920179823179,2.94991125158078e-05,1,44,0.0076093
Proposed IT2-W-FBRI,Proposed,alpha,0.1,40,49,0.789001037371898,0.800444174120438,1.39204638372573e-05,1,46,0.0072883
Proposed IT2-W-FBRI,Proposed,alpha,0.2,0,49,0.72740898792889,0.268499886269858,0.0601391422159083,1,52,0.0064713
Proposed IT2-W-FBRI,Proposed,alpha,0.2,5,49,0.703592836774977,0.0953547928818095,2.06918831221509e-05,1,45,0.0075956
Proposed IT2-W-FBRI,Proposed,alpha,0.2,10,49,0.703600918407024,0.095421347818301,1.79470249890235e-05,1,45,0.007222
Proposed IT2-W-FBRI,Proposed,alpha,0.2,15,49,0.721273476018856,0.246921032351052,3.46502024069498e-05,1,44,0.0071585
Proposed IT2-W-FBRI,Proposed,alpha,0.2,20,49,0.769890201754611,0.652929539432122,3.36882788613957e-05,1,44,0.0070138
Proposed IT2-W-FBRI,Proposed,alpha,0.2,40,49,0.789002812006043,0.800445328586058,1.59603514665783e-05,1,46,0.0069988
Proposed IT2-W-FBRI,Proposed,alpha,0.3,0,49,0.819675706735915,0.577807693028983,0.576249884286222,1,48,0.0062098
Proposed IT2-W-FBRI,Proposed,alpha,0.3,5,49,0.703593447973114,0.0953567857953714,2.28980764055321e-05,1,44,0.0069426
Proposed IT2-W-FBRI,Proposed,alpha,0.3,10,49,0.703717194339014,0.096398065916688,2.02287812316795e-05,1,45,0.0075865
Proposed IT2-W-FBRI,Proposed,alpha,0.3,15,49,0.736225273130536,0.375101901451607,3.93221877196717e-05,1,43,0.007333
Proposed IT2-W-FBRI,Proposed,alpha,0.3,20,49,0.778204582760964,0.723011325862398,3.83585736538977e-05,1,43,0.0071786
Proposed IT2-W-FBRI,Proposed,alpha,0.3,40,49,0.789004272153457,0.800446323195837,1.82443551238353e-05,1,46,0.007294
Proposed IT2-W-FBRI,Proposed,alpha,0.4,0,49,0.830426035527075,0.516627431513748,0.719867341350386,1,42,0.0054017
Proposed IT2-W-FBRI,Proposed,alpha,0.4,5,49,0.703595720222078,0.0953728736438825,2.52326260500075e-05,1,44,0.0074459
Proposed IT2-W-FBRI,Proposed,alpha,0.4,10,49,0.705368151166987,0.11036709779714,3.24461135132338e-05,1,44,0.0070884
Proposed IT2-W-FBRI,Proposed,alpha,0.4,15,49,0.753676985267535,0.515053085492965,4.44513762816977e-05,1,43,0.0070025
Proposed IT2-W-FBRI,Proposed,alpha,0.4,20,49,0.784504542359092,0.775503713879575,4.3512731916437e-05,1,43,0.0073112
Proposed IT2-W-FBRI,Proposed,alpha,0.4,40,49,0.789005501041894,0.800447206089158,2.07878121358322e-05,1,45,0.0090849
Proposed IT2-W-FBRI,Proposed,alpha,0.5,0,49,0.834832851274437,0.470649857713807,0.817368393250299,1,42,0.0063318
Proposed IT2-W-FBRI,Proposed,alpha,0.5,5,49,0.70368126319747,0.0960901935942997,2.76952671286657e-05,1,43,0.0067709
Proposed IT2-W-FBRI,Proposed,alpha,0.5,10,49,0.718280058347699,0.221158032703363,5.18332418520769e-05,1,42,0.0067951
Proposed IT2-W-FBRI,Proposed,alpha,0.5,15,49,0.771117108084295,0.663301596599248,5.00517540763147e-05,1,43,0.009125
Proposed IT2-W-FBRI,Proposed,alpha,0.5,20,49,0.787714792133049,0.799712535742682,3.44190002891349e-05,1,44,0.0072527
Proposed IT2-W-FBRI,Proposed,alpha,0.5,40,49,0.789006561752757,0.800448013176502,2.35921384641682e-05,1,45,0.0072428
Proposed IT2-W-FBRI,Proposed,alpha,0.6,0,49,0.837500100805325,0.433901901496889,0.89198778724541,1,42,0.0053612
Proposed IT2-W-FBRI,Proposed,alpha,0.6,5,49,0.707569770763631,0.129038835294219,4.32571365554701e-05,1,42,0.0067283
Proposed IT2-W-FBRI,Proposed,alpha,0.6,10,49,0.749765419969591,0.490433133273966,4.03916633890335e-05,1,43,0.00735
Proposed IT2-W-FBRI,Proposed,alpha,0.6,15,49,0.783974399571716,0.771097919476651,5.6122857508344e-05,1,42,0.0070942
Proposed IT2-W-FBRI,Proposed,alpha,0.6,20,49,0.788714138229966,0.800282627480348,2.71140136440454e-05,1,44,0.0071871
Proposed IT2-W-FBRI,Proposed,alpha,0.6,40,49,0.789007502676215,0.80044877231308,2.66659952496599e-05,1,44,0.0070531
Proposed IT2-W-FBRI,Proposed,alpha,0.7,0,49,0.839127815658921,0.407341949988752,0.943559731743243,1,42,0.0063579
Proposed IT2-W-FBRI,Proposed,alpha,0.7,5,49,0.754017595361822,0.517243951796851,0.00132275668188704,1,42,0.006895
Proposed IT2-W-FBRI,Proposed,alpha,0.7,10,49,0.78025801171487,0.740186224240087,5.76655269682623e-05,1,42,0.0067807
Proposed IT2-W-FBRI,Proposed,alpha,0.7,15,49,0.788351918046152,0.800077000625268,3.11275391031436e-05,1,43,0.0070379
Proposed IT2-W-FBRI,Proposed,alpha,0.7,20,49,0.788946790239292,0.80041469121521,3.04028326152025e-05,1,44,0.0073301
Proposed IT2-W-FBRI,Proposed,alpha,0.7,40,49,0.789008359962757,0.80044950349932,3.00009755500165e-05,1,44,0.0094611
Proposed IT2-W-FBRI,Proposed,alpha,0.8,0,49,0.840011411325895,0.391596898251533,0.973683090457456,1,43,0.0057667
Proposed IT2-W-FBRI,Proposed,alpha,0.8,5,49,0.810956094280953,0.681921719722471,0.33458375828231,1,42,0.0070369
Proposed IT2-W-FBRI,Proposed,alpha,0.8,10,49,0.790230641364412,0.801314513052754,0.0220698747606878,1,42,0.0094444
Proposed IT2-W-FBRI,Proposed,alpha,0.8,15,49,0.789057263041425,0.800572080131239,0.00149244424851135,1,43,0.0071725
Proposed IT2-W-FBRI,Proposed,alpha,0.8,20,49,0.789015209712786,0.800469161336341,0.000272730858932879,1,43,0.0078666
Proposed IT2-W-FBRI,Proposed,alpha,0.8,40,49,0.789010416980588,0.800451998577654,5.00200386455381e-05,1,43,0.007217
Proposed IT2-W-FBRI,Proposed,alpha,0.85,0,49,0.840263575074052,0.386913381117809,0.982582533696915,1,43,0.0058118
Proposed IT2-W-FBRI,Proposed,alpha,0.85,5,49,0.826073939422286,0.571648553683505,0.604053136835376,1,42,0.0071628
Proposed IT2-W-FBRI,Proposed,alpha,0.85,10,49,0.804638465034212,0.728001612399824,0.221140617028778,1,42,0.0074537
Proposed IT2-W-FBRI,Proposed,alpha,0.85,15,49,0.793587409552841,0.78775685015071,0.0613635851046667,1,42,0.0067429
Proposed IT2-W-FBRI,Proposed,alpha,0.85,20,49,0.790473383918556,0.802125119626664,0.0193908046020485,1,42,0.0067728
Proposed IT2-W-FBRI,Proposed,alpha,0.85,40,49,0.789224379354506,0.800754463754095,0.00284578683133812,1,43,0.0070144
Proposed IT2-W-FBRI,Proposed,alpha,0.9,0,49,0.840432556776847,0.383725009080628,0.988625360362429,1,43,0.0094457
Proposed IT2-W-FBRI,Proposed,alpha,0.9,5,49,0.835676453720621,0.461007936393317,0.83758849473611,1,42,0.0067174
Proposed IT2-W-FBRI,Proposed,alpha,0.9,10,49,0.82635956978025,0.569546438827919,0.608811487993272,1,42,0.0071625
Proposed IT2-W-FBRI,Proposed,alpha,0.9,15,49,0.817920283393414,0.637522032397007,0.441426922323305,1,42,0.006999
Proposed IT2-W-FBRI,Proposed,alpha,0.9,20,49,0.811878167480937,0.682359938459085,0.335716956837721,1,42,0.0071702
Proposed IT2-W-FBRI,Proposed,alpha,0.9,40,49,0.802954358476032,0.738301248237719,0.194693404199673,1,42,0.0069084
Proposed IT2-W-FBRI,Proposed,alpha,1,0,49,0.840615634272914,0.380225263381445,0.995244076028555,1,43,0.0058101
Proposed IT2-W-FBRI,Proposed,alpha,1,5,49,0.840615634272914,0.380225263381445,0.995244076028555,1,43,0.0072699
Proposed IT2-W-FBRI,Proposed,alpha,1,10,49,0.840615634272914,0.380225263381445,0.995244076028555,1,43,0.0074051
Proposed IT2-W-FBRI,Proposed,alpha,1,15,49,0.840615634272914,0.380225263381445,0.995244076028555,1,43,0.00736
Proposed IT2-W-FBRI,Proposed,alpha,1,20,49,0.840615634272914,0.380225263381445,0.995244076028555,1,43,0.0074336
Proposed IT2-W-FBRI,Proposed,alpha,1,40,49,0.840615634272914,0.380225263381445,0.995244076028555,1,43,0.0079222
Isobe-APP,Convergence SOTA,none,NaN,NaN,49,0.840752371159035,0.377742369018706,0.999952739540629,1,42,0.0039959
RQE,Robust SOTA,rqe_tau,0.5,NaN,49,0.778997840889067,0.623834867983808,0.387079009704162,1,23,0.2175271
RQE,Robust SOTA,rqe_tau,1,NaN,49,0.779029865855485,0.62375943961709,0.387301729845702,1,23,0.2398753
RQE,Robust SOTA,rqe_tau,2,NaN,49,0.779094475918801,0.623606911848822,0.387751753161038,1,23,0.2214853
RQE,Robust SOTA,rqe_tau,5,NaN,49,0.779292318471012,0.623136918409462,0.389135510165119,1,23,0.2281073
RQE,Robust SOTA,rqe_tau,10,NaN,49,0.779631850907741,0.622319828317145,0.39153077557716,1,23,0.232035
RQE,Robust SOTA,rqe_tau,20,NaN,49,0.780317754626384,0.620629439453097,0.396447004690457,1,24,0.3092422
RQE,Robust SOTA,rqe_tau,50,NaN,49,0.781862565158677,0.616551611828536,0.408046575209918,1,24,0.26526
MF-RQE,Robust SOTA,mfrqe_tau,0.5,NaN,49,0.765092614235117,0.648313880973912,0.305679700496965,1,22,0.2253117
MF-RQE,Robust SOTA,mfrqe_tau,1,NaN,49,0.764199312992153,0.649022351577984,0.30159767495099,1,22,0.22219
MF-RQE,Robust SOTA,mfrqe_tau,2,NaN,49,0.762446439218583,0.650722921535633,0.293680068763852,1,22,0.2453785
MF-RQE,Robust SOTA,mfrqe_tau,5,NaN,49,0.757897379428207,0.648704837148172,0.273686363205582,1,21,0.1981783
MF-RQE,Robust SOTA,mfrqe_tau,10,NaN,49,0.753520914242004,0.638360055112059,0.255170663561366,1,20,0.1847781
MF-RQE,Robust SOTA,mfrqe_tau,20,NaN,49,0.751168266406359,0.632435207391769,0.245498098235752,1,19,0.1916494
MF-RQE,Robust SOTA,mfrqe_tau,50,NaN,49,0.750772190724138,0.631444924526479,0.243887842033785,1,19,0.1855057
CVaR-game,Robust SOTA,cvar_alpha,0.05,NaN,49,0.703590642228805,0.0953113192252456,1.14996634136185e-05,1,28,0.085778
CVaR-game,Robust SOTA,cvar_alpha,0.1,NaN,49,0.703590642228805,0.0953113192252456,1.14996634136185e-05,1,28,0.0871705
CVaR-game,Robust SOTA,cvar_alpha,0.2,NaN,49,0.703590642228805,0.0953113192252456,1.14996634136185e-05,1,28,0.0945378
CVaR-game,Robust SOTA,cvar_alpha,0.3,NaN,49,0.703590642228805,0.0953113192252456,1.14996634136185e-05,1,28,0.0900519
CVaR-game,Robust SOTA,cvar_alpha,0.5,NaN,49,0.840750328911666,0.37773198750112,0.999965501009759,1,28,0.0877882
CVaR-game,Robust SOTA,cvar_alpha,0.7,NaN,49,0.840750328911666,0.37773198750112,0.999965501009759,1,28,0.0902416
CVaR-game,Robust SOTA,cvar_alpha,0.9,NaN,49,0.840750328911666,0.37773198750112,0.999965501009759,1,28,0.0933895
DRNE-VI,Robust SOTA,drne_alpha,0.1,NaN,49,0.825707818489707,0.529935712866717,0.68314808412777,0,300,0.0060048
DRNE-VI,Robust SOTA,drne_alpha,0.3,NaN,49,0.821247281142376,0.559923121281667,0.614740028810854,0,300,0.0059586
DRNE-VI,Robust SOTA,drne_alpha,0.5,NaN,49,0.8131313045131,0.594565063975067,0.527848662315903,0,300,0.006015
DRNE-VI,Robust SOTA,drne_alpha,0.7,NaN,49,0.790836742745545,0.646411781253881,0.372300867869437,0,300,0.0060784
DRNE-VI,Robust SOTA,drne_alpha,0.9,NaN,49,0.766435152236803,0.537126998730296,0.218513674676503,0,300,0.0063055
DRNE-VI,Robust SOTA,drne_alpha,0.95,NaN,49,0.765327253931642,0.530839072182782,0.211739533641091,0,300,0.0033661
Proposed IT2-W-FBRI,Proposed,alpha,0,0,50,0.72388260543266,0.728509951013936,8.94776129314295e-05,1,41,0.0055196
Proposed IT2-W-FBRI,Proposed,alpha,0,5,50,0.72366618495481,0.728657771965818,1.67057740837271e-05,1,46,0.0108003
Proposed IT2-W-FBRI,Proposed,alpha,0,10,50,0.723666600782343,0.728658132359771,1.39727116455083e-05,1,46,0.0086929
Proposed IT2-W-FBRI,Proposed,alpha,0,15,50,0.725055564715779,0.728108583256615,2.66574992322023e-05,1,44,0.0070861
Proposed IT2-W-FBRI,Proposed,alpha,0,20,50,0.755439442624978,0.496240607215018,2.57582633956316e-05,1,44,0.0072141
Proposed IT2-W-FBRI,Proposed,alpha,0,40,50,0.778763326580625,0.235237416369462,1.21093451630861e-05,1,46,0.0074558
Proposed IT2-W-FBRI,Proposed,alpha,0.1,0,50,0.725200889837891,0.728419889317365,0.00151741025411665,1,41,0.0091342
Proposed IT2-W-FBRI,Proposed,alpha,0.1,5,50,0.723666818767938,0.728658445995986,1.8625204427656e-05,1,46,0.0094478
Proposed IT2-W-FBRI,Proposed,alpha,0.1,10,50,0.723667349032735,0.728659118954635,1.58603795264886e-05,1,46,0.0078151
Proposed IT2-W-FBRI,Proposed,alpha,0.1,15,50,0.728517177436201,0.7064658345395,3.04378483276087e-05,1,44,0.0076595
Proposed IT2-W-FBRI,Proposed,alpha,0.1,20,50,0.761281705615745,0.438547779576114,2.94991216473998e-05,1,44,0.0090263
Proposed IT2-W-FBRI,Proposed,alpha,0.1,40,50,0.778764770660131,0.235222443152898,1.39204683434485e-05,1,46,0.008055
Proposed IT2-W-FBRI,Proposed,alpha,0.2,0,50,0.74216935332219,0.687596951978709,0.0601391419104678,1,52,0.0139689
Proposed IT2-W-FBRI,Proposed,alpha,0.2,5,50,0.723667394369413,0.72865908806073,2.06918891365531e-05,1,45,0.0144905
Proposed IT2-W-FBRI,Proposed,alpha,0.2,10,50,0.723672847257962,0.728667298425206,1.7947031268571e-05,1,45,0.0139048
Proposed IT2-W-FBRI,Proposed,alpha,0.2,15,50,0.735522458467923,0.657421816961895,3.46502114600432e-05,1,44,0.0084274
Proposed IT2-W-FBRI,Proposed,alpha,0.2,20,50,0.767006372236204,0.37851461154098,3.36882879763167e-05,1,44,0.0108932
Proposed IT2-W-FBRI,Proposed,alpha,0.2,40,50,0.778765974784319,0.235211293097298,1.59603559623386e-05,1,46,0.0081841
Proposed IT2-W-FBRI,Proposed,alpha,0.3,0,50,0.82360249604967,0.58098483215198,0.576249884187879,1,48,0.0067508
Proposed IT2-W-FBRI,Proposed,alpha,0.3,5,50,0.72366797848694,0.728659762520429,2.2898085162081e-05,1,44,0.0075104
Proposed IT2-W-FBRI,Proposed,alpha,0.3,10,50,0.723751534239222,0.72878647662534,2.02287875253613e-05,1,45,0.0075584
Proposed IT2-W-FBRI,Proposed,alpha,0.3,15,50,0.745398594604554,0.58128053258421,3.93222007500152e-05,1,43,0.0071573
Proposed IT2-W-FBRI,Proposed,alpha,0.3,20,50,0.772176461146883,0.318941683634386,3.83585867589258e-05,1,43,0.0069248
Proposed IT2-W-FBRI,Proposed,alpha,0.3,40,50,0.778767005219481,0.235203107901308,1.82443596168449e-05,1,46,0.0112736
Proposed IT2-W-FBRI,Proposed,alpha,0.4,0,50,0.835744344810091,0.520171036284193,0.719867341355545,1,42,0.0074387
Proposed IT2-W-FBRI,Proposed,alpha,0.4,5,50,0.723669683527162,0.728662142004515,2.52326348989669e-05,1,44,0.0071599
Proposed IT2-W-FBRI,Proposed,alpha,0.4,10,50,0.724865876114474,0.72837052528654,3.24461225471365e-05,1,44,0.0073056
Proposed IT2-W-FBRI,Proposed,alpha,0.4,15,50,0.756722194439933,0.484142336964564,4.44513893483268e-05,1,43,0.0069918
Proposed IT2-W-FBRI,Proposed,alpha,0.4,20,50,0.776039591510276,0.271151622997994,4.35127450478785e-05,1,43,0.0071787
Proposed IT2-W-FBRI,Proposed,alpha,0.4,40,50,0.778767913067347,0.235197231889197,2.0787818600493e-05,1,45,0.0075493
Proposed IT2-W-FBRI,Proposed,alpha,0.5,0,50,0.841864379482464,0.474332806071708,0.817368393276437,1,42,0.0057466
Proposed IT2-W-FBRI,Proposed,alpha,0.5,5,50,0.723727639005504,0.728749836137278,2.76952800361606e-05,1,43,0.007416
Proposed IT2-W-FBRI,Proposed,alpha,0.5,10,50,0.733528954875105,0.671801034020674,5.18332605467775e-05,1,42,0.0069312
Proposed IT2-W-FBRI,Proposed,alpha,0.5,15,50,0.767775061690659,0.370019185907871,5.00579143364974e-05,1,42,0.0069395
Proposed IT2-W-FBRI,Proposed,alpha,0.5,20,50,0.777988605110947,0.245677378187907,3.44190095202803e-05,1,44,0.0071771
Proposed IT2-W-FBRI,Proposed,alpha,0.5,40,50,0.778768736642381,0.235193155323722,2.35921449506978e-05,1,45,0.0073817
Proposed IT2-W-FBRI,Proposed,alpha,0.6,0,50,0.845955528108553,0.437470407075872,0.89198778727411,1,42,0.0054177
Proposed IT2-W-FBRI,Proposed,alpha,0.6,5,50,0.726350231944057,0.720931433164353,4.32571552477985e-05,1,42,0.0071189
Proposed IT2-W-FBRI,Proposed,alpha,0.6,10,50,0.754206039814934,0.504483720525752,4.03916765940682e-05,1,43,0.0069907
Proposed IT2-W-FBRI,Proposed,alpha,0.6,15,50,0.775717278973981,0.275303193722872,5.61228765119806e-05,1,42,0.0064501
Proposed IT2-W-FBRI,Proposed,alpha,0.6,20,50,0.778592557439066,0.237582255408902,2.71140229832453e-05,1,44,0.0070343
Proposed IT2-W-FBRI,Proposed,alpha,0.6,40,50,0.778769505480413,0.235190494075929,2.66660046138524e-05,1,44,0.0071133
Proposed IT2-W-FBRI,Proposed,alpha,0.7,0,50,0.848576492648502,0.411764394430167,0.943559731771607,1,42,0.0053583
Proposed IT2-W-FBRI,Proposed,alpha,0.7,5,50,0.75700269103295,0.483565459203168,0.00132275669284171,1,42,0.0066662
Proposed IT2-W-FBRI,Proposed,alpha,0.7,10,50,0.773443037511527,0.303710256068682,5.76655461036578e-05,1,42,0.0066703
Proposed IT2-W-FBRI,Proposed,alpha,0.7,15,50,0.778374156484391,0.240531760631877,3.11275525862231e-05,1,43,0.0082494
Proposed IT2-W-FBRI,Proposed,alpha,0.7,20,50,0.778733119042102,0.235691753685622,3.04028420309674e-05,1,44,0.0092081
Proposed IT2-W-FBRI,Proposed,alpha,0.7,40,50,0.778770241078916,0.235188943206701,3.0000984983173e-05,1,44,0.0091682
Proposed IT2-W-FBRI,Proposed,alpha,0.8,0,50,0.850039056118623,0.396614618781854,0.973683090475627,1,43,0.0064596
Proposed IT2-W-FBRI,Proposed,alpha,0.8,5,50,0.808380388023457,0.494833692676059,0.334583758289283,1,42,0.0069519
Proposed IT2-W-FBRI,Proposed,alpha,0.8,10,50,0.780668407342402,0.256681622677458,0.0220698747795879,1,42,0.006987
Proposed IT2-W-FBRI,Proposed,alpha,0.8,15,50,0.778877258644273,0.236892146323831,0.00149244426226867,1,43,0.0072292
Proposed IT2-W-FBRI,Proposed,alpha,0.8,20,50,0.778787274655417,0.235482614808916,0.000272730872594142,1,43,0.0106898
Proposed IT2-W-FBRI,Proposed,alpha,0.8,40,50,0.778772587651008,0.235201638801484,5.00200522974822e-05,1,43,0.0083128
Proposed IT2-W-FBRI,Proposed,alpha,0.85,0,50,0.850461918437135,0.392112395650277,0.982582533714072,1,43,0.0057405
Proposed IT2-W-FBRI,Proposed,alpha,0.85,5,50,0.828820725486081,0.574529080081924,0.604053136862295,1,42,0.0068475
Proposed IT2-W-FBRI,Proposed,alpha,0.85,10,50,0.799331198239044,0.407578112358042,0.221140617054825,1,42,0.0078961
Proposed IT2-W-FBRI,Proposed,alpha,0.85,15,50,0.78473743469255,0.284621110131545,0.0613635851303981,1,42,0.0069912
Proposed IT2-W-FBRI,Proposed,alpha,0.85,20,50,0.780675145843292,0.250927624596521,0.0193908046249531,1,42,0.0072256
Proposed IT2-W-FBRI,Proposed,alpha,0.85,40,50,0.779049763922124,0.237473183868406,0.00284578684552039,1,43,0.0107783
Proposed IT2-W-FBRI,Proposed,alpha,0.9,0,50,0.850746699033324,0.389048250114547,0.988625360378689,1,43,0.0057694
Proposed IT2-W-FBRI,Proposed,alpha,0.9,5,50,0.84306503016738,0.464546020958396,0.837588494765294,1,42,0.0079998
Proposed IT2-W-FBRI,Proposed,alpha,0.9,10,50,0.829181000347236,0.572436399380331,0.608811488021913,1,42,0.0070958
Proposed IT2-W-FBRI,Proposed,alpha,0.9,15,50,0.817288079923528,0.562606188477489,0.441426922351864,1,42,0.0069448
Proposed IT2-W-FBRI,Proposed,alpha,0.9,20,50,0.809013390232112,0.489530726727152,0.335716956866367,1,42,0.0098956
Proposed IT2-W-FBRI,Proposed,alpha,0.9,40,50,0.797046122550052,0.387372003557716,0.194693404484121,1,43,0.0092778
Proposed IT2-W-FBRI,Proposed,alpha,1,0,50,0.851056499324614,0.385685625274389,0.995244076043618,1,43,0.0058128
Proposed IT2-W-FBRI,Proposed,alpha,1,5,50,0.851056499324614,0.385685625274389,0.995244076043618,1,43,0.0070759
Proposed IT2-W-FBRI,Proposed,alpha,1,10,50,0.851056499324614,0.385685625274389,0.995244076043618,1,43,0.0071242
Proposed IT2-W-FBRI,Proposed,alpha,1,15,50,0.851056499324614,0.385685625274389,0.995244076043618,1,43,0.0065388
Proposed IT2-W-FBRI,Proposed,alpha,1,20,50,0.851056499324614,0.385685625274389,0.995244076043618,1,43,0.009507
Proposed IT2-W-FBRI,Proposed,alpha,1,40,50,0.851056499324614,0.385685625274389,0.995244076043618,1,43,0.0070679
Isobe-APP,Convergence SOTA,none,NaN,NaN,50,0.851282097186823,0.383301860452786,0.999952752349561,1,42,0.0045058
RQE,Robust SOTA,rqe_tau,0.5,NaN,50,0.783638483024927,0.624822148155215,0.387079009704162,1,23,0.2183543
RQE,Robust SOTA,rqe_tau,1,NaN,50,0.783672306161108,0.624749071416941,0.387301729845702,1,23,0.2284174
RQE,Robust SOTA,rqe_tau,2,NaN,50,0.783740564858539,0.624601298626419,0.387751753161038,1,23,0.2247853
RQE,Robust SOTA,rqe_tau,5,NaN,50,0.78394975276193,0.624145953971982,0.389135510165119,1,23,0.2435843
RQE,Robust SOTA,rqe_tau,10,NaN,50,0.784309367018536,0.623354319685312,0.39153077557716,1,23,0.2394948
RQE,Robust SOTA,rqe_tau,20,NaN,50,0.7850381680508,0.621716588970948,0.396447004690457,1,24,0.2283977
RQE,Robust SOTA,rqe_tau,50,NaN,50,0.786695013208828,0.617764622149533,0.408046575209918,1,24,0.2802197
MF-RQE,Robust SOTA,mfrqe_tau,0.5,NaN,50,0.769491924016109,0.649646266402292,0.305679700496965,1,22,0.2739313
MF-RQE,Robust SOTA,mfrqe_tau,1,NaN,50,0.768605663180317,0.650665140542872,0.30159767495099,1,22,0.2073965
MF-RQE,Robust SOTA,mfrqe_tau,2,NaN,50,0.766867547935352,0.6518502014747,0.293680068763852,1,22,0.2399694
MF-RQE,Robust SOTA,mfrqe_tau,5,NaN,50,0.762362018030671,0.650353945710216,0.273686363205582,1,21,0.1843549
MF-RQE,Robust SOTA,mfrqe_tau,10,NaN,50,0.758033520797354,0.648791643945609,0.255170663561366,1,20,0.2026943
MF-RQE,Robust SOTA,mfrqe_tau,20,NaN,50,0.755708634213476,0.648060042921553,0.245498098235752,1,19,0.1859664
MF-RQE,Robust SOTA,mfrqe_tau,50,NaN,50,0.75531737476448,0.64794572983733,0.243887842033785,1,19,0.1826947
CVaR-game,Robust SOTA,cvar_alpha,0.05,NaN,50,0.723666652274895,0.728656574514514,1.14996634136185e-05,1,28,0.0815991
CVaR-game,Robust SOTA,cvar_alpha,0.1,NaN,50,0.723666652274895,0.728656574514514,1.14996634136185e-05,1,28,0.0903173
CVaR-game,Robust SOTA,cvar_alpha,0.2,NaN,50,0.723666652274895,0.728656574514514,1.14996634136185e-05,1,28,0.0851017
CVaR-game,Robust SOTA,cvar_alpha,0.3,NaN,50,0.723666652274895,0.728656574514514,1.14996634136185e-05,1,28,0.0883069
CVaR-game,Robust SOTA,cvar_alpha,0.5,NaN,50,0.851280631001771,0.383291460930394,0.999965501009759,1,28,0.0947339
CVaR-game,Robust SOTA,cvar_alpha,0.7,NaN,50,0.851280631001771,0.383291460930394,0.999965501009759,1,28,0.102834
CVaR-game,Robust SOTA,cvar_alpha,0.9,NaN,50,0.851280631001771,0.383291460930394,0.999965501009759,1,28,0.0936827
DRNE-VI,Robust SOTA,drne_alpha,0.1,NaN,50,0.831070737938267,0.533048732477219,0.68314808412777,0,300,0.0063268
DRNE-VI,Robust SOTA,drne_alpha,0.3,NaN,50,0.82569062932377,0.562955692129845,0.614740028810854,0,300,0.0061858
DRNE-VI,Robust SOTA,drne_alpha,0.5,NaN,50,0.817123112089795,0.597050047305539,0.527848662315903,0,300,0.0067678
DRNE-VI,Robust SOTA,drne_alpha,0.7,NaN,50,0.796416424808578,0.648217893959493,0.372300867869437,0,300,0.0061333
DRNE-VI,Robust SOTA,drne_alpha,0.9,NaN,50,0.774094638700507,0.639504641972129,0.218513674676503,0,300,0.0098765
DRNE-VI,Robust SOTA,drne_alpha,0.95,NaN,50,0.77308445078637,0.638771244892392,0.211739533641091,0,300,0.003308
Proposed IT2-W-FBRI,Proposed,alpha,0,0,51,0.714979461594391,0.72782823975509,8.94771373603623e-05,1,41,0.0054328
Proposed IT2-W-FBRI,Proposed,alpha,0,5,51,0.714711136204733,0.727588221319429,1.67056688265018e-05,1,46,0.007757
Proposed IT2-W-FBRI,Proposed,alpha,0,10,51,0.714711585718168,0.72759090847358,1.39726170961688e-05,1,46,0.0071709
Proposed IT2-W-FBRI,Proposed,alpha,0,15,51,0.716457876242439,0.725600609156982,2.66573136044206e-05,1,44,0.0072181
Proposed IT2-W-FBRI,Proposed,alpha,0,20,51,0.755237561042068,0.495923447646121,2.5758080847745e-05,1,44,0.0074869
Proposed IT2-W-FBRI,Proposed,alpha,0,40,51,0.786174447762554,0.525930775493246,1.21092578308104e-05,1,46,0.0077044
Proposed IT2-W-FBRI,Proposed,alpha,0.1,0,51,0.716571679011192,0.72649391953602,0.00151740960306443,1,41,0.005836
Proposed IT2-W-FBRI,Proposed,alpha,0.1,5,51,0.714711735386045,0.727589302357683,1.86251012804324e-05,1,46,0.0098645
Proposed IT2-W-FBRI,Proposed,alpha,0.1,10,51,0.714712401720956,0.727591737169556,1.58602855234113e-05,1,46,0.007367
Proposed IT2-W-FBRI,Proposed,alpha,0.1,15,51,0.72081693549646,0.702931313206765,3.04376631787291e-05,1,44,0.0077222
Proposed IT2-W-FBRI,Proposed,alpha,0.1,20,51,0.762861117133533,0.507549144389415,2.94989394241786e-05,1,44,0.0086067
Proposed IT2-W-FBRI,Proposed,alpha,0.1,40,51,0.786176283894266,0.525924601245293,1.39203812062296e-05,1,46,0.0078072
Proposed IT2-W-FBRI,Proposed,alpha,0.2,0,51,0.735306374920148,0.684816893307978,0.0601391364725715,1,52,0.0091355
Proposed IT2-W-FBRI,Proposed,alpha,0.2,5,51,0.714712287076483,0.727590049288603,2.06917490560894e-05,1,45,0.0070292
Proposed IT2-W-FBRI,Proposed,alpha,0.2,10,51,0.714719173441253,0.727599920071082,1.79469010890224e-05,1,45,0.0074275
Proposed IT2-W-FBRI,Proposed,alpha,0.2,15,51,0.729679316743792,0.654249013364741,3.46500283036676e-05,1,44,0.0073756
Proposed IT2-W-FBRI,Proposed,alpha,0.2,20,51,0.770402875971953,0.517029185365866,3.36881075231538e-05,1,44,0.0090503
Proposed IT2-W-FBRI,Proposed,alpha,0.2,40,51,0.786177777163388,0.525920083229664,1.5960269681691e-05,1,46,0.0077236
Proposed IT2-W-FBRI,Proposed,alpha,0.3,0,51,0.816234450084431,0.578820130115677,0.576249882466886,1,48,0.0065141
Proposed IT2-W-FBRI,Proposed,alpha,0.3,5,51,0.714712856132525,0.727590687239367,2.28978963995749e-05,1,44,0.0076762
Proposed IT2-W-FBRI,Proposed,alpha,0.3,10,51,0.714817870173553,0.727722137273035,2.02286604477686e-05,1,45,0.007244
Proposed IT2-W-FBRI,Proposed,alpha,0.3,15,51,0.742278107904517,0.578592828206725,3.93219481113502e-05,1,43,0.0073559
Proposed IT2-W-FBRI,Proposed,alpha,0.3,20,51,0.777285608684583,0.523374459040325,3.835833741359e-05,1,43,0.0108061
Proposed IT2-W-FBRI,Proposed,alpha,0.3,40,51,0.786179016673037,0.525916857293831,1.82442749741883e-05,1,46,0.0078026
Proposed IT2-W-FBRI,Proposed,alpha,0.4,0,51,0.825768032777437,0.517841358302434,0.719867340802165,1,42,0.0054446
Proposed IT2-W-FBRI,Proposed,alpha,0.4,5,51,0.714714832611744,0.727593001334711,2.52324550933457e-05,1,44,0.0070798
Proposed IT2-W-FBRI,Proposed,alpha,0.4,10,51,0.716218209527446,0.72654151946986,3.2445947373231e-05,1,44,0.0072365
Proposed IT2-W-FBRI,Proposed,alpha,0.4,15,51,0.756904550224975,0.498716873697709,4.44511444941456e-05,1,43,0.0077872
Proposed IT2-W-FBRI,Proposed,alpha,0.4,20,51,0.782480325718475,0.526524866052726,4.3512503037147e-05,1,43,0.0069186
Proposed IT2-W-FBRI,Proposed,alpha,0.4,40,51,0.786180070960356,0.525914645560283,2.07877027071591e-05,1,45,0.0075754
Proposed IT2-W-FBRI,Proposed,alpha,0.5,0,51,0.829651016358588,0.471866595052263,0.817368393095466,1,42,0.0055309
Proposed IT2-W-FBRI,Proposed,alpha,0.5,5,51,0.714787463047314,0.727682944832422,2.7695041696404e-05,1,43,0.0078464
Proposed IT2-W-FBRI,Proposed,alpha,0.5,10,51,0.727150487540442,0.668531703053448,5.18329243525707e-05,1,42,0.0069634
Proposed IT2-W-FBRI,Proposed,alpha,0.5,15,51,0.771420587898145,0.518117394832615,5.00575836247481e-05,1,42,0.0076787
Proposed IT2-W-FBRI,Proposed,alpha,0.5,20,51,0.785120209101388,0.527523007840631,3.44188472252908e-05,1,44,0.0089999
Proposed IT2-W-FBRI,Proposed,alpha,0.5,40,51,0.786180991921538,0.525913231105051,2.35920337816077e-05,1,45,0.0106104
Proposed IT2-W-FBRI,Proposed,alpha,0.6,0,51,0.831947633556995,0.434693616364874,0.891987787183809,1,42,0.005841
Proposed IT2-W-FBRI,Proposed,alpha,0.6,5,51,0.718085058317003,0.717259565394954,4.32568377974925e-05,1,42,0.0071201
Proposed IT2-W-FBRI,Proposed,alpha,0.6,10,51,0.753634720694101,0.501024010820958,4.0391455299467e-05,1,43,0.0085324
Proposed IT2-W-FBRI,Proposed,alpha,0.6,15,51,0.78204413972546,0.526323324626,5.61225642229457e-05,1,42,0.0087363
Proposed IT2-W-FBRI,Proposed,alpha,0.6,20,51,0.785941016997569,0.526932183866651,2.71138711924178e-05,1,44,0.0097157
Proposed IT2-W-FBRI,Proposed,alpha,0.6,40,51,0.786181819316711,0.5259124509004,2.66658556989641e-05,1,44,0.0126508
Proposed IT2-W-FBRI,Proposed,alpha,0.7,0,51,0.833313853794247,0.408365889033735,0.943559731722241,1,42,0.008749
Proposed IT2-W-FBRI,Proposed,alpha,0.7,5,51,0.757202230820969,0.499551313302293,0.0013227563258234,1,42,0.0113115
Proposed IT2-W-FBRI,Proposed,alpha,0.7,10,51,0.778981503510088,0.524568348875748,5.76652552828259e-05,1,42,0.0109501
Proposed IT2-W-FBRI,Proposed,alpha,0.7,15,51,0.785643703722243,0.527668162276433,3.11273507971632e-05,1,43,0.0090643
Proposed IT2-W-FBRI,Proposed,alpha,0.7,20,51,0.786132047175105,0.526126560100058,3.04027008391004e-05,1,44,0.0073942
Proposed IT2-W-FBRI,Proposed,alpha,0.7,40,51,0.786182582797386,0.525912174281871,3.00008460978323e-05,1,44,0.0073557
Proposed IT2-W-FBRI,Proposed,alpha,0.8,0,51,0.834040697209251,0.392890315526461,0.973683090428709,1,43,0.0058486
Proposed IT2-W-FBRI,Proposed,alpha,0.8,5,51,0.807638848190976,0.589050757258946,0.334583757793943,1,42,0.00701
Proposed IT2-W-FBRI,Proposed,alpha,0.8,10,51,0.787458421168159,0.534345203044322,0.0220698743762551,1,42,0.0062746
Proposed IT2-W-FBRI,Proposed,alpha,0.8,15,51,0.786241071424032,0.526785261780173,0.00149244406713697,1,43,0.0081453
Proposed IT2-W-FBRI,Proposed,alpha,0.8,20,51,0.786191266356496,0.526061808691591,0.000272730687041029,1,43,0.0070481
Proposed IT2-W-FBRI,Proposed,alpha,0.8,40,51,0.786184541667303,0.525919651553364,5.00198706440775e-05,1,43,0.0069887
Proposed IT2-W-FBRI,Proposed,alpha,0.85,0,51,0.834245908005195,0.38828897742327,0.98258253365049,1,43,0.0062732
Proposed IT2-W-FBRI,Proposed,alpha,0.85,5,51,0.821775612695745,0.572547220722672,0.604053136645637,1,42,0.007105
Proposed IT2-W-FBRI,Proposed,alpha,0.85,10,51,0.801461229728237,0.569857459508246,0.221140616728227,1,42,0.0068501
Proposed IT2-W-FBRI,Proposed,alpha,0.85,15,51,0.790685518614738,0.540898306682101,0.0613635847808991,1,42,0.0068339
Proposed IT2-W-FBRI,Proposed,alpha,0.85,20,51,0.787625351806705,0.532294042089503,0.0193908043238129,1,42,0.0098902
Proposed IT2-W-FBRI,Proposed,alpha,0.85,40,51,0.786395206862208,0.527168897408952,0.00284578667164219,1,43,0.0069582
Proposed IT2-W-FBRI,Proposed,alpha,0.9,0,51,0.834382833730509,0.385157072482233,0.988625360297768,1,43,0.0066129
Proposed IT2-W-FBRI,Proposed,alpha,0.9,5,51,0.830383623077555,0.462043459755818,0.837588494681901,1,42,0.0086705
Proposed IT2-W-FBRI,Proposed,alpha,0.9,10,51,0.822033901887465,0.57046010314293,0.608811487872139,1,42,0.0066014
Proposed IT2-W-FBRI,Proposed,alpha,0.9,15,51,0.814163582643386,0.600037304927684,0.441426922185712,1,42,0.0071844
Proposed IT2-W-FBRI,Proposed,alpha,0.9,20,51,0.808420016618395,0.586743989054736,0.335716956707544,1,42,0.0070251
Proposed IT2-W-FBRI,Proposed,alpha,0.9,40,51,0.799820679090057,0.565300042123521,0.194693404424444,1,43,0.0103256
Proposed IT2-W-FBRI,Proposed,alpha,1,0,51,0.834530633712411,0.381719792769875,0.995244075937144,1,43,0.0068778
Proposed IT2-W-FBRI,Proposed,alpha,1,5,51,0.834530633712411,0.381719792769875,0.995244075937144,1,43,0.0072024
Proposed IT2-W-FBRI,Proposed,alpha,1,10,51,0.834530633712411,0.381719792769875,0.995244075937144,1,43,0.0080845
Proposed IT2-W-FBRI,Proposed,alpha,1,15,51,0.834530633712411,0.381719792769875,0.995244075937144,1,43,0.0067419
Proposed IT2-W-FBRI,Proposed,alpha,1,20,51,0.834530633712411,0.381719792769875,0.995244075937144,1,43,0.0070657
Proposed IT2-W-FBRI,Proposed,alpha,1,40,51,0.834530633712411,0.381719792769875,0.995244075937144,1,43,0.0111742
Isobe-APP,Convergence SOTA,none,NaN,NaN,51,0.83464171424046,0.379281478607478,0.999952769308014,1,42,0.0037315
RQE,Robust SOTA,rqe_tau,0.5,NaN,51,0.778238213428518,0.624191619477525,0.387079009704162,1,23,0.2176574
RQE,Robust SOTA,rqe_tau,1,NaN,51,0.778268182983602,0.624116650122465,0.387301729845702,1,23,0.2185557
RQE,Robust SOTA,rqe_tau,2,NaN,51,0.778328646801864,0.623965050560112,0.387751753161038,1,23,0.2169168
RQE,Robust SOTA,rqe_tau,5,NaN,51,0.778513797006034,0.623497917324007,0.389135510165119,1,23,0.2298056
RQE,Robust SOTA,rqe_tau,10,NaN,51,0.778831558128427,0.622685799976533,0.39153077557716,1,23,0.2302234
RQE,Robust SOTA,rqe_tau,20,NaN,51,0.779473529589747,0.621005713031363,0.396447004690457,1,24,0.2379301
RQE,Robust SOTA,rqe_tau,50,NaN,51,0.780919507566011,0.616952822901148,0.408046575209918,1,24,0.2434981
MF-RQE,Robust SOTA,mfrqe_tau,0.5,NaN,51,0.765273209643286,0.648516389710173,0.305679700496965,1,22,0.2455092
MF-RQE,Robust SOTA,mfrqe_tau,1,NaN,51,0.764436157982918,0.64940759375,0.30159767495099,1,22,0.2224175
MF-RQE,Robust SOTA,mfrqe_tau,2,NaN,51,0.76279306064416,0.651100234637425,0.293680068763852,1,22,0.2592852
MF-RQE,Robust SOTA,mfrqe_tau,5,NaN,51,0.758525142077649,0.649165040760875,0.273686363205582,1,21,0.2222116
MF-RQE,Robust SOTA,mfrqe_tau,10,NaN,51,0.754414045576098,0.647040551910228,0.255170663561366,1,20,0.2059002
MF-RQE,Robust SOTA,mfrqe_tau,20,NaN,51,0.752201904531919,0.64636139468606,0.245498098235752,1,19,0.2043631
MF-RQE,Robust SOTA,mfrqe_tau,50,NaN,51,0.751829353543123,0.646255971869406,0.243887842033785,1,19,0.1831796
CVaR-game,Robust SOTA,cvar_alpha,0.05,NaN,51,0.714710860941458,0.727597281791827,1.14996634136185e-05,1,28,0.0919924
CVaR-game,Robust SOTA,cvar_alpha,0.1,NaN,51,0.714710860941458,0.727597281791827,1.14996634136185e-05,1,28,0.0782986
CVaR-game,Robust SOTA,cvar_alpha,0.2,NaN,51,0.714710860941458,0.727597281791827,1.14996634136185e-05,1,28,0.0847982
CVaR-game,Robust SOTA,cvar_alpha,0.3,NaN,51,0.714710860941458,0.727597281791827,1.14996634136185e-05,1,28,0.0926519
CVaR-game,Robust SOTA,cvar_alpha,0.5,NaN,51,0.834639723016321,0.379271294695812,0.999965501009759,1,28,0.0903883
CVaR-game,Robust SOTA,cvar_alpha,0.7,NaN,51,0.834639723016321,0.379271294695812,0.999965501009759,1,28,0.1005423
CVaR-game,Robust SOTA,cvar_alpha,0.9,NaN,51,0.834639723016321,0.379271294695812,0.999965501009759,1,28,0.0913916
DRNE-VI,Robust SOTA,drne_alpha,0.1,NaN,51,0.82153047781226,0.530775362697295,0.68314808412777,0,300,0.0074995
DRNE-VI,Robust SOTA,drne_alpha,0.3,NaN,51,0.817541028322288,0.560759359089061,0.614740028810854,0,300,0.0058921
DRNE-VI,Robust SOTA,drne_alpha,0.5,NaN,51,0.810321230831718,0.595335060124586,0.527848662315903,0,300,0.0061053
DRNE-VI,Robust SOTA,drne_alpha,0.7,NaN,51,0.790670780995706,0.64663082648236,0.372300867869437,0,300,0.0060844
DRNE-VI,Robust SOTA,drne_alpha,0.9,NaN,51,0.769117528690867,0.638179268938457,0.218513674676503,0,300,0.0077301
DRNE-VI,Robust SOTA,drne_alpha,0.95,NaN,51,0.768137975204484,0.637491850867667,0.211739533641091,0,300,0.0038096
Proposed IT2-W-FBRI,Proposed,alpha,0,0,52,0.717454613013282,0.727553227533083,8.94773886539571e-05,1,41,0.0074254
Proposed IT2-W-FBRI,Proposed,alpha,0,5,52,0.717175063441148,0.72721926018778,1.67057330693891e-05,1,46,0.007564
Proposed IT2-W-FBRI,Proposed,alpha,0,10,52,0.717175513403768,0.727219525728219,1.39726710248753e-05,1,46,0.0080706
Proposed IT2-W-FBRI,Proposed,alpha,0,15,52,0.71899406817275,0.726610107553111,2.66574165659229e-05,1,44,0.0074718
Proposed IT2-W-FBRI,Proposed,alpha,0,20,52,0.760049654516058,0.501884742273561,2.57581807319754e-05,1,44,0.0097756
Proposed IT2-W-FBRI,Proposed,alpha,0,40,52,0.794162561074562,0.803564965453009,1.21093045661181e-05,1,46,0.0077108
Proposed IT2-W-FBRI,Proposed,alpha,0.1,0,52,0.719118247557747,0.727046349721771,0.00151741003616324,1,41,0.0055291
Proposed IT2-W-FBRI,Proposed,alpha,0.1,5,52,0.717175690651769,0.727219889888084,1.86251639243911e-05,1,46,0.0073333
Proposed IT2-W-FBRI,Proposed,alpha,0.1,10,52,0.71717636870355,0.727220516749922,1.58603392695029e-05,1,46,0.0074371
Proposed IT2-W-FBRI,Proposed,alpha,0.1,15,52,0.723543009210443,0.706593246208835,3.04377662956659e-05,1,44,0.007193
Proposed IT2-W-FBRI,Proposed,alpha,0.1,20,52,0.768312284445711,0.579981848574732,2.94990395595515e-05,1,44,0.0071047
Proposed IT2-W-FBRI,Proposed,alpha,0.1,40,52,0.794164621517955,0.80356661347517,1.39204279872643e-05,1,46,0.0086907
Proposed IT2-W-FBRI,Proposed,alpha,0.2,0,52,0.73891800947838,0.686658992522033,0.0601391418327183,1,52,0.0061488
Proposed IT2-W-FBRI,Proposed,alpha,0.2,5,52,0.717176270188205,0.727220504415162,2.06918321741203e-05,1,45,0.0066701
Proposed IT2-W-FBRI,Proposed,alpha,0.2,10,52,0.717183422890069,0.727228906063195,1.79469744337024e-05,1,45,0.0071194
Proposed IT2-W-FBRI,Proposed,alpha,0.2,15,52,0.732836990833541,0.656060688149766,3.46501302294992e-05,1,44,0.0071806
Proposed IT2-W-FBRI,Proposed,alpha,0.2,20,52,0.776568816858751,0.657237114749185,3.36882066312331e-05,1,44,0.0071428
Proposed IT2-W-FBRI,Proposed,alpha,0.2,40,52,0.794166291466797,0.803567976616395,1.59603159301545e-05,1,46,0.0074626
Proposed IT2-W-FBRI,Proposed,alpha,0.3,0,52,0.826748910315615,0.58041560111536,0.576249884224368,1,48,0.0061327
Proposed IT2-W-FBRI,Proposed,alpha,0.3,5,52,0.717176868817338,0.727221159277282,2.28980050458369e-05,1,44,0.0074559
Proposed IT2-W-FBRI,Proposed,alpha,0.3,10,52,0.717286148334221,0.727351469958945,2.02287314041841e-05,1,45,0.0073395
Proposed IT2-W-FBRI,Proposed,alpha,0.3,15,52,0.74616725997808,0.577929189861238,3.93220860815745e-05,1,43,0.0073004
Proposed IT2-W-FBRI,Proposed,alpha,0.3,20,52,0.78418654182026,0.726541949609851,3.83584718530349e-05,1,43,0.007267
Proposed IT2-W-FBRI,Proposed,alpha,0.3,40,52,0.794167671647601,0.803569131923717,1.82443200002382e-05,1,46,0.0091319
Proposed IT2-W-FBRI,Proposed,alpha,0.4,0,52,0.83767932093633,0.519127850509302,0.719867341379459,1,42,0.0056263
Proposed IT2-W-FBRI,Proposed,alpha,0.4,5,52,0.717178932837264,0.727223570881838,2.5232556054154e-05,1,44,0.0091998
Proposed IT2-W-FBRI,Proposed,alpha,0.4,10,52,0.718744353759632,0.727005657824596,3.24460435404546e-05,1,44,0.0093421
Proposed IT2-W-FBRI,Proposed,alpha,0.4,15,52,0.761849743241027,0.518760512649949,4.4451276228011e-05,1,43,0.0068148
Proposed IT2-W-FBRI,Proposed,alpha,0.4,20,52,0.789995988527903,0.778659484667664,4.35126316325076e-05,1,43,0.0070676
Proposed IT2-W-FBRI,Proposed,alpha,0.4,40,52,0.794168839535026,0.803570138797643,2.07877627033498e-05,1,45,0.0089336
Proposed IT2-W-FBRI,Proposed,alpha,0.5,0,52,0.842416320053301,0.472947646394562,0.817368393291919,1,42,0.0058033
Proposed IT2-W-FBRI,Proposed,alpha,0.5,5,52,0.717254529188058,0.727313743513441,2.76951690885417e-05,1,43,0.0071515
Proposed IT2-W-FBRI,Proposed,alpha,0.5,10,52,0.730178528325009,0.670839694843596,5.18331016567275e-05,1,42,0.0070381
Proposed IT2-W-FBRI,Proposed,alpha,0.5,15,52,0.777689854259632,0.667611853440336,5.00577549778938e-05,1,42,0.008662
Proposed IT2-W-FBRI,Proposed,alpha,0.5,20,52,0.792970228783159,0.801398461333811,3.44189313377342e-05,1,44,0.0076802
Proposed IT2-W-FBRI,Proposed,alpha,0.5,40,52,0.794169853805839,0.803571041822173,2.35920898832863e-05,1,45,0.0103473
Proposed IT2-W-FBRI,Proposed,alpha,0.6,0,52,0.845383888305391,0.435889082350255,0.891987787285175,1,42,0.0053797
Proposed IT2-W-FBRI,Proposed,alpha,0.6,5,52,0.720690497090609,0.721376304172707,4.32569993816226e-05,1,42,0.0074544
Proposed IT2-W-FBRI,Proposed,alpha,0.6,10,52,0.758321919637981,0.49998133858343,4.03915672530747e-05,1,43,0.0067873
Proposed IT2-W-FBRI,Proposed,alpha,0.6,15,52,0.78950590815414,0.774281878250464,5.61227197909684e-05,1,42,0.0071541
Proposed IT2-W-FBRI,Proposed,alpha,0.6,20,52,0.793898187123913,0.803365363537839,2.71139459634245e-05,1,44,0.0080825
Proposed IT2-W-FBRI,Proposed,alpha,0.6,40,52,0.794170759465515,0.803571875437443,2.66659271406351e-05,1,44,0.0087931
Proposed IT2-W-FBRI,Proposed,alpha,0.7,0,52,0.847233148159302,0.409558246176916,0.943559731762827,1,42,0.0053577
Proposed IT2-W-FBRI,Proposed,alpha,0.7,5,52,0.762169922511803,0.520948402738484,0.00132275653627642,1,42,0.0079245
Proposed IT2-W-FBRI,Proposed,alpha,0.7,10,52,0.786076742016902,0.74354158783206,5.76653921569447e-05,1,42,0.0072218
Proposed IT2-W-FBRI,Proposed,alpha,0.7,15,52,0.793561798336016,0.803110603525287,3.11274444746224e-05,1,43,0.0074419
Proposed IT2-W-FBRI,Proposed,alpha,0.7,20,52,0.794114376586591,0.803529331348885,3.0402766418189e-05,1,44,0.0075361
Proposed IT2-W-FBRI,Proposed,alpha,0.7,40,52,0.794171590080932,0.803572664755277,3.00009089671164e-05,1,44,0.0101964
Proposed IT2-W-FBRI,Proposed,alpha,0.8,0,52,0.848250461018545,0.393924045206496,0.973683089656002,1,42,0.0054937
Proposed IT2-W-FBRI,Proposed,alpha,0.8,5,52,0.816970334028794,0.684602926639299,0.334583758303981,1,42,0.010373
Proposed IT2-W-FBRI,Proposed,alpha,0.8,10,52,0.795470443191505,0.802637242798887,0.0220698747150045,1,42,0.0066013
Proposed IT2-W-FBRI,Proposed,alpha,0.8,15,52,0.794227882650746,0.803679381960119,0.00149244416166995,1,43,0.0070237
Proposed IT2-W-FBRI,Proposed,alpha,0.8,20,52,0.794179762525907,0.803589504250829,0.000272730767110288,1,43,0.0071675
Proposed IT2-W-FBRI,Proposed,alpha,0.8,40,52,0.794173659911896,0.803575125047278,5.00199455632833e-05,1,43,0.0084273
Proposed IT2-W-FBRI,Proposed,alpha,0.85,0,52,0.848542702681601,0.389271845686254,0.982582533660389,1,43,0.0057207
Proposed IT2-W-FBRI,Proposed,alpha,0.85,5,52,0.832860114056467,0.574444057176164,0.604053136878797,1,42,0.0082779
Proposed IT2-W-FBRI,Proposed,alpha,0.85,10,52,0.810300224220491,0.730275497651987,0.22114061707374,1,42,0.0069552
Proposed IT2-W-FBRI,Proposed,alpha,0.85,15,52,0.798878539131954,0.790372041187506,0.0613635851291755,1,42,0.0068863
Proposed IT2-W-FBRI,Proposed,alpha,0.85,20,52,0.79567613775253,0.803498019973223,0.0193908045528541,1,42,0.0066311
Proposed IT2-W-FBRI,Proposed,alpha,0.85,40,52,0.794393214630076,0.803634889287996,0.0028457867495599,1,43,0.0070927
Proposed IT2-W-FBRI,Proposed,alpha,0.9,0,52,0.848739042765173,0.386104370793147,0.988625360310756,1,43,0.0055477
Proposed IT2-W-FBRI,Proposed,alpha,0.9,5,52,0.843332756334887,0.463093711694338,0.837588494779166,1,42,0.0065815
Proposed IT2-W-FBRI,Proposed,alpha,0.9,10,52,0.833157377164053,0.572323549846836,0.608811488037922,1,42,0.0067969
Proposed IT2-W-FBRI,Proposed,alpha,0.9,15,52,0.82417970177539,0.640692369638051,0.441426922368451,1,42,0.0069768
Proposed IT2-W-FBRI,Proposed,alpha,0.9,20,52,0.817834102273329,0.685104248441307,0.335716956882871,1,42,0.0071984
Proposed IT2-W-FBRI,Proposed,alpha,0.9,40,52,0.80854684037122,0.740776477232308,0.194693404243299,1,42,0.008845
Proposed IT2-W-FBRI,Proposed,alpha,1,0,52,0.848952218854698,0.38262717986917,0.995244075957153,1,43,0.0090812
Proposed IT2-W-FBRI,Proposed,alpha,1,5,52,0.848952218854698,0.38262717986917,0.995244075957153,1,43,0.0115225
Proposed IT2-W-FBRI,Proposed,alpha,1,10,52,0.848952218854698,0.38262717986917,0.995244075957153,1,43,0.0086471
Proposed IT2-W-FBRI,Proposed,alpha,1,15,52,0.848952218854698,0.38262717986917,0.995244075957153,1,43,0.009113
Proposed IT2-W-FBRI,Proposed,alpha,1,20,52,0.848952218854698,0.38262717986917,0.995244075957153,1,43,0.0125946
Proposed IT2-W-FBRI,Proposed,alpha,1,40,52,0.848952218854698,0.38262717986917,0.995244075957153,1,43,0.0076134
Isobe-APP,Convergence SOTA,none,NaN,NaN,52,0.8491102139879,0.38016116772676,0.999952566826486,1,42,0.0038415
RQE,Robust SOTA,rqe_tau,0.5,NaN,52,0.786221436765542,0.625330171662731,0.387079009704162,1,23,0.2248446
RQE,Robust SOTA,rqe_tau,1,NaN,52,0.786253688448014,0.625257693211523,0.387301729845702,1,23,0.2615085
RQE,Robust SOTA,rqe_tau,2,NaN,52,0.786318759999275,0.625111121002471,0.387751753161038,1,23,0.2220644
RQE,Robust SOTA,rqe_tau,5,NaN,52,0.786518049503825,0.624659398476362,0.389135510165119,1,23,0.2206301
RQE,Robust SOTA,rqe_tau,10,NaN,52,0.786860184199538,0.623873786696759,0.39153077557716,1,23,0.2280873
RQE,Robust SOTA,rqe_tau,20,NaN,52,0.787551804171172,0.622247494089562,0.396447004690457,1,24,0.2557379
RQE,Robust SOTA,rqe_tau,50,NaN,52,0.789112396940051,0.618316957316785,0.408046575209918,1,24,0.2585033
MF-RQE,Robust SOTA,mfrqe_tau,0.5,NaN,52,0.772331990058881,0.649281718279531,0.305679700496965,1,22,0.2008991
MF-RQE,Robust SOTA,mfrqe_tau,1,NaN,52,0.771442506700544,0.649994917292552,0.30159767495099,1,22,0.2074892
MF-RQE,Robust SOTA,mfrqe_tau,2,NaN,52,0.769697224877077,0.651055126546053,0.293680068763852,1,22,0.2373463
MF-RQE,Robust SOTA,mfrqe_tau,5,NaN,52,0.765168307221972,0.649011407665927,0.273686363205582,1,21,0.1949841
MF-RQE,Robust SOTA,mfrqe_tau,10,NaN,52,0.760811527074295,0.647469594990516,0.255170663561366,1,20,0.1920632
MF-RQE,Robust SOTA,mfrqe_tau,20,NaN,52,0.758469429112249,0.646778181155317,0.245498098235752,1,19,0.2257083
MF-RQE,Robust SOTA,mfrqe_tau,50,NaN,52,0.758075132393804,0.64667081298019,0.243887842033785,1,19,0.1889328
CVaR-game,Robust SOTA,cvar_alpha,0.05,NaN,52,0.717174717035699,0.727217426581432,1.14996634136185e-05,1,28,0.0920133
CVaR-game,Robust SOTA,cvar_alpha,0.1,NaN,52,0.717174717035699,0.727217426581432,1.14996634136185e-05,1,28,0.0937783
CVaR-game,Robust SOTA,cvar_alpha,0.2,NaN,52,0.717174717035699,0.727217426581432,1.14996634136185e-05,1,28,0.0915517
CVaR-game,Robust SOTA,cvar_alpha,0.3,NaN,52,0.717174717035699,0.727217426581432,1.14996634136185e-05,1,28,0.0886339
CVaR-game,Robust SOTA,cvar_alpha,0.5,NaN,52,0.849108294792024,0.380150462156236,0.999965501009759,1,28,0.0944892
CVaR-game,Robust SOTA,cvar_alpha,0.7,NaN,52,0.849108294792024,0.380150462156236,0.999965501009759,1,28,0.087609
CVaR-game,Robust SOTA,cvar_alpha,0.9,NaN,52,0.849108294792024,0.380150462156236,0.999965501009759,1,28,0.0904751
DRNE-VI,Robust SOTA,drne_alpha,0.1,NaN,52,0.832984283669147,0.532126039153224,0.68314808412777,0,300,0.005996
DRNE-VI,Robust SOTA,drne_alpha,0.3,NaN,52,0.828377811035724,0.562335731638831,0.614740028810854,0,300,0.005905
DRNE-VI,Robust SOTA,drne_alpha,0.5,NaN,52,0.820260353593348,0.596953679076056,0.527848662315903,0,300,0.0069178
DRNE-VI,Robust SOTA,drne_alpha,0.7,NaN,52,0.798629186629781,0.648710098219592,0.372300867869437,0,300,0.0073028
DRNE-VI,Robust SOTA,drne_alpha,0.9,NaN,52,0.775179787459524,0.637515142286519,0.218513674676503,0,300,0.0059034
DRNE-VI,Robust SOTA,drne_alpha,0.95,NaN,52,0.774119283859861,0.636755934078252,0.211739533641091,0,300,0.0034515
Proposed IT2-W-FBRI,Proposed,alpha,0,0,53,0.715181326300103,0.726861067710328,8.94771780718424e-05,1,41,0.0066612
Proposed IT2-W-FBRI,Proposed,alpha,0,5,53,0.71493883788507,0.726530830225284,1.67056895230285e-05,1,46,0.0075842
Proposed IT2-W-FBRI,Proposed,alpha,0,10,53,0.71493921816834,0.726531196696641,1.397263068371e-05,1,46,0.0093195
Proposed IT2-W-FBRI,Proposed,alpha,0,15,53,0.716499489612043,0.727720949207734,2.66573364195202e-05,1,44,0.0070522
Proposed IT2-W-FBRI,Proposed,alpha,0,20,53,0.750504141942136,0.495020121127995,2.57581015214256e-05,1,44,0.0070951
Proposed IT2-W-FBRI,Proposed,alpha,0,40,53,0.776383051191974,0.233024319604944,1.21092664392217e-05,1,46,0.0079518
Proposed IT2-W-FBRI,Proposed,alpha,0.1,0,53,0.716653228533306,0.728225630136522,0.00151740978358935,1,41,0.0057323
Proposed IT2-W-FBRI,Proposed,alpha,0.1,5,53,0.714939480597671,0.726531485282293,1.86251210552878e-05,1,46,0.0076897
Proposed IT2-W-FBRI,Proposed,alpha,0.1,10,53,0.714940027133154,0.72653217960952,1.58602991121218e-05,1,46,0.0077087
Proposed IT2-W-FBRI,Proposed,alpha,0.1,15,53,0.72038489904717,0.705463455993681,3.04376863264784e-05,1,44,0.0103545
Proposed IT2-W-FBRI,Proposed,alpha,0.1,20,53,0.757010485979787,0.438289937704134,2.94989604835961e-05,1,44,0.0073092
Proposed IT2-W-FBRI,Proposed,alpha,0.1,40,53,0.776384628858427,0.233009241753767,1.39203899466191e-05,1,46,0.0087343
Proposed IT2-W-FBRI,Proposed,alpha,0.2,0,53,0.735356920942937,0.686643589148854,0.0601391406236187,1,52,0.0068547
Proposed IT2-W-FBRI,Proposed,alpha,0.2,5,53,0.714940073981866,0.726532110599621,2.06917731955175e-05,1,45,0.0075578
Proposed IT2-W-FBRI,Proposed,alpha,0.2,10,53,0.714946168557217,0.726540486698575,1.79469183510448e-05,1,45,0.0084057
Proposed IT2-W-FBRI,Proposed,alpha,0.2,15,53,0.728240013390611,0.656406599254289,3.46586489439515e-05,1,43,0.0087433
Proposed IT2-W-FBRI,Proposed,alpha,0.2,20,53,0.763372147342395,0.377112889237227,3.36881281570805e-05,1,44,0.0105561
Proposed IT2-W-FBRI,Proposed,alpha,0.2,40,53,0.77638594000204,0.232998013903482,1.59602781897344e-05,1,46,0.0082125
Proposed IT2-W-FBRI,Proposed,alpha,0.3,0,53,0.824138664960418,0.581528511297126,0.576249883839898,1,48,0.0063045
Proposed IT2-W-FBRI,Proposed,alpha,0.3,5,53,0.714940682903871,0.726532769321263,2.28979243374734e-05,1,44,0.0070714
Proposed IT2-W-FBRI,Proposed,alpha,0.3,10,53,0.715034503174024,0.726661841412098,2.02286763288859e-05,1,45,0.0086109
Proposed IT2-W-FBRI,Proposed,alpha,0.3,15,53,0.739294163257528,0.579089175780732,3.93219756492261e-05,1,43,0.0104995
Proposed IT2-W-FBRI,Proposed,alpha,0.3,20,53,0.769103829324483,0.31683868060039,3.83583624428241e-05,1,43,0.0073099
Proposed IT2-W-FBRI,Proposed,alpha,0.3,40,53,0.776387057585021,0.232989771731987,1.82442828123811e-05,1,46,0.007302
Proposed IT2-W-FBRI,Proposed,alpha,0.4,0,53,0.83728790064567,0.52157350474092,0.719867341167069,1,42,0.0053011
Proposed IT2-W-FBRI,Proposed,alpha,0.4,5,53,0.714942552683183,0.726535164199219,2.52324782067568e-05,1,44,0.0068082
Proposed IT2-W-FBRI,Proposed,alpha,0.4,10,53,0.716286007652891,0.727847157204653,3.24459669238389e-05,1,44,0.0073011
Proposed IT2-W-FBRI,Proposed,alpha,0.4,15,53,0.751933637801834,0.484173737241331,4.44511683447839e-05,1,43,0.0106608
Proposed IT2-W-FBRI,Proposed,alpha,0.4,20,53,0.773376651042907,0.269130817484484,4.35125246395702e-05,1,43,0.0098638
Proposed IT2-W-FBRI,Proposed,alpha,0.4,40,53,0.776388037869079,0.232983854943055,2.07877111979489e-05,1,45,0.007613
Proposed IT2-W-FBRI,Proposed,alpha,0.5,0,53,0.843912101115979,0.47626460542692,0.817368393163492,1,42,0.0055656
Proposed IT2-W-FBRI,Proposed,alpha,0.5,5,53,0.715007595521697,0.726624451062922,2.76950637062286e-05,1,43,0.0072618
Proposed IT2-W-FBRI,Proposed,alpha,0.5,10,53,0.72600560093775,0.670883583905384,5.18329520737826e-05,1,42,0.0070327
Proposed IT2-W-FBRI,Proposed,alpha,0.5,15,53,0.76422507351716,0.368489152408534,5.00576069744887e-05,1,42,0.0071481
Proposed IT2-W-FBRI,Proposed,alpha,0.5,20,53,0.775528434167635,0.243540462157092,3.44188587771134e-05,1,44,0.0074967
Proposed IT2-W-FBRI,Proposed,alpha,0.5,40,53,0.776388923047942,0.232979750272758,2.35920399356813e-05,1,45,0.0075537
Proposed IT2-W-FBRI,Proposed,alpha,0.6,0,53,0.84834952223547,0.440038122452607,0.891987787183484,1,42,0.0056262
Proposed IT2-W-FBRI,Proposed,alpha,0.6,5,53,0.717952356345961,0.720199398382157,4.32568562172696e-05,1,42,0.0070373
Proposed IT2-W-FBRI,Proposed,alpha,0.6,10,53,0.749128379402464,0.501890999516878,4.03914671027169e-05,1,43,0.0071855
Proposed IT2-W-FBRI,Proposed,alpha,0.6,15,53,0.773020408993949,0.273252664214928,5.61225778117467e-05,1,42,0.0070487
Proposed IT2-W-FBRI,Proposed,alpha,0.6,20,53,0.776194576607334,0.235385750653382,2.71138767898877e-05,1,44,0.0089362
Proposed IT2-W-FBRI,Proposed,alpha,0.6,40,53,0.776389745686942,0.23297707084494,2.66658589789084e-05,1,44,0.0079376
Proposed IT2-W-FBRI,Proposed,alpha,0.7,0,53,0.851199281402826,0.414382888946502,0.943559731678458,1,42,0.0057519
Proposed IT2-W-FBRI,Proposed,alpha,0.7,5,53,0.752239149139677,0.483598102501579,0.00132275639388819,1,42,0.0071474
Proposed IT2-W-FBRI,Proposed,alpha,0.7,10,53,0.770505274691964,0.301558319864978,5.76652572744196e-05,1,42,0.0087872
Proposed IT2-W-FBRI,Proposed,alpha,0.7,15,53,0.775953618871295,0.238356567325246,3.11273505180952e-05,1,43,0.0087972
Proposed IT2-W-FBRI,Proposed,alpha,0.7,20,53,0.776349589277647,0.233481849953956,3.04039584322577e-05,1,43,0.007093
Proposed IT2-W-FBRI,Proposed,alpha,0.7,40,53,0.776390529493555,0.232975509646055,3.00008440878556e-05,1,44,0.0068753
Proposed IT2-W-FBRI,Proposed,alpha,0.8,0,53,0.852792465894972,0.399181108089367,0.973683090382144,1,43,0.0054549
Proposed IT2-W-FBRI,Proposed,alpha,0.8,5,53,0.807919824811983,0.493744313450613,0.334583758108888,1,42,0.0068343
Proposed IT2-W-FBRI,Proposed,alpha,0.8,10,53,0.778397387184892,0.254591836907398,0.0220698745319515,1,42,0.0092052
Proposed IT2-W-FBRI,Proposed,alpha,0.8,15,53,0.77650273348327,0.234688907737791,0.00149244406872496,1,43,0.0073174
Proposed IT2-W-FBRI,Proposed,alpha,0.8,20,53,0.776408338102353,0.233270953344305,0.000272730678283376,1,43,0.0072196
Proposed IT2-W-FBRI,Proposed,alpha,0.8,40,53,0.776393022642337,0.232988275135414,5.00198582717605e-05,1,43,0.0073899
Proposed IT2-W-FBRI,Proposed,alpha,0.85,0,53,0.853253530323412,0.394660148982503,0.982582533601906,1,43,0.0059757
Proposed IT2-W-FBRI,Proposed,alpha,0.85,5,53,0.829841952721065,0.575201216889047,0.604053136735657,1,42,0.008396
Proposed IT2-W-FBRI,Proposed,alpha,0.85,10,53,0.798276619400643,0.406018370823664,0.221140616893145,1,42,0.0074123
Proposed IT2-W-FBRI,Proposed,alpha,0.85,15,53,0.782734767032025,0.282675218896836,0.0613635849430633,1,42,0.0085128
Proposed IT2-W-FBRI,Proposed,alpha,0.85,20,53,0.77841526406629,0.248800770216633,0.0193908043975109,1,42,0.0069117
Proposed IT2-W-FBRI,Proposed,alpha,0.85,40,53,0.776687603010365,0.235272393492064,0.00284578666275883,1,43,0.007871
Proposed IT2-W-FBRI,Proposed,alpha,0.9,0,53,0.853564153258146,0.391582688434992,0.988625360249569,1,43,0.0054854
Proposed IT2-W-FBRI,Proposed,alpha,0.9,5,53,0.845214139992301,0.466661268954215,0.83758849467852,1,42,0.0068922
Proposed IT2-W-FBRI,Proposed,alpha,0.9,10,53,0.830230510772576,0.573155638203414,0.608811487914639,1,42,0.0069774
Proposed IT2-W-FBRI,Proposed,alpha,0.9,15,53,0.817467213718987,0.561133625237814,0.441426922239458,1,42,0.009104
Proposed IT2-W-FBRI,Proposed,alpha,0.9,20,53,0.808614342316843,0.488445656496364,0.335716956756293,1,42,0.0070214
Proposed IT2-W-FBRI,Proposed,alpha,0.9,40,53,0.795841645895569,0.38580516859839,0.194693404141819,1,42,0.0068992
Proposed IT2-W-FBRI,Proposed,alpha,1,0,53,0.853902170110317,0.38820491854701,0.995244075891449,1,43,0.0057434
Proposed IT2-W-FBRI,Proposed,alpha,1,5,53,0.853902170110317,0.38820491854701,0.995244075891449,1,43,0.0071011
Proposed IT2-W-FBRI,Proposed,alpha,1,10,53,0.853902170110317,0.38820491854701,0.995244075891449,1,43,0.0090672
Proposed IT2-W-FBRI,Proposed,alpha,1,15,53,0.853902170110317,0.38820491854701,0.995244075891449,1,43,0.0090686
Proposed IT2-W-FBRI,Proposed,alpha,1,20,53,0.853902170110317,0.38820491854701,0.995244075891449,1,43,0.0070787
Proposed IT2-W-FBRI,Proposed,alpha,1,40,53,0.853902170110317,0.38820491854701,0.995244075891449,1,43,0.0086685
Isobe-APP,Convergence SOTA,none,NaN,NaN,53,0.854147925362662,0.385809251196817,0.999952563285734,1,42,0.0037012
RQE,Robust SOTA,rqe_tau,0.5,NaN,53,0.78277543402784,0.625237024401911,0.387079009704162,1,23,0.2062774
RQE,Robust SOTA,rqe_tau,1,NaN,53,0.782810692292265,0.625164102088928,0.387301729845702,1,23,0.2434739
RQE,Robust SOTA,rqe_tau,2,NaN,53,0.782881848236825,0.625016639443927,0.387751753161038,1,23,0.2623288
RQE,Robust SOTA,rqe_tau,5,NaN,53,0.783099923905779,0.624562232180969,0.389135510165119,1,23,0.2427145
RQE,Robust SOTA,rqe_tau,10,NaN,53,0.783474850445514,0.623772161349546,0.39153077557716,1,23,0.2151945
RQE,Robust SOTA,rqe_tau,20,NaN,53,0.784234799179069,0.622137393127689,0.396447004690457,1,24,0.2735792
RQE,Robust SOTA,rqe_tau,50,NaN,53,0.785963494739083,0.61819197589668,0.408046575209918,1,24,0.2853934
MF-RQE,Robust SOTA,mfrqe_tau,0.5,NaN,53,0.76802389105419,0.649735712138447,0.305679700496965,1,22,0.2470083
MF-RQE,Robust SOTA,mfrqe_tau,1,NaN,53,0.767105780416288,0.650487391079707,0.30159767495099,1,22,0.214258
MF-RQE,Robust SOTA,mfrqe_tau,2,NaN,53,0.765305767158032,0.651639081187138,0.293680068763852,1,22,0.2465561
MF-RQE,Robust SOTA,mfrqe_tau,5,NaN,53,0.760643304338749,0.648836966440341,0.273686363205582,1,21,0.1972865
MF-RQE,Robust SOTA,mfrqe_tau,10,NaN,53,0.756168793402069,0.646732817887712,0.255170663561366,1,20,0.214691
MF-RQE,Robust SOTA,mfrqe_tau,20,NaN,53,0.753767461812837,0.6460238448158,0.245498098235752,1,19,0.1786234
MF-RQE,Robust SOTA,mfrqe_tau,50,NaN,53,0.753363457460621,0.645913308664184,0.243887842033785,1,19,0.1745459
CVaR-game,Robust SOTA,cvar_alpha,0.05,NaN,53,0.714938818341853,0.726529516401638,1.14996634136185e-05,1,28,0.1000766
CVaR-game,Robust SOTA,cvar_alpha,0.1,NaN,53,0.714938818341853,0.726529516401638,1.14996634136185e-05,1,28,0.1022611
CVaR-game,Robust SOTA,cvar_alpha,0.2,NaN,53,0.714938818341853,0.726529516401638,1.14996634136185e-05,1,28,0.1138906
CVaR-game,Robust SOTA,cvar_alpha,0.3,NaN,53,0.714938818341853,0.726529516401638,1.14996634136185e-05,1,28,0.0995147
CVaR-game,Robust SOTA,cvar_alpha,0.5,NaN,53,0.854146491399792,0.385798985796625,0.999965501009759,1,28,0.0966249
CVaR-game,Robust SOTA,cvar_alpha,0.7,NaN,53,0.854146491399792,0.385798985796625,0.999965501009759,1,28,0.0902189
CVaR-game,Robust SOTA,cvar_alpha,0.9,NaN,53,0.854146491399792,0.385798985796625,0.999965501009759,1,28,0.0868948
DRNE-VI,Robust SOTA,drne_alpha,0.1,NaN,53,0.832306415672017,0.534436634261443,0.68314808412777,0,300,0.0061571
DRNE-VI,Robust SOTA,drne_alpha,0.3,NaN,53,0.826503049654277,0.563833877034679,0.614740028810854,0,300,0.0060587
DRNE-VI,Robust SOTA,drne_alpha,0.5,NaN,53,0.81724083632257,0.597756811856562,0.527848662315903,0,300,0.0060955
DRNE-VI,Robust SOTA,drne_alpha,0.7,NaN,53,0.794760680570728,0.648996870744311,0.372300867869437,0,300,0.0060643
DRNE-VI,Robust SOTA,drne_alpha,0.9,NaN,53,0.770517680200394,0.637999479873284,0.218513674676503,0,300,0.0071143
DRNE-VI,Robust SOTA,drne_alpha,0.95,NaN,53,0.769420113581654,0.637278257177528,0.211739533641091,0,300,0.0032725
Proposed IT2-W-FBRI,Proposed,alpha,0,0,54,0.714871225834896,0.728583256595105,8.94772266370533e-05,1,41,0.0053922
Proposed IT2-W-FBRI,Proposed,alpha,0,5,54,0.714622516560041,0.728277954919893,1.67056916782618e-05,1,46,0.0075068
Proposed IT2-W-FBRI,Proposed,alpha,0,10,54,0.714622912812611,0.728278297397275,1.39726362931805e-05,1,46,0.0085207
Proposed IT2-W-FBRI,Proposed,alpha,0,15,54,0.716227548948784,0.724556894542032,2.6657350267419e-05,1,44,0.0066441
Proposed IT2-W-FBRI,Proposed,alpha,0,20,54,0.751162043289831,0.495692931835438,2.57581164313039e-05,1,44,0.0065083
Proposed IT2-W-FBRI,Proposed,alpha,0,40,54,0.777711557699598,0.23501490955224,1.21092745078898e-05,1,46,0.0073682
Proposed IT2-W-FBRI,Proposed,alpha,0.1,0,54,0.716372057388864,0.724989735769134,0.00151740975810452,1,41,0.0052449
Proposed IT2-W-FBRI,Proposed,alpha,0.1,5,54,0.714623149219479,0.728278590152244,1.86251235443286e-05,1,46,0.0116811
Proposed IT2-W-FBRI,Proposed,alpha,0.1,10,54,0.714623723893508,0.728279224959264,1.58603046354196e-05,1,46,0.0080722
Proposed IT2-W-FBRI,Proposed,alpha,0.1,15,54,0.720222707904066,0.701845915887936,3.04376998598226e-05,1,44,0.0068232
Proposed IT2-W-FBRI,Proposed,alpha,0.1,20,54,0.757839032435422,0.440572290948462,2.94989750642924e-05,1,44,0.0092227
Proposed IT2-W-FBRI,Proposed,alpha,0.1,40,54,0.777713158558153,0.23499955630746,1.39203978887209e-05,1,46,0.008266
Proposed IT2-W-FBRI,Proposed,alpha,0.2,0,54,0.735076163763786,0.684326128145653,0.0601391384528887,1,52,0.0080739
Proposed IT2-W-FBRI,Proposed,alpha,0.2,5,54,0.714623733033113,0.72827919472701,2.06917785763897e-05,1,45,0.0075829
Proposed IT2-W-FBRI,Proposed,alpha,0.2,10,54,0.7146300173269,0.728286910649803,1.79469271486577e-05,1,45,0.0071198
Proposed IT2-W-FBRI,Proposed,alpha,0.2,15,54,0.728296843854776,0.653283586533368,3.46586696867832e-05,1,43,0.0083608
Proposed IT2-W-FBRI,Proposed,alpha,0.2,20,54,0.764365839954208,0.380943895191542,3.36881427660398e-05,1,44,0.007211
Proposed IT2-W-FBRI,Proposed,alpha,0.2,40,54,0.777714483864145,0.23498810923651,1.59602861638647e-05,1,46,0.0074461
Proposed IT2-W-FBRI,Proposed,alpha,0.3,0,54,0.821956538620738,0.582242621312846,0.576249883110496,1,48,0.0062737
Proposed IT2-W-FBRI,Proposed,alpha,0.3,5,54,0.714624332858964,0.728279829483239,2.28979349662318e-05,1,44,0.0090222
Proposed IT2-W-FBRI,Proposed,alpha,0.3,10,54,0.714720842584601,0.728398885305629,2.02286856350024e-05,1,45,0.0075664
Proposed IT2-W-FBRI,Proposed,alpha,0.3,15,54,0.739652859660584,0.576388595977543,3.93219971094317e-05,1,43,0.0072248
Proposed IT2-W-FBRI,Proposed,alpha,0.3,20,54,0.770245233108086,0.320663419960057,3.83583851941131e-05,1,43,0.0069648
Proposed IT2-W-FBRI,Proposed,alpha,0.3,40,54,0.777715608307614,0.23497969004175,1.82442910110337e-05,1,46,0.0074947
Proposed IT2-W-FBRI,Proposed,alpha,0.4,0,54,0.834342608727285,0.523163874541261,0.719867340993537,1,42,0.0054804
Proposed IT2-W-FBRI,Proposed,alpha,0.4,5,54,0.714626228814136,0.728282066115892,2.52324909076339e-05,1,44,0.0093013
Proposed IT2-W-FBRI,Proposed,alpha,0.4,10,54,0.716007866500115,0.725280488943372,3.24459814794365e-05,1,44,0.0072095
Proposed IT2-W-FBRI,Proposed,alpha,0.4,15,54,0.75262902761933,0.484337820454889,4.44511912387278e-05,1,43,0.0075786
Proposed IT2-W-FBRI,Proposed,alpha,0.4,20,54,0.774627777965031,0.271756146323653,4.35125487067114e-05,1,43,0.0069914
Proposed IT2-W-FBRI,Proposed,alpha,0.4,40,54,0.77771658945367,0.234973627666229,2.07877240717695e-05,1,45,0.007606
Proposed IT2-W-FBRI,Proposed,alpha,0.5,0,54,0.840407036762309,0.477155290680664,0.817368393147579,1,42,0.0069216
Proposed IT2-W-FBRI,Proposed,alpha,0.5,5,54,0.71469309589544,0.728364460430855,2.76950868816929e-05,1,43,0.0089206
Proposed IT2-W-FBRI,Proposed,alpha,0.5,10,54,0.726000339109592,0.667782411305109,5.18329872137458e-05,1,42,0.0077524
Proposed IT2-W-FBRI,Proposed,alpha,0.5,15,54,0.765240651284944,0.372469332170382,5.00576444121841e-05,1,42,0.0082368
Proposed IT2-W-FBRI,Proposed,alpha,0.5,20,54,0.776834827973634,0.24569398133269,3.44188770778443e-05,1,44,0.0069715
Proposed IT2-W-FBRI,Proposed,alpha,0.5,40,54,0.777717470556975,0.234969400722105,2.3592053749879e-05,1,45,0.0092846
Proposed IT2-W-FBRI,Proposed,alpha,0.6,0,54,0.844409273050935,0.440405086666494,0.891987787202698,1,42,0.0054189
Proposed IT2-W-FBRI,Proposed,alpha,0.6,5,54,0.717721334077558,0.71620459633286,4.32568950937972e-05,1,42,0.0068581
Proposed IT2-W-FBRI,Proposed,alpha,0.6,10,54,0.74974971656294,0.499032231004052,4.03914949715964e-05,1,43,0.0071261
Proposed IT2-W-FBRI,Proposed,alpha,0.6,15,54,0.774262269233744,0.276003815925243,5.61226193853872e-05,1,42,0.0068358
Proposed IT2-W-FBRI,Proposed,alpha,0.6,20,54,0.777518099512148,0.237413230260905,2.71138977311009e-05,1,44,0.0074306
Proposed IT2-W-FBRI,Proposed,alpha,0.6,40,54,0.777718284947481,0.234966616018983,2.66658811303994e-05,1,44,0.0075
Proposed IT2-W-FBRI,Proposed,alpha,0.7,0,54,0.846957381420665,0.414633042857121,0.943559731722211,1,42,0.0055677
Proposed IT2-W-FBRI,Proposed,alpha,0.7,5,54,0.752931217861008,0.483808742890321,0.00132275640370155,1,42,0.0068028
Proposed IT2-W-FBRI,Proposed,alpha,0.7,10,54,0.771682458534341,0.305073961186931,5.76653038221865e-05,1,42,0.0067233
Proposed IT2-W-FBRI,Proposed,alpha,0.7,15,54,0.777270914633091,0.240430372104196,3.11273840324696e-05,1,43,0.0071722
Proposed IT2-W-FBRI,Proposed,alpha,0.7,20,54,0.777677062609172,0.235479291004111,3.04039925503975e-05,1,43,0.0069909
Proposed IT2-W-FBRI,Proposed,alpha,0.7,40,54,0.77771905700917,0.234964961885141,3.00008684735278e-05,1,44,0.0070582
Proposed IT2-W-FBRI,Proposed,alpha,0.8,0,54,0.848374286598779,0.399404973949911,0.973683090425666,1,43,0.0054199
Proposed IT2-W-FBRI,Proposed,alpha,0.8,5,54,0.807242715905169,0.493990769336468,0.334583757962282,1,42,0.0068141
Proposed IT2-W-FBRI,Proposed,alpha,0.8,10,54,0.779586338599644,0.256416412006745,0.0220698744865107,1,42,0.0076288
Proposed IT2-W-FBRI,Proposed,alpha,0.8,15,54,0.777821432276773,0.236671660087459,0.00149244409994331,1,43,0.0090439
Proposed IT2-W-FBRI,Proposed,alpha,0.8,20,54,0.777735211043982,0.23525947286154,0.000272730715366203,1,43,0.0081937
Proposed IT2-W-FBRI,Proposed,alpha,0.8,40,54,0.777721437106624,0.23497747585968,5.00198973232646e-05,1,43,0.0078418
Proposed IT2-W-FBRI,Proposed,alpha,0.85,0,54,0.848783269938581,0.394877561132183,0.982582533649231,1,43,0.0078005
Proposed IT2-W-FBRI,Proposed,alpha,0.85,5,54,0.827589946056847,0.576294874056565,0.604053136709726,1,42,0.0085723
Proposed IT2-W-FBRI,Proposed,alpha,0.85,10,54,0.798286180540968,0.407069505093352,0.221140616830692,1,42,0.008216
Proposed IT2-W-FBRI,Proposed,alpha,0.85,15,54,0.783696369941166,0.284048044756067,0.0613635848860149,1,42,0.007454
Proposed IT2-W-FBRI,Proposed,alpha,0.85,20,54,0.779627876851655,0.250594243618838,0.0193908043953856,1,42,0.0093887
Proposed IT2-W-FBRI,Proposed,alpha,0.85,40,54,0.777999290511634,0.237233104524628,0.00284578669823724,1,43,0.0095743
Proposed IT2-W-FBRI,Proposed,alpha,0.9,0,54,0.849058529595874,0.39179607017285,0.988625360299114,1,43,0.0083851
Proposed IT2-W-FBRI,Proposed,alpha,0.9,5,54,0.841592830146584,0.467393809338493,0.837588494698933,1,42,0.0067425
Proposed IT2-W-FBRI,Proposed,alpha,0.9,10,54,0.82795171228103,0.574273844960876,0.608811487912529,1,42,0.0072466
Proposed IT2-W-FBRI,Proposed,alpha,0.9,15,54,0.816174234006956,0.561867147376949,0.441426922231853,1,42,0.0091712
Proposed IT2-W-FBRI,Proposed,alpha,0.9,20,54,0.807945966370655,0.488659106993599,0.335716956751133,1,42,0.0067621
Proposed IT2-W-FBRI,Proposed,alpha,0.9,40,54,0.796009451643048,0.38684821812224,0.194693404161492,1,42,0.0071781
Proposed IT2-W-FBRI,Proposed,alpha,1,0,54,0.849357814348998,0.38841421536872,0.995244075942912,1,43,0.0060516
Proposed IT2-W-FBRI,Proposed,alpha,1,5,54,0.849357814348998,0.38841421536872,0.995244075942912,1,43,0.0072097
Proposed IT2-W-FBRI,Proposed,alpha,1,10,54,0.849357814348998,0.38841421536872,0.995244075942912,1,43,0.0073905
Proposed IT2-W-FBRI,Proposed,alpha,1,15,54,0.849357814348998,0.38841421536872,0.995244075942912,1,43,0.0073207
Proposed IT2-W-FBRI,Proposed,alpha,1,20,54,0.849357814348998,0.38841421536872,0.995244075942912,1,43,0.0071672
Proposed IT2-W-FBRI,Proposed,alpha,1,40,54,0.849357814348998,0.38841421536872,0.995244075942912,1,43,0.0071843
Isobe-APP,Convergence SOTA,none,NaN,NaN,54,0.849576133610851,0.386015751278817,0.999952707981876,1,42,0.0036329
RQE,Robust SOTA,rqe_tau,0.5,NaN,54,0.781390054249343,0.626073891923256,0.387079009704162,1,23,0.2282049
RQE,Robust SOTA,rqe_tau,1,NaN,54,0.781424148505772,0.62600154639114,0.387301729845702,1,23,0.2249295
RQE,Robust SOTA,rqe_tau,2,NaN,54,0.781492951563181,0.625855253313693,0.387751753161038,1,23,0.2346849
RQE,Robust SOTA,rqe_tau,5,NaN,54,0.78170378483729,0.625404477218583,0.389135510165119,1,23,0.2500604
RQE,Robust SOTA,rqe_tau,10,NaN,54,0.782066148076114,0.624620818347558,0.39153077557716,1,23,0.2784429
RQE,Robust SOTA,rqe_tau,20,NaN,54,0.782800210874464,0.623017404137829,0.396447004690457,1,24,0.2342711
RQE,Robust SOTA,rqe_tau,50,NaN,54,0.78446713596499,0.619132622011367,0.408046575209918,1,24,0.2870618
MF-RQE,Robust SOTA,mfrqe_tau,0.5,NaN,54,0.767040589255696,0.649970483801134,0.305679700496965,1,22,0.2481495
MF-RQE,Robust SOTA,mfrqe_tau,1,NaN,54,0.766141166566929,0.650764301906919,0.30159767495099,1,22,0.2190436
MF-RQE,Robust SOTA,mfrqe_tau,2,NaN,54,0.764377343390713,0.652111463733291,0.293680068763852,1,22,0.2300829
MF-RQE,Robust SOTA,mfrqe_tau,5,NaN,54,0.759805926555923,0.648714830456213,0.273686363205582,1,21,0.2190402
MF-RQE,Robust SOTA,mfrqe_tau,10,NaN,54,0.75541528567933,0.646625966192074,0.255170663561366,1,20,0.1962058
MF-RQE,Robust SOTA,mfrqe_tau,20,NaN,54,0.753057592365012,0.645953411759575,0.245498098235752,1,19,0.2098367
MF-RQE,Robust SOTA,mfrqe_tau,50,NaN,54,0.752660840572078,0.645849027986764,0.243887842033785,1,19,0.1838149
CVaR-game,Robust SOTA,cvar_alpha,0.05,NaN,54,0.714622434063387,0.728276850805457,1.14996634136185e-05,1,28,0.0858605
CVaR-game,Robust SOTA,cvar_alpha,0.1,NaN,54,0.714622434063387,0.728276850805457,1.14996634136185e-05,1,28,0.0982005
CVaR-game,Robust SOTA,cvar_alpha,0.2,NaN,54,0.714622434063387,0.728276850805457,1.14996634136185e-05,1,28,0.0921651
CVaR-game,Robust SOTA,cvar_alpha,0.3,NaN,54,0.714622434063387,0.728276850805457,1.14996634136185e-05,1,28,0.0942404
CVaR-game,Robust SOTA,cvar_alpha,0.5,NaN,54,0.849574584584798,0.386005591128836,0.999965501009759,1,28,0.0892583
CVaR-game,Robust SOTA,cvar_alpha,0.7,NaN,54,0.849574584584798,0.386005591128836,0.999965501009759,1,28,0.0915984
CVaR-game,Robust SOTA,cvar_alpha,0.9,NaN,54,0.849574584584798,0.386005591128836,0.999965501009759,1,28,0.1200954
DRNE-VI,Robust SOTA,drne_alpha,0.1,NaN,54,0.829528152828627,0.53549147429394,0.68314808412777,0,300,0.0099462
DRNE-VI,Robust SOTA,drne_alpha,0.3,NaN,54,0.824102465527598,0.5644870067088,0.614740028810854,0,300,0.0087631
DRNE-VI,Robust SOTA,drne_alpha,0.5,NaN,54,0.815282046795006,0.598067294914455,0.527848662315903,0,300,0.0091898
DRNE-VI,Robust SOTA,drne_alpha,0.7,NaN,54,0.793467742472589,0.648077489741253,0.372300867869437,0,300,0.0062594
DRNE-VI,Robust SOTA,drne_alpha,0.9,NaN,54,0.769863526150732,0.637667307136512,0.218513674676503,0,300,0.0063144
DRNE-VI,Robust SOTA,drne_alpha,0.95,NaN,54,0.768794002976691,0.636907908372719,0.211739533641091,0,300,0.0034872
Proposed IT2-W-FBRI,Proposed,alpha,0,0,55,0.703396253540687,0.096072276723582,8.94775542791817e-05,1,41,0.005699
Proposed IT2-W-FBRI,Proposed,alpha,0,5,55,0.703071513504338,0.0933293009458892,1.67057603477505e-05,1,46,0.0105252
Proposed IT2-W-FBRI,Proposed,alpha,0,10,55,0.703071901839234,0.0933280411469425,1.39726996440155e-05,1,46,0.0074302
Proposed IT2-W-FBRI,Proposed,alpha,0,15,55,0.705190060239464,0.11145283946576,2.66574759300341e-05,1,44,0.0066424
Proposed IT2-W-FBRI,Proposed,alpha,0,20,55,0.752478896182822,0.498419054038945,2.57582406050758e-05,1,44,0.0064781
Proposed IT2-W-FBRI,Proposed,alpha,0,40,55,0.79079363123074,0.804147795331985,1.21093343597573e-05,1,46,0.0108643
Proposed IT2-W-FBRI,Proposed,alpha,0.1,0,55,0.705320596997112,0.111682528697927,0.00151741016626463,1,41,0.005228
Proposed IT2-W-FBRI,Proposed,alpha,0.1,5,55,0.703072137602924,0.0933300652112753,1.86251909894426e-05,1,46,0.0076901
Proposed IT2-W-FBRI,Proposed,alpha,0.1,10,55,0.703072850147589,0.0933338761944683,1.58603675776854e-05,1,46,0.0075645
Proposed IT2-W-FBRI,Proposed,alpha,0.1,15,55,0.710478645159224,0.155795655724006,3.04378250386078e-05,1,44,0.0072398
Proposed IT2-W-FBRI,Proposed,alpha,0.1,20,55,0.761856365610014,0.574365030143977,2.94990988509099e-05,1,44,0.0070918
Proposed IT2-W-FBRI,Proposed,alpha,0.1,40,55,0.790795891677014,0.80414942183486,1.39204575481684e-05,1,46,0.0075942
Proposed IT2-W-FBRI,Proposed,alpha,0.2,0,55,0.72779806252508,0.267590764889403,0.0601391410403009,1,52,0.0082188
Proposed IT2-W-FBRI,Proposed,alpha,0.2,5,55,0.703072731150614,0.0933315004873393,2.06918710540524e-05,1,45,0.0078078
Proposed IT2-W-FBRI,Proposed,alpha,0.2,10,55,0.703081015356569,0.0934016289912264,1.79470148114186e-05,1,45,0.0074692
Proposed IT2-W-FBRI,Proposed,alpha,0.2,15,55,0.721248998776102,0.245867321936931,3.46501884193564e-05,1,44,0.007574
Proposed IT2-W-FBRI,Proposed,alpha,0.2,20,55,0.77116966139031,0.650727646368705,3.36882653977262e-05,1,44,0.0073369
Proposed IT2-W-FBRI,Proposed,alpha,0.2,40,55,0.790797718093775,0.80415076247336,1.59603452768251e-05,1,46,0.0077435
Proposed IT2-W-FBRI,Proposed,alpha,0.3,0,55,0.824903060358622,0.580570239966538,0.576249883905813,1,48,0.0060814
Proposed IT2-W-FBRI,Proposed,alpha,0.3,5,55,0.703073356269679,0.0933335355930125,2.28980610867497e-05,1,44,0.0078413
Proposed IT2-W-FBRI,Proposed,alpha,0.3,10,55,0.703200605947954,0.0944277883366378,2.02287715106385e-05,1,45,0.0079702
Proposed IT2-W-FBRI,Proposed,alpha,0.3,15,55,0.736608180440987,0.374265107603569,3.93221691915765e-05,1,43,0.007209
Proposed IT2-W-FBRI,Proposed,alpha,0.3,20,55,0.779706258341384,0.720284004275896,3.83585557746039e-05,1,43,0.0072052
Proposed IT2-W-FBRI,Proposed,alpha,0.3,40,55,0.790799221713919,0.804151893888958,1.82443491619517e-05,1,46,0.0077567
Proposed IT2-W-FBRI,Proposed,alpha,0.4,0,55,0.836782811251969,0.521496401953554,0.719867341258494,1,42,0.0060341
Proposed IT2-W-FBRI,Proposed,alpha,0.4,5,55,0.703075691300672,0.0933503711846229,2.5232612183333e-05,1,44,0.0077646
Proposed IT2-W-FBRI,Proposed,alpha,0.4,10,55,0.704898660397298,0.108976388513826,3.2446100608647e-05,1,44,0.0071974
Proposed IT2-W-FBRI,Proposed,alpha,0.4,15,55,0.754526235476369,0.513382474416858,4.44513589274707e-05,1,43,0.0088983
Proposed IT2-W-FBRI,Proposed,alpha,0.4,20,55,0.786176556645601,0.772507936422298,4.35127151328371e-05,1,43,0.0068563
Proposed IT2-W-FBRI,Proposed,alpha,0.4,40,55,0.790800488091828,0.804152875132335,2.07878044301814e-05,1,45,0.0074093
Proposed IT2-W-FBRI,Proposed,alpha,0.5,0,55,0.841948767966014,0.476397983344627,0.817368393240527,1,42,0.00599
Proposed IT2-W-FBRI,Proposed,alpha,0.5,5,55,0.703163671001633,0.0941039982650059,2.76952504937247e-05,1,43,0.0068286
Proposed IT2-W-FBRI,Proposed,alpha,0.5,10,55,0.718172888087628,0.220161004681293,5.18332190794381e-05,1,42,0.0070092
Proposed IT2-W-FBRI,Proposed,alpha,0.5,15,55,0.772429261446668,0.661020943108409,5.00578738258538e-05,1,42,0.0086392
Proposed IT2-W-FBRI,Proposed,alpha,0.5,20,55,0.789474399599181,0.79860583814975,3.44189896416125e-05,1,44,0.0096082
Proposed IT2-W-FBRI,Proposed,alpha,0.5,40,55,0.790801582027013,0.804153750631666,2.35921314831673e-05,1,45,0.0099326
Proposed IT2-W-FBRI,Proposed,alpha,0.6,0,55,0.845211814941278,0.44042269916928,0.891987787253695,1,42,0.005614
Proposed IT2-W-FBRI,Proposed,alpha,0.6,5,55,0.707162690138183,0.127962739595194,4.32571166112089e-05,1,42,0.0068596
Proposed IT2-W-FBRI,Proposed,alpha,0.6,10,55,0.750510561820418,0.48984967697643,4.03916497144864e-05,1,43,0.0095155
Proposed IT2-W-FBRI,Proposed,alpha,0.6,15,55,0.785632013144293,0.76812539949063,5.612283880339e-05,1,42,0.0074629
Proposed IT2-W-FBRI,Proposed,alpha,0.6,20,55,0.790501111127041,0.803948761805623,2.71140047362255e-05,1,44,0.008414
Proposed IT2-W-FBRI,Proposed,alpha,0.6,40,55,0.790802553281285,0.804154554614224,2.6665986901403e-05,1,44,0.0089421
Proposed IT2-W-FBRI,Proposed,alpha,0.7,0,55,0.847261643272719,0.414485821319372,0.943559731760408,1,42,0.0056715
Proposed IT2-W-FBRI,Proposed,alpha,0.7,5,55,0.754880391351435,0.515578558158559,0.00132275664694235,1,42,0.0107884
Proposed IT2-W-FBRI,Proposed,alpha,0.7,10,55,0.781814883295803,0.737321184886969,5.76655116968455e-05,1,42,0.0107067
Proposed IT2-W-FBRI,Proposed,alpha,0.7,15,55,0.790128929467155,0.80261306974859,3.11275288311246e-05,1,43,0.0072275
Proposed IT2-W-FBRI,Proposed,alpha,0.7,20,55,0.790740175906748,0.804112126923087,3.04028254082785e-05,1,44,0.0074104
Proposed IT2-W-FBRI,Proposed,alpha,0.7,40,55,0.79080343895893,0.804155312195098,3.00009687940504e-05,1,44,0.0086524
Proposed IT2-W-FBRI,Proposed,alpha,0.8,0,55,0.848395995711665,0.399115897262957,0.97368308970023,1,42,0.0072686
Proposed IT2-W-FBRI,Proposed,alpha,0.8,5,55,0.814658905718911,0.684798176347621,0.334583758202852,1,42,0.0070209
Proposed IT2-W-FBRI,Proposed,alpha,0.8,10,55,0.792130367431194,0.800938610217826,0.0220698747160731,1,42,0.0069455
Proposed IT2-W-FBRI,Proposed,alpha,0.8,15,55,0.790858317329848,0.804247528960508,0.00149244423875406,1,43,0.0080921
Proposed IT2-W-FBRI,Proposed,alpha,0.8,20,55,0.790811240539237,0.804169743525348,0.000272730851265627,1,43,0.0096965
Proposed IT2-W-FBRI,Proposed,alpha,0.8,40,55,0.790805609787458,0.804157573356725,5.00200317714943e-05,1,43,0.008438
Proposed IT2-W-FBRI,Proposed,alpha,0.85,0,55,0.848722847548214,0.394544854024477,0.982582533707058,1,43,0.0057633
Proposed IT2-W-FBRI,Proposed,alpha,0.85,5,55,0.831596519011878,0.574346013583477,0.604053136820123,1,42,0.0067001
Proposed IT2-W-FBRI,Proposed,alpha,0.85,10,55,0.807668344845125,0.729700982895451,0.221140616993893,1,42,0.0101402
Proposed IT2-W-FBRI,Proposed,alpha,0.85,15,55,0.795710720419354,0.787782566222611,0.0613635850679083,1,42,0.0091139
Proposed IT2-W-FBRI,Proposed,alpha,0.85,20,55,0.792370930847923,0.802244000790439,0.0193908045790401,1,42,0.0091816
Proposed IT2-W-FBRI,Proposed,alpha,0.85,40,55,0.791034324600565,0.8044184017467,0.0028457868250209,1,43,0.0071689
Proposed IT2-W-FBRI,Proposed,alpha,0.9,0,55,0.848942701096645,0.391440553201608,0.988625360370473,1,43,0.0064211
Proposed IT2-W-FBRI,Proposed,alpha,0.9,5,55,0.842953425102029,0.466761447246381,0.837588494745666,1,42,0.0067338
Proposed IT2-W-FBRI,Proposed,alpha,0.9,10,55,0.831917279881607,0.572322558670465,0.608811487990884,1,42,0.0080573
Proposed IT2-W-FBRI,Proposed,alpha,0.9,15,55,0.822329265409716,0.641214408065933,0.441426922318006,1,42,0.0098751
Proposed IT2-W-FBRI,Proposed,alpha,0.9,20,55,0.815607460936828,0.685274481466837,0.33571695683375,1,42,0.0087065
Proposed IT2-W-FBRI,Proposed,alpha,0.9,40,55,0.805830358000024,0.739735709540677,0.194693404208929,1,42,0.0087519
Proposed IT2-W-FBRI,Proposed,alpha,1,0,55,0.849181645280215,0.388083715329196,0.995244076033333,1,43,0.0063295
Proposed IT2-W-FBRI,Proposed,alpha,1,5,55,0.849181645280215,0.388083715329196,0.995244076033333,1,43,0.0110922
Proposed IT2-W-FBRI,Proposed,alpha,1,10,55,0.849181645280215,0.388083715329196,0.995244076033333,1,43,0.0074054
Proposed IT2-W-FBRI,Proposed,alpha,1,15,55,0.849181645280215,0.388083715329196,0.995244076033333,1,43,0.0074268
Proposed IT2-W-FBRI,Proposed,alpha,1,20,55,0.849181645280215,0.388083715329196,0.995244076033333,1,43,0.0074362
Proposed IT2-W-FBRI,Proposed,alpha,1,40,55,0.849181645280215,0.388083715329196,0.995244076033333,1,43,0.0071932
Isobe-APP,Convergence SOTA,none,NaN,NaN,55,0.849358146820481,0.385711503705487,0.999952772122491,1,42,0.0038549
RQE,Robust SOTA,rqe_tau,0.5,NaN,55,0.78315522162597,0.624914668961786,0.387079009704162,1,23,0.2318833
RQE,Robust SOTA,rqe_tau,1,NaN,55,0.783188591671804,0.624840279158938,0.387301729845702,1,23,0.2430971
RQE,Robust SOTA,rqe_tau,2,NaN,55,0.783255920114923,0.624689854722975,0.387751753161038,1,23,0.2234513
RQE,Robust SOTA,rqe_tau,5,NaN,55,0.783462126003003,0.6242263689767,0.389135510165119,1,23,0.2421142
RQE,Robust SOTA,rqe_tau,10,NaN,55,0.783816153010571,0.623420686781267,0.39153077557716,1,23,0.2417373
RQE,Robust SOTA,rqe_tau,20,NaN,55,0.784531871031636,0.621754272481659,0.396447004690457,1,24,0.2826453
RQE,Robust SOTA,rqe_tau,50,NaN,55,0.786147527646317,0.61773662566504,0.408046575209918,1,24,0.2712509
MF-RQE,Robust SOTA,mfrqe_tau,0.5,NaN,55,0.768757614009709,0.649062240261225,0.305679700496965,1,22,0.2238542
MF-RQE,Robust SOTA,mfrqe_tau,1,NaN,55,0.767842109889934,0.649863465071815,0.30159767495099,1,22,0.2338675
MF-RQE,Robust SOTA,mfrqe_tau,2,NaN,55,0.766046505993921,0.65141882455055,0.293680068763852,1,22,0.2138425
MF-RQE,Robust SOTA,mfrqe_tau,5,NaN,55,0.761391622138178,0.647492319338413,0.273686363205582,1,21,0.1977115
MF-RQE,Robust SOTA,mfrqe_tau,10,NaN,55,0.756919992688688,0.63775069506829,0.255170663561366,1,20,0.2071012
MF-RQE,Robust SOTA,mfrqe_tau,20,NaN,55,0.754518828131908,0.631887529569435,0.245498098235752,1,19,0.1850151
MF-RQE,Robust SOTA,mfrqe_tau,50,NaN,55,0.754114751770351,0.630906118079612,0.243887842033785,1,19,0.2034379
CVaR-game,Robust SOTA,cvar_alpha,0.05,NaN,55,0.70307026291627,0.0932869220607802,1.14996634136185e-05,1,28,0.0809836
CVaR-game,Robust SOTA,cvar_alpha,0.1,NaN,55,0.70307026291627,0.0932869220607802,1.14996634136185e-05,1,28,0.0815783
CVaR-game,Robust SOTA,cvar_alpha,0.2,NaN,55,0.70307026291627,0.0932869220607802,1.14996634136185e-05,1,28,0.0888206
CVaR-game,Robust SOTA,cvar_alpha,0.3,NaN,55,0.70307026291627,0.0932869220607802,1.14996634136185e-05,1,28,0.083946
CVaR-game,Robust SOTA,cvar_alpha,0.5,NaN,55,0.849356241009288,0.385701386840615,0.999965501009759,1,28,0.0946563
CVaR-game,Robust SOTA,cvar_alpha,0.7,NaN,55,0.849356241009288,0.385701386840615,0.999965501009759,1,28,0.0859376
CVaR-game,Robust SOTA,cvar_alpha,0.9,NaN,55,0.849356241009288,0.385701386840615,0.999965501009759,1,28,0.0905556
DRNE-VI,Robust SOTA,drne_alpha,0.1,NaN,55,0.831776140139059,0.534001187060032,0.68314808412777,0,300,0.0059892
DRNE-VI,Robust SOTA,drne_alpha,0.3,NaN,55,0.826794059438917,0.563052663467537,0.614740028810854,0,300,0.0061992
DRNE-VI,Robust SOTA,drne_alpha,0.5,NaN,55,0.817992651095881,0.596595132150408,0.527848662315903,0,300,0.0060252
DRNE-VI,Robust SOTA,drne_alpha,0.7,NaN,55,0.794358300920297,0.64731868784591,0.372300867869437,0,300,0.0060324
DRNE-VI,Robust SOTA,drne_alpha,0.9,NaN,55,0.768619118100039,0.536182505725697,0.218513674676503,0,300,0.0061734
DRNE-VI,Robust SOTA,drne_alpha,0.95,NaN,55,0.767452111033908,0.530003802330615,0.211739533641091,0,300,0.0034717
Proposed IT2-W-FBRI,Proposed,alpha,0,0,56,0.715143922202555,0.726343810191772,8.94773382864643e-05,1,41,0.0072311
Proposed IT2-W-FBRI,Proposed,alpha,0,5,56,0.714866772516687,0.72655139564948,1.67057195471425e-05,1,46,0.0122975
Proposed IT2-W-FBRI,Proposed,alpha,0,10,56,0.714867245000703,0.726551679806818,1.39726600934858e-05,1,46,0.010523
Proposed IT2-W-FBRI,Proposed,alpha,0,15,56,0.716662095877223,0.726867603934046,2.66573960426204e-05,1,44,0.0075141
Proposed IT2-W-FBRI,Proposed,alpha,0,20,56,0.756504325939431,0.497398257389589,2.57581610642006e-05,1,44,0.011119
Proposed IT2-W-FBRI,Proposed,alpha,0,40,56,0.788298115492916,0.802399595545018,1.21092956572883e-05,1,46,0.0075754
Proposed IT2-W-FBRI,Proposed,alpha,0.1,0,56,0.716805253294324,0.727021390350701,0.00151740994882433,1,41,0.0088171
Proposed IT2-W-FBRI,Proposed,alpha,0.1,5,56,0.714867454132627,0.726552060203841,1.86251506308891e-05,1,46,0.0084337
Proposed IT2-W-FBRI,Proposed,alpha,0.1,10,56,0.714868127850495,0.726552697424123,1.58603282230563e-05,1,46,0.0077141
Proposed IT2-W-FBRI,Proposed,alpha,0.1,15,56,0.721142354304209,0.705441696963053,3.04377454406511e-05,1,44,0.0074201
Proposed IT2-W-FBRI,Proposed,alpha,0.1,20,56,0.764335683541491,0.573275132489227,2.94990195707893e-05,1,44,0.0077061
Proposed IT2-W-FBRI,Proposed,alpha,0.1,40,56,0.788300036525743,0.802401184853579,1.39204189786579e-05,1,46,0.0075917
Proposed IT2-W-FBRI,Proposed,alpha,0.2,0,56,0.73707224264384,0.686854638928946,0.0601391410465896,1,52,0.0078942
Proposed IT2-W-FBRI,Proposed,alpha,0.2,5,56,0.714868079984566,0.72655270506448,2.06918145615084e-05,1,45,0.0088499
Proposed IT2-W-FBRI,Proposed,alpha,0.2,10,56,0.714875136631597,0.72656118622823,1.7946959306186e-05,1,45,0.0108977
Proposed IT2-W-FBRI,Proposed,alpha,0.2,15,56,0.730249312628805,0.655765383111355,3.46501093710019e-05,1,44,0.0108885
Proposed IT2-W-FBRI,Proposed,alpha,0.2,20,56,0.772084348165337,0.650868239778867,3.36881866311091e-05,1,44,0.0085663
Proposed IT2-W-FBRI,Proposed,alpha,0.2,40,56,0.78830160890489,0.80240250841864,1.59603069581986e-05,1,46,0.0111557
Proposed IT2-W-FBRI,Proposed,alpha,0.3,0,56,0.829698450882395,0.584539465487884,0.57624988392347,1,48,0.007378
Proposed IT2-W-FBRI,Proposed,alpha,0.3,5,56,0.714868722287015,0.726553389351569,2.2897982175069e-05,1,44,0.0073928
Proposed IT2-W-FBRI,Proposed,alpha,0.3,10,56,0.714976640206733,0.726578298070663,2.02287166609663e-05,1,45,0.0074317
Proposed IT2-W-FBRI,Proposed,alpha,0.3,15,56,0.743192645459831,0.580334236888456,3.93220578634314e-05,1,43,0.0072789
Proposed IT2-W-FBRI,Proposed,alpha,0.3,20,56,0.779158037507688,0.720173000913109,3.83584447760447e-05,1,43,0.0071596
Proposed IT2-W-FBRI,Proposed,alpha,0.3,40,56,0.788302924563141,0.802403639393065,1.82443112308902e-05,1,46,0.0075066
Proposed IT2-W-FBRI,Proposed,alpha,0.4,0,56,0.842451066412148,0.52627799805349,0.71986734113962,1,42,0.0074923
Proposed IT2-W-FBRI,Proposed,alpha,0.4,5,56,0.714870811977737,0.72655584723644,2.52325348592485e-05,1,44,0.0087619
Proposed IT2-W-FBRI,Proposed,alpha,0.4,10,56,0.716416111208343,0.72652744974304,3.24460235010513e-05,1,44,0.0104812
Proposed IT2-W-FBRI,Proposed,alpha,0.4,15,56,0.758217024750905,0.511382571969364,4.44512492023023e-05,1,43,0.0093456
Proposed IT2-W-FBRI,Proposed,alpha,0.4,20,56,0.784498944593993,0.771524903357423,4.35126056765136e-05,1,43,0.0073239
Proposed IT2-W-FBRI,Proposed,alpha,0.4,40,56,0.788304054269493,0.802404634219703,2.07877511509143e-05,1,45,0.0077619
Proposed IT2-W-FBRI,Proposed,alpha,0.5,0,56,0.848561365523484,0.481985339107678,0.817368393118776,1,42,0.0100492
Proposed IT2-W-FBRI,Proposed,alpha,0.5,5,56,0.714945529431367,0.726632062274366,2.76951429038174e-05,1,43,0.007331
Proposed IT2-W-FBRI,Proposed,alpha,0.5,10,56,0.727651276895785,0.670607148201679,5.18330652514989e-05,1,42,0.0072063
Proposed IT2-W-FBRI,Proposed,alpha,0.5,15,56,0.773130429263916,0.661255726028919,5.00577203484045e-05,1,42,0.0070395
Proposed IT2-W-FBRI,Proposed,alpha,0.5,20,56,0.787213958412106,0.79728425181261,3.44189144327914e-05,1,44,0.0071009
Proposed IT2-W-FBRI,Proposed,alpha,0.5,40,56,0.788305051450673,0.802405535129951,2.3592079159442e-05,1,45,0.0071406
Proposed IT2-W-FBRI,Proposed,alpha,0.6,0,56,0.852598963579092,0.446551022676516,0.891987787139624,1,42,0.0054385
Proposed IT2-W-FBRI,Proposed,alpha,0.6,5,56,0.718335133728465,0.719717585522406,4.32569668377033e-05,1,42,0.0075429
Proposed IT2-W-FBRI,Proposed,alpha,0.6,10,56,0.754858369591271,0.502970123002048,4.03915445955427e-05,1,43,0.0068524
Proposed IT2-W-FBRI,Proposed,alpha,0.6,15,56,0.784050631522458,0.767238814389294,5.61226887999916e-05,1,42,0.0067898
Proposed IT2-W-FBRI,Proposed,alpha,0.6,20,56,0.788058250156871,0.802145395715186,2.71139313371166e-05,1,44,0.0068987
Proposed IT2-W-FBRI,Proposed,alpha,0.6,40,56,0.788305957144238,0.802406374822059,2.66659138886224e-05,1,44,0.0072047
Proposed IT2-W-FBRI,Proposed,alpha,0.7,0,56,0.855188527437975,0.421469607537803,0.943559731652047,1,42,0.0054912
Proposed IT2-W-FBRI,Proposed,alpha,0.7,5,56,0.758544401452322,0.513609655117296,0.00132275651426778,1,42,0.0068592
Proposed IT2-W-FBRI,Proposed,alpha,0.7,10,56,0.780901889853464,0.737037726657748,5.76653657629387e-05,1,42,0.0081778
Proposed IT2-W-FBRI,Proposed,alpha,0.7,15,56,0.787752485067691,0.800593505696578,3.11274266559582e-05,1,43,0.0084985
Proposed IT2-W-FBRI,Proposed,alpha,0.7,20,56,0.788254819684926,0.802366179478079,3.04027539847452e-05,1,44,0.0069522
Proposed IT2-W-FBRI,Proposed,alpha,0.7,40,56,0.788306801724879,0.802407176950206,3.00008976830575e-05,1,44,0.0076233
Proposed IT2-W-FBRI,Proposed,alpha,0.8,0,56,0.856637686783601,0.406615293268542,0.973683090392011,1,43,0.0093447
Proposed IT2-W-FBRI,Proposed,alpha,0.8,5,56,0.8161210808718,0.683602249133583,0.334583758087249,1,42,0.0068776
Proposed IT2-W-FBRI,Proposed,alpha,0.8,10,56,0.789970941123235,0.801662373914413,0.022069874564068,1,42,0.0102581
Proposed IT2-W-FBRI,Proposed,alpha,0.8,15,56,0.788390186361258,0.802530089685869,0.00149244413811528,1,43,0.0070973
Proposed IT2-W-FBRI,Proposed,alpha,0.8,20,56,0.788319591123763,0.802426762117927,0.000272730751983721,1,43,0.0102197
Proposed IT2-W-FBRI,Proposed,alpha,0.8,40,56,0.788309141169114,0.802409811256829,5.00199330591651e-05,1,43,0.0069206
Proposed IT2-W-FBRI,Proposed,alpha,0.85,0,56,0.857057395543942,0.402198837638463,0.98258253362728,1,43,0.0056785
Proposed IT2-W-FBRI,Proposed,alpha,0.85,5,56,0.835905190053392,0.579022150343812,0.604053136689081,1,42,0.0069956
Proposed IT2-W-FBRI,Proposed,alpha,0.85,10,56,0.807719100766604,0.729874932389714,0.221140616845381,1,42,0.0070518
Proposed IT2-W-FBRI,Proposed,alpha,0.85,15,56,0.793926393214309,0.78863107264977,0.0613635849128774,1,42,0.0070583
Proposed IT2-W-FBRI,Proposed,alpha,0.85,20,56,0.790099518668829,0.802949973484313,0.0193908044314331,1,42,0.007096
Proposed IT2-W-FBRI,Proposed,alpha,0.85,40,56,0.788570243927795,0.802724998152292,0.00284578672770383,1,43,0.0070562
Proposed IT2-W-FBRI,Proposed,alpha,0.9,0,56,0.857340255638256,0.399192829760429,0.988625360288185,1,43,0.0057024
Proposed IT2-W-FBRI,Proposed,alpha,0.9,5,56,0.849763044114658,0.47260507141341,0.837588494631692,1,42,0.0069609
Proposed IT2-W-FBRI,Proposed,alpha,0.9,10,56,0.836267795034694,0.57702229920467,0.608811487866532,1,42,0.0070231
Proposed IT2-W-FBRI,Proposed,alpha,0.9,15,56,0.824840102405811,0.639622328055507,0.441426922190927,1,42,0.0067251
Proposed IT2-W-FBRI,Proposed,alpha,0.9,20,56,0.816939425298159,0.684035409799137,0.335716956707744,1,42,0.0082128
Proposed IT2-W-FBRI,Proposed,alpha,0.9,40,56,0.805569502173095,0.740208774053056,0.194693404094478,1,42,0.0066261
Proposed IT2-W-FBRI,Proposed,alpha,1,0,56,0.857648166927011,0.395893787961857,0.995244075947317,1,43,0.0060178
Proposed IT2-W-FBRI,Proposed,alpha,1,5,56,0.857648166927011,0.395893787961857,0.995244075947317,1,43,0.0098124
Proposed IT2-W-FBRI,Proposed,alpha,1,10,56,0.857648166927011,0.395893787961857,0.995244075947317,1,43,0.0120708
Proposed IT2-W-FBRI,Proposed,alpha,1,15,56,0.857648166927011,0.395893787961857,0.995244075947317,1,43,0.0087517
Proposed IT2-W-FBRI,Proposed,alpha,1,20,56,0.857648166927011,0.395893787961857,0.995244075947317,1,43,0.0085592
Proposed IT2-W-FBRI,Proposed,alpha,1,40,56,0.857648166927011,0.395893787961857,0.995244075947317,1,43,0.0114398
Isobe-APP,Convergence SOTA,none,NaN,NaN,56,0.85787357525704,0.393554954414459,0.999952707283144,1,42,0.0038445
RQE,Robust SOTA,rqe_tau,0.5,NaN,56,0.786012805392834,0.627367701734118,0.387079009704162,1,23,0.2276078
RQE,Robust SOTA,rqe_tau,1,NaN,56,0.786048655850623,0.627296163965472,0.387301729845702,1,23,0.2371959
RQE,Robust SOTA,rqe_tau,2,NaN,56,0.786120997710236,0.62715149926602,0.387751753161038,1,23,0.2121215
RQE,Robust SOTA,rqe_tau,5,NaN,56,0.786342631229348,0.626705698959975,0.389135510165119,1,23,0.22278
RQE,Robust SOTA,rqe_tau,10,NaN,56,0.786723401784082,0.62593054190266,0.39153077557716,1,23,0.2349356
RQE,Robust SOTA,rqe_tau,20,NaN,56,0.78749417664763,0.624326460033864,0.396447004690457,1,24,0.2476254
RQE,Robust SOTA,rqe_tau,50,NaN,56,0.789240391452925,0.620453156908821,0.408046575209918,1,24,0.2492521
MF-RQE,Robust SOTA,mfrqe_tau,0.5,NaN,56,0.77079981975677,0.651018467795075,0.305679700496965,1,22,0.2614022
MF-RQE,Robust SOTA,mfrqe_tau,1,NaN,56,0.769836746320944,0.651251609155762,0.30159767495099,1,22,0.222548
MF-RQE,Robust SOTA,mfrqe_tau,2,NaN,56,0.767947582782641,0.651830082269258,0.293680068763852,1,22,0.2466924
MF-RQE,Robust SOTA,mfrqe_tau,5,NaN,56,0.763048155046665,0.650323946316,0.273686363205582,1,21,0.1923372
MF-RQE,Robust SOTA,mfrqe_tau,10,NaN,56,0.758338278664706,0.648572647165832,0.255170663561366,1,20,0.1874643
MF-RQE,Robust SOTA,mfrqe_tau,20,NaN,56,0.755807480619192,0.647963569912962,0.245498098235752,1,19,0.2038325
MF-RQE,Robust SOTA,mfrqe_tau,50,NaN,56,0.755381488717228,0.647849747997639,0.243887842033785,1,19,0.1789306
CVaR-game,Robust SOTA,cvar_alpha,0.05,NaN,56,0.7148667224246,0.726549691756389,1.14996634136185e-05,1,28,0.094307
CVaR-game,Robust SOTA,cvar_alpha,0.1,NaN,56,0.7148667224246,0.726549691756389,1.14996634136185e-05,1,28,0.0927766
CVaR-game,Robust SOTA,cvar_alpha,0.2,NaN,56,0.7148667224246,0.726549691756389,1.14996634136185e-05,1,28,0.0894926
CVaR-game,Robust SOTA,cvar_alpha,0.3,NaN,56,0.7148667224246,0.726549691756389,1.14996634136185e-05,1,28,0.0901997
CVaR-game,Robust SOTA,cvar_alpha,0.5,NaN,56,0.857871810070752,0.393544758636026,0.999965501009759,1,28,0.0895872
CVaR-game,Robust SOTA,cvar_alpha,0.7,NaN,56,0.857871810070752,0.393544758636026,0.999965501009759,1,28,0.0886779
CVaR-game,Robust SOTA,cvar_alpha,0.9,NaN,56,0.857871810070752,0.393544758636026,0.999965501009759,1,28,0.1082568
DRNE-VI,Robust SOTA,drne_alpha,0.1,NaN,56,0.837306508478461,0.538551066691569,0.68314808412777,0,300,0.0061577
DRNE-VI,Robust SOTA,drne_alpha,0.3,NaN,56,0.831780699728776,0.567255309315054,0.614740028810854,0,300,0.0061853
DRNE-VI,Robust SOTA,drne_alpha,0.5,NaN,56,0.822615552000318,0.600172626919098,0.527848662315903,0,300,0.0061235
DRNE-VI,Robust SOTA,drne_alpha,0.7,NaN,56,0.79945220378536,0.649434248019731,0.372300867869437,0,300,0.007959
DRNE-VI,Robust SOTA,drne_alpha,0.9,NaN,56,0.774477543454623,0.639206610987866,0.218513674676503,0,300,0.0060714
DRNE-VI,Robust SOTA,drne_alpha,0.95,NaN,56,0.773349180420261,0.638484618358494,0.211739533641091,0,300,0.0035024
Proposed IT2-W-FBRI,Proposed,alpha,0,0,57,0.725506604900058,0.728986828419916,8.94771097693654e-05,1,41,0.0055305
Proposed IT2-W-FBRI,Proposed,alpha,0,5,57,0.725320262715291,0.72868182009628,1.67056748579388e-05,1,46,0.0077065
Proposed IT2-W-FBRI,Proposed,alpha,0,10,57,0.725320615113431,0.728682819245832,1.39726172467911e-05,1,46,0.0076625
Proposed IT2-W-FBRI,Proposed,alpha,0,15,57,0.726504497500047,0.7279032331972,2.66573098353324e-05,1,44,0.0084203
Proposed IT2-W-FBRI,Proposed,alpha,0,20,57,0.752158204896663,0.493357850294319,2.57580752547668e-05,1,44,0.0073928
Proposed IT2-W-FBRI,Proposed,alpha,0,40,57,0.771376696322067,0.232074061094919,1.21092537387899e-05,1,46,0.0078428
Proposed IT2-W-FBRI,Proposed,alpha,0.1,0,57,0.726664263944687,0.728790582215494,0.0015174096924549,1,41,0.0059585
Proposed IT2-W-FBRI,Proposed,alpha,0.1,5,57,0.725320883924998,0.728682000655993,1.86251067158599e-05,1,46,0.0073784
Proposed IT2-W-FBRI,Proposed,alpha,0.1,10,57,0.725321310273224,0.728683329566031,1.58602858131116e-05,1,46,0.0073445
Proposed IT2-W-FBRI,Proposed,alpha,0.1,15,57,0.729451669678383,0.705504627882984,3.04376599337226e-05,1,44,0.0072962
Proposed IT2-W-FBRI,Proposed,alpha,0.1,20,57,0.757022664838165,0.435964797266515,2.94989343753477e-05,1,44,0.010909
Proposed IT2-W-FBRI,Proposed,alpha,0.1,40,57,0.771377928063542,0.232059223406606,1.39203773118041e-05,1,46,0.0095891
Proposed IT2-W-FBRI,Proposed,alpha,0.2,0,57,0.742495221328272,0.686080290184542,0.0601391397951882,1,52,0.009152
Proposed IT2-W-FBRI,Proposed,alpha,0.2,5,57,0.72532144867312,0.728682118342558,2.06917536557542e-05,1,45,0.0085166
Proposed IT2-W-FBRI,Proposed,alpha,0.2,10,57,0.72532606102901,0.728690939291121,1.79468999253387e-05,1,45,0.0074311
Proposed IT2-W-FBRI,Proposed,alpha,0.2,15,57,0.735398800134524,0.655271008952083,3.46500249061247e-05,1,44,0.0077319
Proposed IT2-W-FBRI,Proposed,alpha,0.2,20,57,0.76176028898282,0.374856481928433,3.36881023822749e-05,1,44,0.0084944
Proposed IT2-W-FBRI,Proposed,alpha,0.2,40,57,0.771378973187758,0.232048190826312,1.59602657022771e-05,1,46,0.0075237
Proposed IT2-W-FBRI,Proposed,alpha,0.3,0,57,0.82295470941602,0.58204306783451,0.576249883594147,1,48,0.0061495
Proposed IT2-W-FBRI,Proposed,alpha,0.3,5,57,0.725322019848084,0.728682235973352,2.28978978541249e-05,1,44,0.0075111
Proposed IT2-W-FBRI,Proposed,alpha,0.3,10,57,0.725393224085826,0.728808814648753,2.02286583658341e-05,1,45,0.0075143
Proposed IT2-W-FBRI,Proposed,alpha,0.3,15,57,0.743739873098562,0.57750440777211,3.93219396851851e-05,1,43,0.0072505
Proposed IT2-W-FBRI,Proposed,alpha,0.3,20,57,0.766010238666668,0.316667768016186,3.83583267456533e-05,1,43,0.0074039
Proposed IT2-W-FBRI,Proposed,alpha,0.3,40,57,0.771379885902366,0.232040110703339,1.82442705673792e-05,1,46,0.0074467
Proposed IT2-W-FBRI,Proposed,alpha,0.4,0,57,0.836093913709148,0.523840251983841,0.719867341141074,1,42,0.0053069
Proposed IT2-W-FBRI,Proposed,alpha,0.4,5,57,0.725323548231262,0.728684017401718,2.52324528871123e-05,1,44,0.0069486
Proposed IT2-W-FBRI,Proposed,alpha,0.4,10,57,0.72634327503578,0.729174088885662,3.24459421392492e-05,1,44,0.0070985
Proposed IT2-W-FBRI,Proposed,alpha,0.4,15,57,0.753229140391905,0.481546139533538,4.44511334686152e-05,1,43,0.0070819
Proposed IT2-W-FBRI,Proposed,alpha,0.4,20,57,0.769165136230068,0.268129532001448,4.3512489966726e-05,1,43,0.0071613
Proposed IT2-W-FBRI,Proposed,alpha,0.4,40,57,0.771380708094966,0.232034331784293,2.07876943455288e-05,1,45,0.0071016
Proposed IT2-W-FBRI,Proposed,alpha,0.5,0,57,0.84311221513577,0.479678940786051,0.817368393190107,1,42,0.005639
Proposed IT2-W-FBRI,Proposed,alpha,0.5,5,57,0.725373043393955,0.728770556617606,2.76950297546885e-05,1,43,0.0093348
Proposed IT2-W-FBRI,Proposed,alpha,0.5,10,57,0.733709339677715,0.670107366083158,5.18329041055314e-05,1,42,0.0067366
Proposed IT2-W-FBRI,Proposed,alpha,0.5,15,57,0.762394505379342,0.36657826109217,5.00575595006859e-05,1,42,0.0069522
Proposed IT2-W-FBRI,Proposed,alpha,0.5,20,57,0.770749135558085,0.242455005869169,3.44188354450361e-05,1,44,0.0074795
Proposed IT2-W-FBRI,Proposed,alpha,0.5,40,57,0.771381470924203,0.2320303474699,2.35920237096958e-05,1,45,0.0103969
Proposed IT2-W-FBRI,Proposed,alpha,0.6,0,57,0.847919023049462,0.444068757862015,0.891987787218771,1,42,0.006553
Proposed IT2-W-FBRI,Proposed,alpha,0.6,5,57,0.727608051361862,0.719987203736987,4.32568105329782e-05,1,42,0.00957
Proposed IT2-W-FBRI,Proposed,alpha,0.6,10,57,0.751128559250704,0.500808483637562,4.03914352802503e-05,1,43,0.0080942
Proposed IT2-W-FBRI,Proposed,alpha,0.6,15,57,0.768903092712213,0.272400797292931,5.61225326584544e-05,1,42,0.0072281
Proposed IT2-W-FBRI,Proposed,alpha,0.6,20,57,0.771238832430781,0.234405039877729,2.71138547217184e-05,1,44,0.010359
Proposed IT2-W-FBRI,Proposed,alpha,0.6,40,57,0.771382198531955,0.232027776246519,2.66658370146561e-05,1,44,0.0103054
Proposed IT2-W-FBRI,Proposed,alpha,0.7,0,57,0.851034216185212,0.418770021794307,0.943559731710202,1,42,0.0092771
Proposed IT2-W-FBRI,Proposed,alpha,0.7,5,57,0.753497657825331,0.480984186614917,0.00132275633401613,1,42,0.0137784
Proposed IT2-W-FBRI,Proposed,alpha,0.7,10,57,0.767047555694123,0.301500563923072,5.76652147065844e-05,1,42,0.0083336
Proposed IT2-W-FBRI,Proposed,alpha,0.7,15,57,0.771061938968897,0.237337393601242,3.11273208620535e-05,1,43,0.0072614
Proposed IT2-W-FBRI,Proposed,alpha,0.7,20,57,0.771352840819381,0.232526051557076,3.04026799524986e-05,1,44,0.0097675
Proposed IT2-W-FBRI,Proposed,alpha,0.7,40,57,0.771382908143558,0.232026314803747,3.00008233906609e-05,1,44,0.0073656
Proposed IT2-W-FBRI,Proposed,alpha,0.8,0,57,0.852783848480272,0.403580354054515,0.973683090391791,1,43,0.0090177
Proposed IT2-W-FBRI,Proposed,alpha,0.8,5,57,0.804759446536967,0.493472779644364,0.334583758086728,1,42,0.0068374
Proposed IT2-W-FBRI,Proposed,alpha,0.8,10,57,0.7735804797386,0.254017370687101,0.0220698745082176,1,42,0.0068978
Proposed IT2-W-FBRI,Proposed,alpha,0.8,15,57,0.771513609590383,0.233761378087313,0.0014924440422178,1,43,0.0074743
Proposed IT2-W-FBRI,Proposed,alpha,0.8,20,57,0.771404022962678,0.232325199027848,0.000272730650849895,1,43,0.0071496
Proposed IT2-W-FBRI,Proposed,alpha,0.8,40,57,0.771385425882154,0.232039494544112,5.00198307269104e-05,1,43,0.0071628
Proposed IT2-W-FBRI,Proposed,alpha,0.85,0,57,0.853291233333569,0.399065312939775,0.982582533603865,1,43,0.0057817
Proposed IT2-W-FBRI,Proposed,alpha,0.85,5,57,0.827928976039655,0.576574402299323,0.604053136761038,1,42,0.0068361
Proposed IT2-W-FBRI,Proposed,alpha,0.85,10,57,0.794400650294139,0.405310449194835,0.221140616910102,1,42,0.0105778
Proposed IT2-W-FBRI,Proposed,alpha,0.85,15,57,0.778040151928274,0.282707544620218,0.0613635849517743,1,42,0.008744
Proposed IT2-W-FBRI,Proposed,alpha,0.85,20,57,0.773506377806221,0.248223241331984,0.0193908043842747,1,42,0.0070213
Proposed IT2-W-FBRI,Proposed,alpha,0.85,40,57,0.771694071704777,0.234377960851128,0.00284578663978462,1,43,0.0087164
Proposed IT2-W-FBRI,Proposed,alpha,0.9,0,57,0.853633324525875,0.395992499634218,0.988625360244707,1,43,0.0062483
Proposed IT2-W-FBRI,Proposed,alpha,0.9,5,57,0.844498446801155,0.470236621094294,0.837588494715817,1,42,0.0069728
Proposed IT2-W-FBRI,Proposed,alpha,0.9,10,57,0.828331054463628,0.574566070105898,0.608811487947037,1,42,0.0073006
Proposed IT2-W-FBRI,Proposed,alpha,0.9,15,57,0.814706145760658,0.561036215941747,0.44142692227073,1,42,0.0112577
Proposed IT2-W-FBRI,Proposed,alpha,0.9,20,57,0.805311664734775,0.488165753913952,0.33571695678819,1,42,0.0072444
Proposed IT2-W-FBRI,Proposed,alpha,0.9,40,57,0.791819841091687,0.385288285348211,0.194693404179229,1,42,0.0071757
Proposed IT2-W-FBRI,Proposed,alpha,1,0,57,0.854005815515619,0.392620416277876,0.995244075877457,1,43,0.0057902
Proposed IT2-W-FBRI,Proposed,alpha,1,5,57,0.854005815515619,0.392620416277876,0.995244075877457,1,43,0.0074272
Proposed IT2-W-FBRI,Proposed,alpha,1,10,57,0.854005815515619,0.392620416277876,0.995244075877457,1,43,0.0074292
Proposed IT2-W-FBRI,Proposed,alpha,1,15,57,0.854005815515619,0.392620416277876,0.995244075877457,1,43,0.0069583
Proposed IT2-W-FBRI,Proposed,alpha,1,20,57,0.854005815515619,0.392620416277876,0.995244075877457,1,43,0.0067946
Proposed IT2-W-FBRI,Proposed,alpha,1,40,57,0.854005815515619,0.392620416277876,0.995244075877457,1,43,0.006957
Isobe-APP,Convergence SOTA,none,NaN,NaN,57,0.854275273403109,0.390230178867177,0.999952521636595,1,42,0.0034334
RQE,Robust SOTA,rqe_tau,0.5,NaN,57,0.783616757121148,0.625725194236771,0.387079009704162,1,23,0.2309367
RQE,Robust SOTA,rqe_tau,1,NaN,57,0.78365134657464,0.625653382566107,0.387301729845702,1,23,0.2393966
RQE,Robust SOTA,rqe_tau,2,NaN,57,0.78372116107946,0.625508160546527,0.387751753161038,1,23,0.2156805
RQE,Robust SOTA,rqe_tau,5,NaN,57,0.783935194432035,0.625060614174016,0.389135510165119,1,23,0.2335638
RQE,Robust SOTA,rqe_tau,10,NaN,57,0.784303414379156,0.624282319378947,0.39153077557716,1,23,0.2202766
RQE,Robust SOTA,rqe_tau,20,NaN,57,0.785050692660578,0.622671380105692,0.396447004690457,1,24,0.2635906
RQE,Robust SOTA,rqe_tau,50,NaN,57,0.786756698443021,0.618778977541517,0.408046575209918,1,24,0.2664677
MF-RQE,Robust SOTA,mfrqe_tau,0.5,NaN,57,0.769362286697233,0.64932277129384,0.305679700496965,1,22,0.2212427
MF-RQE,Robust SOTA,mfrqe_tau,1,NaN,57,0.768484674667172,0.64992802031497,0.30159767495099,1,22,0.244226
MF-RQE,Robust SOTA,mfrqe_tau,2,NaN,57,0.766764454745015,0.650575240448151,0.293680068763852,1,22,0.2975175
MF-RQE,Robust SOTA,mfrqe_tau,5,NaN,57,0.762310882445294,0.649622258003427,0.273686363205582,1,21,0.2086969
MF-RQE,Robust SOTA,mfrqe_tau,10,NaN,57,0.758039468950986,0.648110905912862,0.255170663561366,1,20,0.2038835
MF-RQE,Robust SOTA,mfrqe_tau,20,NaN,57,0.755748013045653,0.647438298290102,0.245498098235752,1,19,0.1915467
MF-RQE,Robust SOTA,mfrqe_tau,50,NaN,57,0.755362558664052,0.64733425323637,0.243887842033785,1,19,0.1990623
CVaR-game,Robust SOTA,cvar_alpha,0.05,NaN,57,0.72532088812297,0.72868173673392,1.14996634136185e-05,1,28,0.0828871
CVaR-game,Robust SOTA,cvar_alpha,0.1,NaN,57,0.72532088812297,0.72868173673392,1.14996634136185e-05,1,28,0.085212
CVaR-game,Robust SOTA,cvar_alpha,0.2,NaN,57,0.72532088812297,0.72868173673392,1.14996634136185e-05,1,28,0.0826058
CVaR-game,Robust SOTA,cvar_alpha,0.3,NaN,57,0.72532088812297,0.72868173673392,1.14996634136185e-05,1,28,0.0946844
CVaR-game,Robust SOTA,cvar_alpha,0.5,NaN,57,0.854274145418303,0.390219641312156,0.999965501009759,1,28,0.0936423
CVaR-game,Robust SOTA,cvar_alpha,0.7,NaN,57,0.854274145418303,0.390219641312156,0.999965501009759,1,28,0.0867082
CVaR-game,Robust SOTA,cvar_alpha,0.9,NaN,57,0.854274145418303,0.390219641312156,0.999965501009759,1,28,0.1083214
DRNE-VI,Robust SOTA,drne_alpha,0.1,NaN,57,0.831352564951257,0.535976979415337,0.68314808412777,0,300,0.0064365
DRNE-VI,Robust SOTA,drne_alpha,0.3,NaN,57,0.825426583051937,0.564634169971603,0.614740028810854,0,300,0.0062728
DRNE-VI,Robust SOTA,drne_alpha,0.5,NaN,57,0.816376103946592,0.598224407438182,0.527848662315903,0,300,0.0062534
DRNE-VI,Robust SOTA,drne_alpha,0.7,NaN,57,0.795501173059581,0.649103599678033,0.372300867869437,0,300,0.0106535
DRNE-VI,Robust SOTA,drne_alpha,0.9,NaN,57,0.773125863216567,0.637318010625975,0.218513674676503,0,300,0.0095567
DRNE-VI,Robust SOTA,drne_alpha,0.95,NaN,57,0.772113913316569,0.636576238882647,0.211739533641091,0,300,0.0069892
Proposed IT2-W-FBRI,Proposed,alpha,0,0,58,0.719283732158933,0.728305605679364,8.94771728260426e-05,1,41,0.0059379
Proposed IT2-W-FBRI,Proposed,alpha,0,5,58,0.719058224162954,0.72840770575552,1.67056841913848e-05,1,46,0.0126296
Proposed IT2-W-FBRI,Proposed,alpha,0,10,58,0.719058559421314,0.728409509294484,1.39726276873758e-05,1,46,0.0079089
Proposed IT2-W-FBRI,Proposed,alpha,0,15,58,0.720509640765524,0.726866299386924,2.66573319204867e-05,1,44,0.0138591
Proposed IT2-W-FBRI,Proposed,alpha,0,20,58,0.752246242920741,0.496093732978233,2.57580977319316e-05,1,44,0.0078943
Proposed IT2-W-FBRI,Proposed,alpha,0,40,58,0.776627744672617,0.2357000038376,1.21092650926194e-05,1,46,0.0077978
Proposed IT2-W-FBRI,Proposed,alpha,0.1,0,58,0.720653568356165,0.727389687865744,0.00151740973212885,1,41,0.0103177
Proposed IT2-W-FBRI,Proposed,alpha,0.1,5,58,0.719058813963014,0.728409201488495,1.86251160060877e-05,1,46,0.0079242
Proposed IT2-W-FBRI,Proposed,alpha,0.1,10,58,0.719059309759946,0.72841076455801,1.58602960987496e-05,1,46,0.0081116
Proposed IT2-W-FBRI,Proposed,alpha,0.1,15,58,0.724124534058717,0.705239508447499,3.04376816881835e-05,1,44,0.0078108
Proposed IT2-W-FBRI,Proposed,alpha,0.1,20,58,0.758351172988887,0.43969431515744,2.94989565401886e-05,1,44,0.009126
Proposed IT2-W-FBRI,Proposed,alpha,0.1,40,58,0.776629237256044,0.235685200388559,1.39203885458132e-05,1,46,0.0106847
Proposed IT2-W-FBRI,Proposed,alpha,0.2,0,58,0.738100746309705,0.686217351727609,0.0601391392681019,1,52,0.0068657
Proposed IT2-W-FBRI,Proposed,alpha,0.2,5,58,0.719059360693897,0.728410424143918,2.06917673036393e-05,1,45,0.0078968
Proposed IT2-W-FBRI,Proposed,alpha,0.2,10,58,0.719065018366828,0.728418945067902,1.79469147280319e-05,1,45,0.0079633
Proposed IT2-W-FBRI,Proposed,alpha,0.2,15,58,0.731440546893948,0.655912667047097,3.46500464253659e-05,1,44,0.0101983
Proposed IT2-W-FBRI,Proposed,alpha,0.2,20,58,0.764334508921327,0.379369183922876,3.36881243216683e-05,1,44,0.0070847
Proposed IT2-W-FBRI,Proposed,alpha,0.2,40,58,0.776630476602389,0.235674178066626,1.59602768519706e-05,1,46,0.0075017
Proposed IT2-W-FBRI,Proposed,alpha,0.3,0,58,0.82076892711419,0.580197169913282,0.576249883388279,1,48,0.0079287
Proposed IT2-W-FBRI,Proposed,alpha,0.3,5,58,0.71905992305439,0.728411581231062,2.28979180337545e-05,1,44,0.0070995
Proposed IT2-W-FBRI,Proposed,alpha,0.3,10,58,0.719147153127184,0.728533782336729,2.02286731318989e-05,1,45,0.0074843
Proposed IT2-W-FBRI,Proposed,alpha,0.3,15,58,0.74175616259261,0.578582196216133,3.9321970743354e-05,1,43,0.0073798
Proposed IT2-W-FBRI,Proposed,alpha,0.3,20,58,0.769739572892579,0.319626505413016,3.83583583804025e-05,1,43,0.0077632
Proposed IT2-W-FBRI,Proposed,alpha,0.3,40,58,0.776631531880047,0.235666088122665,1.8244281678828e-05,1,46,0.0113137
Proposed IT2-W-FBRI,Proposed,alpha,0.4,0,58,0.832725400012709,0.520158792588736,0.719867341043375,1,42,0.0054231
Proposed IT2-W-FBRI,Proposed,alpha,0.4,5,58,0.719061658325274,0.728414338173876,2.52324734464145e-05,1,44,0.006928
Proposed IT2-W-FBRI,Proposed,alpha,0.4,10,58,0.720311020929698,0.727263139113148,3.24459633453616e-05,1,44,0.0080643
Proposed IT2-W-FBRI,Proposed,alpha,0.4,15,58,0.7535863937816,0.484037126995386,4.44511645938629e-05,1,43,0.0070701
Proposed IT2-W-FBRI,Proposed,alpha,0.4,20,58,0.773779308735965,0.271274250177505,4.35125216487148e-05,1,43,0.0073223
Proposed IT2-W-FBRI,Proposed,alpha,0.4,40,58,0.776632456427442,0.235660282164083,2.07877104457158e-05,1,45,0.007613
Proposed IT2-W-FBRI,Proposed,alpha,0.5,0,58,0.838595327942103,0.47401095076485,0.817368393137501,1,42,0.0060185
Proposed IT2-W-FBRI,Proposed,alpha,0.5,5,58,0.71912213424433,0.728499046221092,2.76950604810462e-05,1,43,0.0074809
Proposed IT2-W-FBRI,Proposed,alpha,0.5,10,58,0.729358362975177,0.670342416907936,5.18329487057708e-05,1,42,0.0072332
Proposed IT2-W-FBRI,Proposed,alpha,0.5,15,58,0.765137895603179,0.370858601059888,5.00576050742854e-05,1,42,0.0068258
Proposed IT2-W-FBRI,Proposed,alpha,0.5,20,58,0.775817472570866,0.246028897982543,3.44188578153609e-05,1,44,0.0090579
Proposed IT2-W-FBRI,Proposed,alpha,0.5,40,58,0.776633290240381,0.235656256164638,2.35920399227897e-05,1,45,0.0074749
Proposed IT2-W-FBRI,Proposed,alpha,0.6,0,58,0.842455615589116,0.437076128805929,0.891987787180323,1,42,0.0054013
Proposed IT2-W-FBRI,Proposed,alpha,0.6,5,58,0.721860999452241,0.719467450047303,4.32568558142762e-05,1,42,0.0067526
Proposed IT2-W-FBRI,Proposed,alpha,0.6,10,58,0.75095691852556,0.501249784085701,4.0391467185269e-05,1,43,0.0090609
Proposed IT2-W-FBRI,Proposed,alpha,0.6,15,58,0.773442100113769,0.275394242342741,5.61225790362651e-05,1,42,0.0070306
Proposed IT2-W-FBRI,Proposed,alpha,0.6,20,58,0.776448972778565,0.238019072347555,2.71138777531321e-05,1,44,0.0102884
Proposed IT2-W-FBRI,Proposed,alpha,0.6,40,58,0.776634064209135,0.235653630222651,2.66658607368427e-05,1,44,0.0077459
Proposed IT2-W-FBRI,Proposed,alpha,0.7,0,58,0.844902029909445,0.411164858794449,0.943559731690825,1,42,0.0093448
Proposed IT2-W-FBRI,Proposed,alpha,0.7,5,58,0.753873060799496,0.483504033001057,0.00132275637765173,1,42,0.0081217
Proposed IT2-W-FBRI,Proposed,alpha,0.7,10,58,0.771063386105861,0.304185257341414,5.7665262231057e-05,1,42,0.007649
Proposed IT2-W-FBRI,Proposed,alpha,0.7,15,58,0.776220481162353,0.24093684986938,3.11273545558345e-05,1,43,0.007633
Proposed IT2-W-FBRI,Proposed,alpha,0.7,20,58,0.776595973940869,0.236149334815938,3.04027035181336e-05,1,44,0.0070744
Proposed IT2-W-FBRI,Proposed,alpha,0.7,40,58,0.776634800809693,0.235652102834608,3.00008475380351e-05,1,44,0.0072432
Proposed IT2-W-FBRI,Proposed,alpha,0.8,0,58,0.846257476878292,0.396099321729033,0.973683090397774,1,43,0.0079213
Proposed IT2-W-FBRI,Proposed,alpha,0.8,5,58,0.8060754292179,0.495815342046443,0.334583758002178,1,42,0.007175
Proposed IT2-W-FBRI,Proposed,alpha,0.8,10,58,0.778524716675903,0.256910381759125,0.0220698744812,1,42,0.0072815
Proposed IT2-W-FBRI,Proposed,alpha,0.8,15,58,0.776740396883671,0.237336123668004,0.00149244407174877,1,43,0.0116021
Proposed IT2-W-FBRI,Proposed,alpha,0.8,20,58,0.776651551880288,0.235942464839039,0.000272730685012845,1,43,0.0075148
Proposed IT2-W-FBRI,Proposed,alpha,0.8,40,58,0.776637148979821,0.235664660375079,5.00198662715664e-05,1,43,0.009117
Proposed IT2-W-FBRI,Proposed,alpha,0.85,0,58,0.84664798450314,0.391634416030687,0.982582533619117,1,43,0.0059634
Proposed IT2-W-FBRI,Proposed,alpha,0.85,5,58,0.826103508228659,0.573858692799869,0.604053136702187,1,42,0.0100301
Proposed IT2-W-FBRI,Proposed,alpha,0.85,10,58,0.79714919163058,0.407910627457387,0.221140616834589,1,42,0.0101235
Proposed IT2-W-FBRI,Proposed,alpha,0.85,15,58,0.782608568583577,0.284567505593469,0.0613635848864333,1,42,0.0108667
Proposed IT2-W-FBRI,Proposed,alpha,0.85,20,58,0.778543494011379,0.251216159858683,0.0193908043741669,1,42,0.0096186
Proposed IT2-W-FBRI,Proposed,alpha,0.85,40,58,0.776914962352087,0.237910442923024,0.00284578666902014,1,43,0.0119559
Proposed IT2-W-FBRI,Proposed,alpha,0.9,0,58,0.846910612426088,0.388596369800608,0.988625360267426,1,43,0.0060851
Proposed IT2-W-FBRI,Proposed,alpha,0.9,5,58,0.83973903060781,0.464173790053007,0.837588494676199,1,42,0.0096235
Proposed IT2-W-FBRI,Proposed,alpha,0.9,10,58,0.826455698289159,0.571743435570201,0.608811487896922,1,42,0.006995
Proposed IT2-W-FBRI,Proposed,alpha,0.9,15,58,0.814871147555118,0.562682544802075,0.441426922217958,1,42,0.008046
Proposed IT2-W-FBRI,Proposed,alpha,0.9,20,58,0.806734082149856,0.490488096011397,0.335716956736461,1,42,0.006762
Proposed IT2-W-FBRI,Proposed,alpha,0.9,40,58,0.794881580994343,0.387592408707615,0.194693404421245,1,43,0.0084357
Proposed IT2-W-FBRI,Proposed,alpha,1,0,58,0.847195976673281,0.385263025959128,0.995244075909479,1,43,0.0060273
Proposed IT2-W-FBRI,Proposed,alpha,1,5,58,0.847195976673281,0.385263025959128,0.995244075909479,1,43,0.0080617
Proposed IT2-W-FBRI,Proposed,alpha,1,10,58,0.847195976673281,0.385263025959128,0.995244075909479,1,43,0.0086222
Proposed IT2-W-FBRI,Proposed,alpha,1,15,58,0.847195976673281,0.385263025959128,0.995244075909479,1,43,0.0067461
Proposed IT2-W-FBRI,Proposed,alpha,1,20,58,0.847195976673281,0.385263025959128,0.995244075909479,1,43,0.0068951
Proposed IT2-W-FBRI,Proposed,alpha,1,40,58,0.847195976673281,0.385263025959128,0.995244075909479,1,43,0.0071927
Isobe-APP,Convergence SOTA,none,NaN,NaN,58,0.847403791914975,0.382899100397656,0.999952639356912,1,42,0.0049164
RQE,Robust SOTA,rqe_tau,0.5,NaN,58,0.782825625034881,0.624669052296217,0.387079009704162,1,23,0.2202565
RQE,Robust SOTA,rqe_tau,1,NaN,58,0.782857920206895,0.624596737508629,0.387301729845702,1,23,0.251904
RQE,Robust SOTA,rqe_tau,2,NaN,58,0.78292309513736,0.624450498936929,0.387751753161038,1,23,0.2162828
RQE,Robust SOTA,rqe_tau,5,NaN,58,0.783122831389117,0.623999826797675,0.389135510165119,1,23,0.2378903
RQE,Robust SOTA,rqe_tau,10,NaN,58,0.78346619590383,0.623216120032843,0.39153077557716,1,23,0.2209044
RQE,Robust SOTA,rqe_tau,20,NaN,58,0.784162041825222,0.621594050987034,0.396447004690457,1,24,0.25251
RQE,Robust SOTA,rqe_tau,50,NaN,58,0.785744178924041,0.617675595317637,0.408046575209918,1,24,0.264905
MF-RQE,Robust SOTA,mfrqe_tau,0.5,NaN,58,0.769284847250655,0.648769590754797,0.305679700496965,1,22,0.2286515
MF-RQE,Robust SOTA,mfrqe_tau,1,NaN,58,0.7684424682742,0.649726404571218,0.30159767495099,1,22,0.2066672
MF-RQE,Robust SOTA,mfrqe_tau,2,NaN,58,0.766791038840295,0.650971209505995,0.293680068763852,1,22,0.2275339
MF-RQE,Robust SOTA,mfrqe_tau,5,NaN,58,0.76251422260812,0.649223950637602,0.273686363205582,1,21,0.2086037
MF-RQE,Robust SOTA,mfrqe_tau,10,NaN,58,0.758411069057576,0.647545123234708,0.255170663561366,1,20,0.2560448
MF-RQE,Robust SOTA,mfrqe_tau,20,NaN,58,0.756209641377267,0.646850566243158,0.245498098235752,1,19,0.2013443
MF-RQE,Robust SOTA,mfrqe_tau,50,NaN,58,0.755839309557577,0.646742312123835,0.243887842033785,1,19,0.1803752
CVaR-game,Robust SOTA,cvar_alpha,0.05,NaN,58,0.719058110708705,0.728414790219674,1.14996634136185e-05,1,28,0.0870624
CVaR-game,Robust SOTA,cvar_alpha,0.1,NaN,58,0.719058110708705,0.728414790219674,1.14996634136185e-05,1,28,0.0867073
CVaR-game,Robust SOTA,cvar_alpha,0.2,NaN,58,0.719058110708705,0.728414790219674,1.14996634136185e-05,1,28,0.0905499
CVaR-game,Robust SOTA,cvar_alpha,0.3,NaN,58,0.719058110708705,0.728414790219674,1.14996634136185e-05,1,28,0.0873144
CVaR-game,Robust SOTA,cvar_alpha,0.5,NaN,58,0.847402391751326,0.382889151995307,0.999965501009759,1,28,0.0937932
CVaR-game,Robust SOTA,cvar_alpha,0.7,NaN,58,0.847402391751326,0.382889151995307,0.999965501009759,1,28,0.0972857
CVaR-game,Robust SOTA,cvar_alpha,0.9,NaN,58,0.847402391751326,0.382889151995307,0.999965501009759,1,28,0.0999209
DRNE-VI,Robust SOTA,drne_alpha,0.1,NaN,58,0.82816555591834,0.53301257277659,0.68314808412777,0,300,0.0079863
DRNE-VI,Robust SOTA,drne_alpha,0.3,NaN,58,0.822916154147041,0.562433646122474,0.614740028810854,0,300,0.0063264
DRNE-VI,Robust SOTA,drne_alpha,0.5,NaN,58,0.814421606229425,0.596709416542332,0.527848662315903,0,300,0.0061328
DRNE-VI,Robust SOTA,drne_alpha,0.7,NaN,58,0.793562878810488,0.647285149175892,0.372300867869437,0,300,0.0074594
DRNE-VI,Robust SOTA,drne_alpha,0.9,NaN,58,0.770987401828019,0.638439071640408,0.218513674676503,0,300,0.006089
DRNE-VI,Robust SOTA,drne_alpha,0.95,NaN,58,0.769963643219044,0.637679774372931,0.211739533641091,0,300,0.0036244
Proposed IT2-W-FBRI,Proposed,alpha,0,0,59,0.709754429592875,0.72516245703076,8.94772030229601e-05,1,41,0.0055128
Proposed IT2-W-FBRI,Proposed,alpha,0,5,59,0.709442433484532,0.725195075604745,1.67056916696104e-05,1,46,0.0075902
Proposed IT2-W-FBRI,Proposed,alpha,0,10,59,0.709442885394095,0.725196078288906,1.39726339775196e-05,1,46,0.0073007
Proposed IT2-W-FBRI,Proposed,alpha,0,15,59,0.711479869090915,0.719050174856207,2.6657343939967e-05,1,44,0.0091038
Proposed IT2-W-FBRI,Proposed,alpha,0,20,59,0.757027797321369,0.499149470313719,2.57581093634152e-05,1,44,0.0088844
Proposed IT2-W-FBRI,Proposed,alpha,0,40,59,0.794102755172533,0.805554732042294,1.21092704649556e-05,1,46,0.0075135
Proposed IT2-W-FBRI,Proposed,alpha,0.1,0,59,0.711596901843051,0.71994856049325,0.00151740977890546,1,41,0.0068303
Proposed IT2-W-FBRI,Proposed,alpha,0.1,5,59,0.709443056963837,0.725195258802027,1.86251233635822e-05,1,46,0.0074276
Proposed IT2-W-FBRI,Proposed,alpha,0.1,10,59,0.709443798314606,0.725196600989625,1.58603024289416e-05,1,46,0.0077065
Proposed IT2-W-FBRI,Proposed,alpha,0.1,15,59,0.7165676327443,0.697072311701461,3.04376938369251e-05,1,44,0.0089604
Proposed IT2-W-FBRI,Proposed,alpha,0.1,20,59,0.766081569249357,0.576939655175044,2.94989682980361e-05,1,44,0.0084711
Proposed IT2-W-FBRI,Proposed,alpha,0.1,40,59,0.794104945878579,0.805556358100721,1.39203939553969e-05,1,46,0.0097495
Proposed IT2-W-FBRI,Proposed,alpha,0.2,0,59,0.732889403891691,0.68049034623664,0.0601391396282246,1,52,0.0080926
Proposed IT2-W-FBRI,Proposed,alpha,0.2,5,59,0.709443639981238,0.725195379804218,2.06917771594801e-05,1,45,0.0075601
Proposed IT2-W-FBRI,Proposed,alpha,0.2,10,59,0.709451652195923,0.725204360674496,1.79469234524966e-05,1,45,0.0116317
Proposed IT2-W-FBRI,Proposed,alpha,0.2,15,59,0.726932664132424,0.649230740014203,3.46500585490034e-05,1,44,0.0072043
Proposed IT2-W-FBRI,Proposed,alpha,0.2,20,59,0.775084412165233,0.653886161225198,3.36881360599541e-05,1,44,0.0102954
Proposed IT2-W-FBRI,Proposed,alpha,0.2,40,59,0.794106714458292,0.805557700869633,1.59602822341821e-05,1,46,0.0077111
Proposed IT2-W-FBRI,Proposed,alpha,0.3,0,59,0.823859086892035,0.578829634183841,0.576249883523829,1,48,0.0063208
Proposed IT2-W-FBRI,Proposed,alpha,0.3,5,59,0.709444248430942,0.725195501696379,2.28979310331933e-05,1,44,0.0082755
Proposed IT2-W-FBRI,Proposed,alpha,0.3,10,59,0.709566680938244,0.725324521842178,2.0228681658371e-05,1,45,0.0076541
Proposed IT2-W-FBRI,Proposed,alpha,0.3,15,59,0.741724701080381,0.57382447376784,3.93219873007597e-05,1,43,0.0072871
Proposed IT2-W-FBRI,Proposed,alpha,0.3,20,59,0.783348240831532,0.722667878164098,3.83583744283779e-05,1,43,0.0075874
Proposed IT2-W-FBRI,Proposed,alpha,0.3,40,59,0.794108168899449,0.805558836650382,1.82442869553809e-05,1,46,0.0110841
Proposed IT2-W-FBRI,Proposed,alpha,0.4,0,59,0.834462799547235,0.51767634637161,0.719867341151225,1,42,0.0056967
Proposed IT2-W-FBRI,Proposed,alpha,0.4,5,59,0.70944649915687,0.725197320086891,2.5232485643713e-05,1,44,0.0107569
Proposed IT2-W-FBRI,Proposed,alpha,0.4,10,59,0.711199807522596,0.720254224818136,3.24459750237155e-05,1,44,0.0074401
Proposed IT2-W-FBRI,Proposed,alpha,0.4,15,59,0.759003575804761,0.51622189714656,4.44511805591604e-05,1,43,0.0073056
Proposed IT2-W-FBRI,Proposed,alpha,0.4,20,59,0.789620818196124,0.7738890848716,4.35125371389099e-05,1,43,0.0069703
Proposed IT2-W-FBRI,Proposed,alpha,0.4,40,59,0.794109392232429,0.805559824242658,2.07877175182842e-05,1,45,0.0074885
Proposed IT2-W-FBRI,Proposed,alpha,0.5,0,59,0.838779458505663,0.470583872027479,0.817368393215323,1,42,0.0072184
Proposed IT2-W-FBRI,Proposed,alpha,0.5,5,59,0.709531126449103,0.72528553684472,2.76950759934382e-05,1,43,0.0086016
Proposed IT2-W-FBRI,Proposed,alpha,0.5,10,59,0.723971708690709,0.663461341538116,5.18329704245734e-05,1,42,0.0068229
Proposed IT2-W-FBRI,Proposed,alpha,0.5,15,59,0.776302955974816,0.66410467427145,5.00576260034022e-05,1,42,0.0069474
Proposed IT2-W-FBRI,Proposed,alpha,0.5,20,59,0.79282155139261,0.799591920232025,3.44188680451681e-05,1,44,0.0071497
Proposed IT2-W-FBRI,Proposed,alpha,0.5,40,59,0.794110447425535,0.805560707852784,2.35920465921318e-05,1,45,0.0085577
Proposed IT2-W-FBRI,Proposed,alpha,0.6,0,59,0.841384729939268,0.43413563579184,0.891987787245778,1,42,0.0054574
Proposed IT2-W-FBRI,Proposed,alpha,0.6,5,59,0.71337767910137,0.710956082490837,4.32568756826177e-05,1,42,0.0069014
Proposed IT2-W-FBRI,Proposed,alpha,0.6,10,59,0.75512880302401,0.496828737556,4.03914810445882e-05,1,43,0.0071227
Proposed IT2-W-FBRI,Proposed,alpha,0.6,15,59,0.789092544103977,0.76962547993741,5.61225982281685e-05,1,42,0.0071571
Proposed IT2-W-FBRI,Proposed,alpha,0.6,20,59,0.793818630158989,0.805120337788734,2.71138869112063e-05,1,44,0.0075639
Proposed IT2-W-FBRI,Proposed,alpha,0.6,40,59,0.794111382739119,0.805561521552739,2.66658692872665e-05,1,44,0.0087153
Proposed IT2-W-FBRI,Proposed,alpha,0.7,0,59,0.842974035973879,0.408091384944558,0.943559731741189,1,42,0.0080887
Proposed IT2-W-FBRI,Proposed,alpha,0.7,5,59,0.759339114157299,0.518427769511194,0.00132275639280357,1,42,0.0112939
Proposed IT2-W-FBRI,Proposed,alpha,0.7,10,59,0.785391618993975,0.739416725557157,5.76652792468779e-05,1,42,0.0070185
Proposed IT2-W-FBRI,Proposed,alpha,0.7,15,59,0.793457202400397,0.803665328764285,3.11273661804288e-05,1,43,0.0074116
Proposed IT2-W-FBRI,Proposed,alpha,0.7,20,59,0.794050789531516,0.805519337322357,3.04027116353154e-05,1,44,0.0074469
Proposed IT2-W-FBRI,Proposed,alpha,0.7,40,59,0.794112234283997,0.805562290297896,3.00008551478292e-05,1,44,0.0075255
Proposed IT2-W-FBRI,Proposed,alpha,0.8,0,59,0.843837001881855,0.392418034407453,0.973683089629305,1,42,0.0055828
Proposed IT2-W-FBRI,Proposed,alpha,0.8,5,59,0.815490377052481,0.685390409358608,0.334583758099858,1,42,0.0100821
Proposed IT2-W-FBRI,Proposed,alpha,0.8,10,59,0.795294439492134,0.804783551962699,0.0220698745516638,1,42,0.0074137
Proposed IT2-W-FBRI,Proposed,alpha,0.8,15,59,0.794158539472137,0.805660465097038,0.00149244408572036,1,43,0.0070544
Proposed IT2-W-FBRI,Proposed,alpha,0.8,20,59,0.794118656605237,0.80557772152157,0.000272730695329144,1,43,0.0093203
Proposed IT2-W-FBRI,Proposed,alpha,0.8,40,59,0.794114254708002,0.805564628691858,5.00198754414291e-05,1,43,0.0068104
Proposed IT2-W-FBRI,Proposed,alpha,0.85,0,59,0.844083334505589,0.387754119002402,0.982582533635837,1,43,0.0055255
Proposed IT2-W-FBRI,Proposed,alpha,0.85,5,59,0.830243836812736,0.572950967898813,0.604053136787479,1,42,0.0065889
Proposed IT2-W-FBRI,Proposed,alpha,0.85,10,59,0.809353775943013,0.732051761547634,0.221140616937316,1,42,0.007812
Proposed IT2-W-FBRI,Proposed,alpha,0.85,15,59,0.79857866325657,0.791600345044067,0.0613635849843673,1,42,0.0102888
Proposed IT2-W-FBRI,Proposed,alpha,0.85,20,59,0.795541313329289,0.80609277620732,0.0193908044314909,1,42,0.0067913
Proposed IT2-W-FBRI,Proposed,alpha,0.85,40,59,0.794323006276564,0.805836368446681,0.00284578668206538,1,43,0.0068666
Proposed IT2-W-FBRI,Proposed,alpha,0.9,0,59,0.844248425546574,0.384578637629344,0.988625360279851,1,43,0.0063818
Proposed IT2-W-FBRI,Proposed,alpha,0.9,5,59,0.839606151081222,0.460899020167244,0.837588494742429,1,42,0.0069394
Proposed IT2-W-FBRI,Proposed,alpha,0.9,10,59,0.830524156593475,0.570843608245973,0.608811487973919,1,42,0.0106605
Proposed IT2-W-FBRI,Proposed,alpha,0.9,15,59,0.822300629594129,0.64156627742372,0.441426922297717,1,42,0.0070748
Proposed IT2-W-FBRI,Proposed,alpha,0.9,20,59,0.816412377409731,0.685873648040584,0.335716956815137,1,42,0.0067342
Proposed IT2-W-FBRI,Proposed,alpha,0.9,40,59,0.807713561839047,0.742381477233853,0.19469340420581,1,42,0.0074748
Proposed IT2-W-FBRI,Proposed,alpha,1,0,59,0.84442730698629,0.381092620273989,0.995244075916757,1,43,0.0055242
Proposed IT2-W-FBRI,Proposed,alpha,1,5,59,0.84442730698629,0.381092620273989,0.995244075916757,1,43,0.0072147
Proposed IT2-W-FBRI,Proposed,alpha,1,10,59,0.84442730698629,0.381092620273989,0.995244075916757,1,43,0.0069872
Proposed IT2-W-FBRI,Proposed,alpha,1,15,59,0.84442730698629,0.381092620273989,0.995244075916757,1,43,0.0086106
Proposed IT2-W-FBRI,Proposed,alpha,1,20,59,0.84442730698629,0.381092620273989,0.995244075916757,1,43,0.0073713
Proposed IT2-W-FBRI,Proposed,alpha,1,40,59,0.84442730698629,0.381092620273989,0.995244075916757,1,43,0.0095011
Isobe-APP,Convergence SOTA,none,NaN,NaN,59,0.844561198207239,0.378619355616232,0.999952580206905,1,42,0.0039092
RQE,Robust SOTA,rqe_tau,0.5,NaN,59,0.78312634247076,0.624505411874841,0.387079009704162,1,23,0.280948
RQE,Robust SOTA,rqe_tau,1,NaN,59,0.78315820299877,0.624431108015863,0.387301729845702,1,23,0.2256463
RQE,Robust SOTA,rqe_tau,2,NaN,59,0.783222480240683,0.624280846312592,0.387751753161038,1,23,0.2158972
RQE,Robust SOTA,rqe_tau,5,NaN,59,0.783419294694109,0.623817770165469,0.389135510165119,1,23,0.2325335
RQE,Robust SOTA,rqe_tau,10,NaN,59,0.783757030397943,0.623012476054063,0.39153077557716,1,23,0.2367962
RQE,Robust SOTA,rqe_tau,20,NaN,59,0.784439186129967,0.6213456386981,0.396447004690457,1,24,0.2345976
RQE,Robust SOTA,rqe_tau,50,NaN,59,0.785974646658961,0.617319349892198,0.408046575209918,1,24,0.276566
MF-RQE,Robust SOTA,mfrqe_tau,0.5,NaN,59,0.769273459919298,0.649271557880459,0.305679700496965,1,22,0.2220233
MF-RQE,Robust SOTA,mfrqe_tau,1,NaN,59,0.768380738363907,0.650034070707492,0.30159767495099,1,22,0.2154507
MF-RQE,Robust SOTA,mfrqe_tau,2,NaN,59,0.766628826204643,0.651545986421521,0.293680068763852,1,22,0.2196141
MF-RQE,Robust SOTA,mfrqe_tau,5,NaN,59,0.762081138006918,0.648313126982592,0.273686363205582,1,21,0.2029073
MF-RQE,Robust SOTA,mfrqe_tau,10,NaN,59,0.75770441386961,0.645835943080617,0.255170663561366,1,20,0.2018192
MF-RQE,Robust SOTA,mfrqe_tau,20,NaN,59,0.755350947618884,0.645230299243506,0.245498098235752,1,19,0.1958738
MF-RQE,Robust SOTA,mfrqe_tau,50,NaN,59,0.754954690654928,0.645137212392653,0.243887842033785,1,19,0.2138547
CVaR-game,Robust SOTA,cvar_alpha,0.05,NaN,59,0.709441608120244,0.725194925805673,1.14996634136185e-05,1,28,0.1003527
CVaR-game,Robust SOTA,cvar_alpha,0.1,NaN,59,0.709441608120244,0.725194925805673,1.14996634136185e-05,1,28,0.100658
CVaR-game,Robust SOTA,cvar_alpha,0.2,NaN,59,0.709441608120244,0.725194925805673,1.14996634136185e-05,1,28,0.0933676
CVaR-game,Robust SOTA,cvar_alpha,0.3,NaN,59,0.709441608120244,0.725194925805673,1.14996634136185e-05,1,28,0.0985183
CVaR-game,Robust SOTA,cvar_alpha,0.5,NaN,59,0.844559119734719,0.378608886548342,0.999965501009759,1,28,0.0948787
CVaR-game,Robust SOTA,cvar_alpha,0.7,NaN,59,0.844559119734719,0.378608886548342,0.999965501009759,1,28,0.0977525
CVaR-game,Robust SOTA,cvar_alpha,0.9,NaN,59,0.844559119734719,0.378608886548342,0.999965501009759,1,28,0.0924183
DRNE-VI,Robust SOTA,drne_alpha,0.1,NaN,59,0.829756600671703,0.530667483342921,0.68314808412777,0,300,0.0060494
DRNE-VI,Robust SOTA,drne_alpha,0.3,NaN,59,0.82536827205796,0.560888534308782,0.614740028810854,0,300,0.0060018
DRNE-VI,Robust SOTA,drne_alpha,0.5,NaN,59,0.817351359234293,0.595326630105944,0.527848662315903,0,300,0.0060309
DRNE-VI,Robust SOTA,drne_alpha,0.7,NaN,59,0.795299086021102,0.64723838822582,0.372300867869437,0,300,0.0061263
DRNE-VI,Robust SOTA,drne_alpha,0.9,NaN,59,0.771255420135157,0.635077808789602,0.218513674676503,0,300,0.0060917
DRNE-VI,Robust SOTA,drne_alpha,0.95,NaN,59,0.77016601253295,0.634324445951564,0.211739533641091,0,300,0.0034316
Proposed IT2-W-FBRI,Proposed,alpha,0,0,60,0.710525812880974,0.726827653676762,8.94772295570961e-05,1,41,0.0059369
Proposed IT2-W-FBRI,Proposed,alpha,0,5,60,0.710242115406032,0.726496682606618,1.67057000571503e-05,1,46,0.0074698
Proposed IT2-W-FBRI,Proposed,alpha,0,10,60,0.710242515917697,0.726497009747626,1.39726404919609e-05,1,46,0.007423
Proposed IT2-W-FBRI,Proposed,alpha,0,15,60,0.712087809680499,0.72247671791583,2.66573559427558e-05,1,44,0.0074289
Proposed IT2-W-FBRI,Proposed,alpha,0,20,60,0.75327628869244,0.497336602404661,2.57581208325639e-05,1,44,0.0104768
Proposed IT2-W-FBRI,Proposed,alpha,0,40,60,0.786537957671252,0.524145083911563,1.21092757446465e-05,1,46,0.0073249
Proposed IT2-W-FBRI,Proposed,alpha,0.1,0,60,0.712214793501748,0.723375032031645,0.00151740984407549,1,41,0.0060909
Proposed IT2-W-FBRI,Proposed,alpha,0.1,5,60,0.710242723431058,0.726497299745395,1.86251314323174e-05,1,46,0.0065559
Proposed IT2-W-FBRI,Proposed,alpha,0.1,10,60,0.710243375040137,0.726497975875099,1.58603088764981e-05,1,46,0.0108148
Proposed IT2-W-FBRI,Proposed,alpha,0.1,15,60,0.716696226086547,0.69995382541057,3.04377058056436e-05,1,44,0.0071193
Proposed IT2-W-FBRI,Proposed,alpha,0.1,20,60,0.761432350993716,0.508541147899707,2.94989797603724e-05,1,44,0.0070477
Proposed IT2-W-FBRI,Proposed,alpha,0.1,40,60,0.786539939484969,0.52413898715944,1.39203992303651e-05,1,46,0.0074441
Proposed IT2-W-FBRI,Proposed,alpha,0.2,0,60,0.732294041675925,0.682363956094076,0.0601391408787608,1,52,0.0089592
Proposed IT2-W-FBRI,Proposed,alpha,0.2,5,60,0.710243292045158,0.726497895243748,2.0691787501088e-05,1,45,0.0072584
Proposed IT2-W-FBRI,Proposed,alpha,0.2,10,60,0.710250525209382,0.726506290062048,1.79469320046653e-05,1,45,0.0111687
Proposed IT2-W-FBRI,Proposed,alpha,0.2,15,60,0.726080877680058,0.651656714117029,3.4658676281145e-05,1,43,0.0070596
Proposed IT2-W-FBRI,Proposed,alpha,0.2,20,60,0.76952471929162,0.519061637021302,3.36881472917275e-05,1,44,0.0072594
Proposed IT2-W-FBRI,Proposed,alpha,0.2,40,60,0.786541549032227,0.524134528685248,1.59602874024129e-05,1,46,0.0075586
Proposed IT2-W-FBRI,Proposed,alpha,0.3,0,60,0.820227237249155,0.577545885387851,0.576249883920891,1,48,0.0060932
Proposed IT2-W-FBRI,Proposed,alpha,0.3,5,60,0.71024388371266,0.726498527153295,2.28979439609414e-05,1,44,0.0069719
Proposed IT2-W-FBRI,Proposed,alpha,0.3,10,60,0.710354770911173,0.726628045765158,2.02286897485455e-05,1,45,0.0097575
Proposed IT2-W-FBRI,Proposed,alpha,0.3,15,60,0.739460496762177,0.576544098816834,3.93220025942914e-05,1,43,0.0119085
Proposed IT2-W-FBRI,Proposed,alpha,0.3,20,60,0.776933114103968,0.525090586291539,3.83583891562677e-05,1,43,0.0068251
Proposed IT2-W-FBRI,Proposed,alpha,0.3,40,60,0.786542882771865,0.524131348541902,1.82442918957915e-05,1,46,0.0079893
Proposed IT2-W-FBRI,Proposed,alpha,0.4,0,60,0.831073578395161,0.516039529270364,0.719867341217024,1,42,0.0056373
Proposed IT2-W-FBRI,Proposed,alpha,0.4,5,60,0.7102459641764,0.726500902025666,2.52324971707166e-05,1,44,0.0069839
Proposed IT2-W-FBRI,Proposed,alpha,0.4,10,60,0.711834323609947,0.723709513041172,3.24459856171603e-05,1,44,0.0075417
Proposed IT2-W-FBRI,Proposed,alpha,0.4,15,60,0.755057764947764,0.498790446932162,4.445119469798e-05,1,43,0.0074697
Proposed IT2-W-FBRI,Proposed,alpha,0.4,20,60,0.782540947402847,0.527962592701757,4.35125507910443e-05,1,43,0.0069162
Proposed IT2-W-FBRI,Proposed,alpha,0.4,40,60,0.786544014915157,0.524129172085835,2.07877238002417e-05,1,45,0.007356
Proposed IT2-W-FBRI,Proposed,alpha,0.5,0,60,0.83577692897288,0.469963955301054,0.817368393195716,1,42,0.005527
Proposed IT2-W-FBRI,Proposed,alpha,0.5,5,60,0.710322673287827,0.726590471623773,2.76950894613442e-05,1,43,0.0069399
Proposed IT2-W-FBRI,Proposed,alpha,0.5,10,60,0.723400883495735,0.665816707366555,5.18329886648366e-05,1,42,0.0059734
Proposed IT2-W-FBRI,Proposed,alpha,0.5,15,60,0.770618666742066,0.520248598000772,5.00576432131909e-05,1,42,0.0073498
Proposed IT2-W-FBRI,Proposed,alpha,0.5,20,60,0.78539644912594,0.528550835402521,3.44188765417426e-05,1,44,0.0081254
Proposed IT2-W-FBRI,Proposed,alpha,0.5,40,60,0.786545001610053,0.524127784850743,2.35920521763051e-05,1,45,0.0075008
Proposed IT2-W-FBRI,Proposed,alpha,0.6,0,60,0.838704710893612,0.432593985282648,0.891987787209702,1,42,0.0061428
Proposed IT2-W-FBRI,Proposed,alpha,0.6,5,60,0.713807285799758,0.714186651281699,4.32568913102348e-05,1,42,0.0067402
Proposed IT2-W-FBRI,Proposed,alpha,0.6,10,60,0.751564059046198,0.498498783567179,4.03914916633823e-05,1,43,0.0070167
Proposed IT2-W-FBRI,Proposed,alpha,0.6,15,60,0.782069450576541,0.527781718239316,5.612261265614e-05,1,42,0.0069852
Proposed IT2-W-FBRI,Proposed,alpha,0.6,20,60,0.786285066083169,0.52513529651258,2.71138937737721e-05,1,44,0.0070541
Proposed IT2-W-FBRI,Proposed,alpha,0.6,40,60,0.786545885962818,0.524127025721137,2.66658757293279e-05,1,44,0.0072325
Proposed IT2-W-FBRI,Proposed,alpha,0.7,0,60,0.840514678280289,0.406056096607521,0.943559731700618,1,42,0.0063933
Proposed IT2-W-FBRI,Proposed,alpha,0.7,5,60,0.755378288212831,0.499666301944147,0.00132275642812224,1,42,0.0070644
Proposed IT2-W-FBRI,Proposed,alpha,0.7,10,60,0.778761961492277,0.526185516334247,5.76652904745102e-05,1,42,0.006983
Proposed IT2-W-FBRI,Proposed,alpha,0.7,15,60,0.785963068878636,0.526379663003698,3.11273736585456e-05,1,43,0.0073578
Proposed IT2-W-FBRI,Proposed,alpha,0.7,20,60,0.786491963186479,0.524338718329009,3.04039814811686e-05,1,43,0.0070291
Proposed IT2-W-FBRI,Proposed,alpha,0.7,40,60,0.786546700041277,0.524126765464788,3.00008600783441e-05,1,44,0.0075187
Proposed IT2-W-FBRI,Proposed,alpha,0.8,0,60,0.841504078079862,0.390302915807556,0.973683090396936,1,43,0.0056379
Proposed IT2-W-FBRI,Proposed,alpha,0.8,5,60,0.810067854734819,0.5906787436201,0.334583758154977,1,42,0.0070857
Proposed IT2-W-FBRI,Proposed,alpha,0.8,10,60,0.787920437643536,0.534606165870058,0.0220698745763161,1,42,0.0068353
Proposed IT2-W-FBRI,Proposed,alpha,0.8,15,60,0.786609344358718,0.524998236527015,0.00149244409164984,1,43,0.0070386
Proposed IT2-W-FBRI,Proposed,alpha,0.8,20,60,0.786555978113991,0.524276070836287,0.000272730700242257,1,43,0.0069942
Proposed IT2-W-FBRI,Proposed,alpha,0.8,40,60,0.78654880001149,0.524134265225127,5.00198798725014e-05,1,43,0.0070443
Proposed IT2-W-FBRI,Proposed,alpha,0.85,0,60,0.841787348870265,0.385613918087381,0.982582533617071,1,43,0.0055795
Proposed IT2-W-FBRI,Proposed,alpha,0.85,5,60,0.826200720658704,0.571554978686716,0.60405313677138,1,42,0.0068975
Proposed IT2-W-FBRI,Proposed,alpha,0.85,10,60,0.803177224669126,0.57088310385169,0.221140616937521,1,42,0.0106474
Proposed IT2-W-FBRI,Proposed,alpha,0.85,15,60,0.791408969500412,0.541128564561495,0.0613635849887089,1,42,0.0071529
Proposed IT2-W-FBRI,Proposed,alpha,0.85,20,60,0.788101614921612,0.532502145669398,0.0193908044357705,1,42,0.0083156
Proposed IT2-W-FBRI,Proposed,alpha,0.85,40,60,0.786775648771533,0.525385218998138,0.00284578668428634,1,43,0.0072868
Proposed IT2-W-FBRI,Proposed,alpha,0.9,0,60,0.841977407352973,0.382421010816356,0.988625360265293,1,43,0.0057404
Proposed IT2-W-FBRI,Proposed,alpha,0.9,5,60,0.836682137556214,0.460064965807239,0.837588494704535,1,42,0.0070991
Proposed IT2-W-FBRI,Proposed,alpha,0.9,10,60,0.826498245417329,0.569431664368493,0.608811487945882,1,42,0.0071334
Proposed IT2-W-FBRI,Proposed,alpha,0.9,15,60,0.817386196746353,0.60171234653357,0.441426922272025,1,42,0.0090022
Proposed IT2-W-FBRI,Proposed,alpha,0.9,20,60,0.81090268551846,0.588241165426168,0.335716956788304,1,42,0.0084382
Proposed IT2-W-FBRI,Proposed,alpha,0.9,40,60,0.801370193805844,0.566180058457642,0.194693404168034,1,42,0.0094478
Proposed IT2-W-FBRI,Proposed,alpha,1,0,60,0.842183523431617,0.37891553547203,0.99524407590813,1,43,0.0058401
Proposed IT2-W-FBRI,Proposed,alpha,1,5,60,0.842183523431617,0.37891553547203,0.99524407590813,1,43,0.0073501
Proposed IT2-W-FBRI,Proposed,alpha,1,10,60,0.842183523431617,0.37891553547203,0.99524407590813,1,43,0.0073154
Proposed IT2-W-FBRI,Proposed,alpha,1,15,60,0.842183523431617,0.37891553547203,0.99524407590813,1,43,0.0082432
Proposed IT2-W-FBRI,Proposed,alpha,1,20,60,0.842183523431617,0.37891553547203,0.99524407590813,1,43,0.0072028
Proposed IT2-W-FBRI,Proposed,alpha,1,40,60,0.842183523431617,0.37891553547203,0.99524407590813,1,43,0.0070045
Isobe-APP,Convergence SOTA,none,NaN,NaN,60,0.842336121339216,0.376427896525583,0.999952564641605,1,42,0.0037675
RQE,Robust SOTA,rqe_tau,0.5,NaN,60,0.780696964080432,0.623995361596652,0.387079009704162,1,23,0.2335738
RQE,Robust SOTA,rqe_tau,1,NaN,60,0.780728720465605,0.623921374323439,0.387301729845702,1,23,0.2276321
RQE,Robust SOTA,rqe_tau,2,NaN,60,0.780792793851416,0.623769815258096,0.387751753161038,1,23,0.2586794
RQE,Robust SOTA,rqe_tau,5,NaN,60,0.780989036043192,0.623300859175548,0.389135510165119,1,23,0.2515168
RQE,Robust SOTA,rqe_tau,10,NaN,60,0.781325974164723,0.622485422694805,0.39153077557716,1,23,0.2271462
RQE,Robust SOTA,rqe_tau,20,NaN,60,0.782007214689294,0.620797909374105,0.396447004690457,1,24,0.233919
RQE,Robust SOTA,rqe_tau,50,NaN,60,0.783545401272882,0.616723117262019,0.408046575209918,1,24,0.2638434
MF-RQE,Robust SOTA,mfrqe_tau,0.5,NaN,60,0.767040350477553,0.648561266969918,0.305679700496965,1,22,0.2505655
MF-RQE,Robust SOTA,mfrqe_tau,1,NaN,60,0.766169183223148,0.649552362452515,0.30159767495099,1,22,0.2241346
MF-RQE,Robust SOTA,mfrqe_tau,2,NaN,60,0.76445999538104,0.650650133154539,0.293680068763852,1,22,0.2453086
MF-RQE,Robust SOTA,mfrqe_tau,5,NaN,60,0.760025752447381,0.648075097318178,0.273686363205582,1,21,0.1970698
MF-RQE,Robust SOTA,mfrqe_tau,10,NaN,60,0.755761493644031,0.645904214862731,0.255170663561366,1,20,0.2127068
MF-RQE,Robust SOTA,mfrqe_tau,20,NaN,60,0.753469770575278,0.645200612734334,0.245498098235752,1,19,0.2017428
MF-RQE,Robust SOTA,mfrqe_tau,50,NaN,60,0.753083994093352,0.645090770081816,0.243887842033785,1,19,0.1817293
CVaR-game,Robust SOTA,cvar_alpha,0.05,NaN,60,0.710241458549169,0.726495086529622,1.14996634136185e-05,1,28,0.0832962
CVaR-game,Robust SOTA,cvar_alpha,0.1,NaN,60,0.710241458549169,0.726495086529622,1.14996634136185e-05,1,28,0.081014
CVaR-game,Robust SOTA,cvar_alpha,0.2,NaN,60,0.710241458549169,0.726495086529622,1.14996634136185e-05,1,28,0.0921432
CVaR-game,Robust SOTA,cvar_alpha,0.3,NaN,60,0.710241458549169,0.726495086529622,1.14996634136185e-05,1,28,0.1229975
CVaR-game,Robust SOTA,cvar_alpha,0.5,NaN,60,0.842334270272377,0.376417479575257,0.999965501009759,1,28,0.1099059
CVaR-game,Robust SOTA,cvar_alpha,0.7,NaN,60,0.842334270272377,0.376417479575257,0.999965501009759,1,28,0.1018472
CVaR-game,Robust SOTA,cvar_alpha,0.9,NaN,60,0.842334270272377,0.376417479575257,0.999965501009759,1,28,0.1022547
DRNE-VI,Robust SOTA,drne_alpha,0.1,NaN,60,0.826481123090343,0.529327469261665,0.68314808412777,0,300,0.0078621
DRNE-VI,Robust SOTA,drne_alpha,0.3,NaN,60,0.821898576894457,0.559543659544326,0.614740028810854,0,300,0.0076254
DRNE-VI,Robust SOTA,drne_alpha,0.5,NaN,60,0.813843626437559,0.59431536191093,0.527848662315903,0,300,0.0083387
DRNE-VI,Robust SOTA,drne_alpha,0.7,NaN,60,0.792371693365633,0.647040556758248,0.372300867869437,0,300,0.0060016
DRNE-VI,Robust SOTA,drne_alpha,0.9,NaN,60,0.768906216737731,0.636369995750915,0.218513674676503,0,300,0.005914
DRNE-VI,Robust SOTA,drne_alpha,0.95,NaN,60,0.767840450485284,0.635656719956467,0.211739533641091,0,300,0.0035982
Proposed IT2-W-FBRI,Proposed,alpha,0,0,61,0.728447405919104,0.731836467828093,8.94772247867938e-05,1,41,0.0070338
Proposed IT2-W-FBRI,Proposed,alpha,0,5,61,0.728243525908587,0.732157601299185,1.67056921411448e-05,1,46,0.0074358
Proposed IT2-W-FBRI,Proposed,alpha,0,10,61,0.728243983396074,0.732158050749729,1.39726362931468e-05,1,46,0.008878
Proposed IT2-W-FBRI,Proposed,alpha,0,15,61,0.729554513480758,0.729556928609041,2.66573499463925e-05,1,44,0.0072415
Proposed IT2-W-FBRI,Proposed,alpha,0,20,61,0.758858766204186,0.498511926464403,2.5758115950614e-05,1,44,0.0082926
Proposed IT2-W-FBRI,Proposed,alpha,0,40,61,0.782613645360375,0.241097420841222,1.21092741311435e-05,1,46,0.0104662
Proposed IT2-W-FBRI,Proposed,alpha,0.1,0,61,0.729685530892409,0.729719373029363,0.00151740976340475,1,41,0.0055583
Proposed IT2-W-FBRI,Proposed,alpha,0.1,5,61,0.728244145574462,0.732158257986454,1.86251239910404e-05,1,46,0.007532
Proposed IT2-W-FBRI,Proposed,alpha,0.1,10,61,0.728244691534037,0.732158950909375,1.58603046758355e-05,1,46,0.0075256
Proposed IT2-W-FBRI,Proposed,alpha,0.1,15,61,0.732830773840337,0.709427782218187,3.04376996338205e-05,1,44,0.0071782
Proposed IT2-W-FBRI,Proposed,alpha,0.1,20,61,0.764672326373429,0.441747780900315,2.9498974673516e-05,1,44,0.0071881
Proposed IT2-W-FBRI,Proposed,alpha,0.1,40,61,0.782615138797105,0.241083046944372,1.39203975430456e-05,1,46,0.0070268
Proposed IT2-W-FBRI,Proposed,alpha,0.2,0,61,0.745518402230804,0.68954447367546,0.0601391385922198,1,52,0.0068545
Proposed IT2-W-FBRI,Proposed,alpha,0.2,5,61,0.728244700878727,0.732158867296344,2.0691779003927e-05,1,45,0.0076305
Proposed IT2-W-FBRI,Proposed,alpha,0.2,10,61,0.728249878845159,0.732166346545923,1.79469271195544e-05,1,45,0.0111994
Proposed IT2-W-FBRI,Proposed,alpha,0.2,15,61,0.739503803722793,0.659593936676942,3.46500643413981e-05,1,44,0.0074136
Proposed IT2-W-FBRI,Proposed,alpha,0.2,20,61,0.770446508597869,0.382086107977216,3.36881424158841e-05,1,44,0.0100532
Proposed IT2-W-FBRI,Proposed,alpha,0.2,40,61,0.782616374683356,0.241072355039607,1.59602858280426e-05,1,46,0.0075738
Proposed IT2-W-FBRI,Proposed,alpha,0.3,0,61,0.821244568505614,0.578392924302037,0.576249883167548,1,48,0.0062645
Proposed IT2-W-FBRI,Proposed,alpha,0.3,5,61,0.728245260068763,0.732159497921544,2.28979352145327e-05,1,44,0.0075186
Proposed IT2-W-FBRI,Proposed,alpha,0.3,10,61,0.728324091366515,0.732153933619681,2.02286855710796e-05,1,45,0.0077694
Proposed IT2-W-FBRI,Proposed,alpha,0.3,15,61,0.749022078678686,0.58145013146054,3.93219966231072e-05,1,43,0.007233
Proposed IT2-W-FBRI,Proposed,alpha,0.3,20,61,0.775739309484241,0.323484764314933,3.83583844819973e-05,1,43,0.0089475
Proposed IT2-W-FBRI,Proposed,alpha,0.3,40,61,0.782617422751906,0.24106451965786,1.82442906587543e-05,1,46,0.0092184
Proposed IT2-W-FBRI,Proposed,alpha,0.4,0,61,0.831976049848239,0.51783342277806,0.719867341039941,1,42,0.0079115
Proposed IT2-W-FBRI,Proposed,alpha,0.4,5,61,0.728246874400638,0.732161664704511,2.52324909085543e-05,1,44,0.0074975
Proposed IT2-W-FBRI,Proposed,alpha,0.4,10,61,0.729375574094076,0.729279472034855,3.24459812573867e-05,1,44,0.0098265
Proposed IT2-W-FBRI,Proposed,alpha,0.4,15,61,0.760128833649865,0.486645939200262,4.44511906094992e-05,1,43,0.0069793
Proposed IT2-W-FBRI,Proposed,alpha,0.4,20,61,0.77975098994486,0.276064674535087,4.35125478619718e-05,1,43,0.0068789
Proposed IT2-W-FBRI,Proposed,alpha,0.4,40,61,0.782618336719584,0.241058910278094,2.07877234222567e-05,1,45,0.007439
Proposed IT2-W-FBRI,Proposed,alpha,0.5,0,61,0.837097746476038,0.471168820229532,0.817368393181307,1,42,0.0055747
Proposed IT2-W-FBRI,Proposed,alpha,0.5,5,61,0.728301537343277,0.732222349843063,2.76950862053552e-05,1,43,0.0075709
Proposed IT2-W-FBRI,Proposed,alpha,0.5,10,61,0.73759865215493,0.674070538836524,5.18329860424578e-05,1,42,0.0069782
Proposed IT2-W-FBRI,Proposed,alpha,0.5,15,61,0.771228240498884,0.373725933583236,5.0057642885271e-05,1,42,0.0070111
Proposed IT2-W-FBRI,Proposed,alpha,0.5,20,61,0.781796139409173,0.251146665727501,3.44188763124388e-05,1,44,0.0085955
Proposed IT2-W-FBRI,Proposed,alpha,0.5,40,61,0.782619157031002,0.241055036514726,2.35920529881879e-05,1,45,0.007491
Proposed IT2-W-FBRI,Proposed,alpha,0.6,0,61,0.84041808057907,0.43455359550182,0.891987787231044,1,42,0.0070057
Proposed IT2-W-FBRI,Proposed,alpha,0.6,5,61,0.730778485652359,0.724278225230398,4.32568933543328e-05,1,42,0.008412
Proposed IT2-W-FBRI,Proposed,alpha,0.6,10,61,0.757640483846453,0.505103384796203,4.03914937203045e-05,1,43,0.0080318
Proposed IT2-W-FBRI,Proposed,alpha,0.6,15,61,0.779414013238317,0.280183684242129,5.61226173139349e-05,1,42,0.0067352
Proposed IT2-W-FBRI,Proposed,alpha,0.6,20,61,0.782433035293537,0.243353771526153,2.71138965995534e-05,1,44,0.0067631
Proposed IT2-W-FBRI,Proposed,alpha,0.6,40,61,0.782619914743458,0.241052528988993,2.66658797172706e-05,1,44,0.007172
Proposed IT2-W-FBRI,Proposed,alpha,0.7,0,61,0.842505583392539,0.408890099978266,0.943559731742983,1,42,0.0077499
Proposed IT2-W-FBRI,Proposed,alpha,0.7,5,61,0.760395130773842,0.486081677359462,0.00132275639983438,1,42,0.0067869
Proposed IT2-W-FBRI,Proposed,alpha,0.7,10,61,0.777048505877133,0.308370263879618,5.7665301033174e-05,1,42,0.0081172
Proposed IT2-W-FBRI,Proposed,alpha,0.7,15,61,0.782202496076954,0.24619243252832,3.11273819397229e-05,1,43,0.0069498
Proposed IT2-W-FBRI,Proposed,alpha,0.7,20,61,0.782581412266739,0.241534839374461,3.04027226425787e-05,1,44,0.0072839
Proposed IT2-W-FBRI,Proposed,alpha,0.7,40,61,0.78262063270755,0.241051094164896,3.00008667674397e-05,1,44,0.0072945
Proposed IT2-W-FBRI,Proposed,alpha,0.8,0,61,0.843656498965235,0.393631116496444,0.973683090432773,1,43,0.0066829
Proposed IT2-W-FBRI,Proposed,alpha,0.8,5,61,0.808634993653009,0.497338841495028,0.334583758003887,1,42,0.0063198
Proposed IT2-W-FBRI,Proposed,alpha,0.8,10,61,0.784265558819207,0.262160334492171,0.0220698745117867,1,42,0.0060217
Proposed IT2-W-FBRI,Proposed,alpha,0.8,15,61,0.782709687659951,0.24271814584979,0.00149244409932435,1,43,0.0070726
Proposed IT2-W-FBRI,Proposed,alpha,0.8,20,61,0.782634639242035,0.241338338735914,0.000272730712906977,1,43,0.0072319
Proposed IT2-W-FBRI,Proposed,alpha,0.8,40,61,0.782622778346543,0.241063689313333,5.00198943058076e-05,1,43,0.0088802
Proposed IT2-W-FBRI,Proposed,alpha,0.85,0,61,0.843987289037065,0.389092968856209,0.982582533652902,1,43,0.0058287
Proposed IT2-W-FBRI,Proposed,alpha,0.85,5,61,0.826271105216181,0.572772030136859,0.604053136746634,1,42,0.007284
Proposed IT2-W-FBRI,Proposed,alpha,0.85,10,61,0.800808493446018,0.411047342886501,0.221140616874976,1,42,0.0068109
Proposed IT2-W-FBRI,Proposed,alpha,0.85,15,61,0.787925291325566,0.289807702177769,0.0613635849269776,1,42,0.0068075
Proposed IT2-W-FBRI,Proposed,alpha,0.85,20,61,0.784316011710322,0.256570061925185,0.0193908044147791,1,42,0.0068951
Proposed IT2-W-FBRI,Proposed,alpha,0.85,40,61,0.782869714517046,0.243303453348804,0.00284578669754685,1,43,0.0070294
Proposed IT2-W-FBRI,Proposed,alpha,0.9,0,61,0.844209551757597,0.386003751859184,0.988625360300049,1,43,0.0056136
Proposed IT2-W-FBRI,Proposed,alpha,0.9,5,61,0.838091200035019,0.461285596558948,0.837588494727796,1,42,0.0067012
Proposed IT2-W-FBRI,Proposed,alpha,0.9,10,61,0.826583218586858,0.570681904388695,0.60881148794599,1,42,0.0100511
Proposed IT2-W-FBRI,Proposed,alpha,0.9,15,61,0.816440558713567,0.564719848461141,0.441426922266496,1,42,0.0067525
Proposed IT2-W-FBRI,Proposed,alpha,0.9,20,61,0.809278588412004,0.492243369214594,0.335716956785321,1,42,0.0070242
Proposed IT2-W-FBRI,Proposed,alpha,0.9,40,61,0.79880684345774,0.391166528643357,0.194693404190635,1,42,0.0071418
Proposed IT2-W-FBRI,Proposed,alpha,1,0,61,0.844450877264865,0.382613015930144,0.99524407594047,1,43,0.0059805
Proposed IT2-W-FBRI,Proposed,alpha,1,5,61,0.844450877264865,0.382613015930144,0.99524407594047,1,43,0.0069483
Proposed IT2-W-FBRI,Proposed,alpha,1,10,61,0.844450877264865,0.382613015930144,0.99524407594047,1,43,0.0068944
Proposed IT2-W-FBRI,Proposed,alpha,1,15,61,0.844450877264865,0.382613015930144,0.99524407594047,1,43,0.0063
Proposed IT2-W-FBRI,Proposed,alpha,1,20,61,0.844450877264865,0.382613015930144,0.99524407594047,1,43,0.0073216
Proposed IT2-W-FBRI,Proposed,alpha,1,40,61,0.844450877264865,0.382613015930144,0.99524407594047,1,43,0.0073101
Isobe-APP,Convergence SOTA,none,NaN,NaN,61,0.844627884047146,0.380206932671558,0.999952672507461,1,42,0.004924
RQE,Robust SOTA,rqe_tau,0.5,NaN,61,0.782813333906353,0.624532067042175,0.387079009704162,1,23,0.2378947
RQE,Robust SOTA,rqe_tau,1,NaN,61,0.78284509990328,0.624458171890145,0.387301729845702,1,23,0.2437756
RQE,Robust SOTA,rqe_tau,2,NaN,61,0.782909201123133,0.624308744943482,0.387751753161038,1,23,0.2128437
RQE,Robust SOTA,rqe_tau,5,NaN,61,0.783105598104438,0.623848309408861,0.389135510165119,1,23,0.2243727
RQE,Robust SOTA,rqe_tau,10,NaN,61,0.783443045308175,0.623047845365069,0.39153077557716,1,23,0.2719119
RQE,Robust SOTA,rqe_tau,20,NaN,61,0.784126252223491,0.621391910693094,0.396447004690457,1,24,0.2605842
RQE,Robust SOTA,rqe_tau,50,NaN,61,0.785674819561361,0.617397499569681,0.408046575209918,1,24,0.252979
MF-RQE,Robust SOTA,mfrqe_tau,0.5,NaN,61,0.769403928276304,0.649006802463499,0.305679700496965,1,22,0.2264607
MF-RQE,Robust SOTA,mfrqe_tau,1,NaN,61,0.768552695228902,0.649993671271046,0.30159767495099,1,22,0.2221324
MF-RQE,Robust SOTA,mfrqe_tau,2,NaN,61,0.766882398324868,0.651058862956073,0.293680068763852,1,22,0.2432375
MF-RQE,Robust SOTA,mfrqe_tau,5,NaN,61,0.762547357217613,0.650471736790496,0.273686363205582,1,21,0.2035897
MF-RQE,Robust SOTA,mfrqe_tau,10,NaN,61,0.758375683717869,0.64890054895286,0.255170663561366,1,20,0.1934275
MF-RQE,Robust SOTA,mfrqe_tau,20,NaN,61,0.75613226270882,0.648156594904075,0.245498098235752,1,19,0.2017328
MF-RQE,Robust SOTA,mfrqe_tau,50,NaN,61,0.755754536190321,0.647818772142509,0.243887842033785,1,19,0.1924723
CVaR-game,Robust SOTA,cvar_alpha,0.05,NaN,61,0.72824428890709,0.732157149989786,1.14996634136185e-05,1,28,0.0995505
CVaR-game,Robust SOTA,cvar_alpha,0.1,NaN,61,0.72824428890709,0.732157149989786,1.14996634136185e-05,1,28,0.0883304
CVaR-game,Robust SOTA,cvar_alpha,0.2,NaN,61,0.72824428890709,0.732157149989786,1.14996634136185e-05,1,28,0.0889462
CVaR-game,Robust SOTA,cvar_alpha,0.3,NaN,61,0.72824428890709,0.732157149989786,1.14996634136185e-05,1,28,0.0853528
CVaR-game,Robust SOTA,cvar_alpha,0.5,NaN,61,0.84462625032494,0.380197029800866,0.999965501009759,1,28,0.0946718
CVaR-game,Robust SOTA,cvar_alpha,0.7,NaN,61,0.84462625032494,0.380197029800866,0.999965501009759,1,28,0.0870337
CVaR-game,Robust SOTA,cvar_alpha,0.9,NaN,61,0.84462625032494,0.380197029800866,0.999965501009759,1,28,0.0977394
DRNE-VI,Robust SOTA,drne_alpha,0.1,NaN,61,0.82762711557623,0.530814457861915,0.68314808412777,0,300,0.0061791
DRNE-VI,Robust SOTA,drne_alpha,0.3,NaN,61,0.822931092876601,0.560751686871909,0.614740028810854,0,300,0.009892
DRNE-VI,Robust SOTA,drne_alpha,0.5,NaN,61,0.815202543882861,0.594782703412176,0.527848662315903,0,300,0.0059992
DRNE-VI,Robust SOTA,drne_alpha,0.7,NaN,61,0.795986247846423,0.647418770773807,0.372300867869437,0,300,0.0059959
DRNE-VI,Robust SOTA,drne_alpha,0.9,NaN,61,0.775276464165073,0.639728686189033,0.218513674676503,0,300,0.0066259
DRNE-VI,Robust SOTA,drne_alpha,0.95,NaN,61,0.774340619509853,0.639007654327475,0.211739533641091,0,300,0.0052176
